loan_id,no_of_dependents,education,self_employed,income_annum,loan_amount,loan_term,cibil_score,residential_assets_value,commercial_assets_value,luxury_assets_value,bank_asset_value,loan_status
1,3,Not Graduate,No,3652097,23645542,16,673,29334345,14295361,32255271,9314569,Approved
2,4,Not Graduate,No,7492306,10861021,16,734,2316275,16583346,34505127,8799653,Approved
3,2,Not Graduate,Yes,1418284,10822351,6,486,14149448,521777,27484830,10190935,Rejected
4,4,Not Graduate,No,7288727,7365341,8,689,490958,5491199,27216798,11131795,Approved
5,4,Graduate,No,3280202,14162660,4,517,6409401,16480342,33481919,11123603,Rejected
6,1,Not Graduate,Yes,6202874,20071730,4,407,9233747,11468493,35425939,13038186,Rejected
7,2,Not Graduate,Yes,7718933,6387206,8,849,2573431,14160496,25813840,5806451,Approved
8,2,Graduate,Yes,5583182,25903117,12,648,4546869,13147925,37739422,6939007,Approved
9,2,Graduate,No,4888827,29432641,10,821,4220196,6234464,28858445,10788352,Approved
10,4,Not Graduate,No,6717320,5561730,2,325,21831470,12271315,39791200,13192101,Rejected
11,3,Not Graduate,No,5992819,25594448,20,347,6546755,5007321,8361936,4954791,Rejected
12,2,Graduate,No,9210815,787055,2,669,26014468,15786911,18221034,9642077,Approved
13,5,Not Graduate,No,7842139,29330567,12,313,20367582,15654941,37492156,13530797,Rejected
14,4,Not Graduate,No,9230672,13522577,6,486,20950382,4873562,39564409,12267554,Rejected
15,1,Not Graduate,Yes,1065630,1521742,6,823,1587322,6052761,20119546,8809141,Approved
16,3,Not Graduate,Yes,5587691,18341510,14,578,28464720,8423916,22753852,1554304,Rejected
17,5,Graduate,No,4525001,25709050,2,640,14856150,2555862,13897792,9338762,Approved
18,5,Graduate,No,3172881,11593605,2,627,19956967,8867563,32012658,3752948,Approved
19,1,Graduate,No,8301294,14872593,20,324,18571995,14017006,23758481,9410149,Rejected
20,3,Not Graduate,No,9898597,18392913,6,828,25073240,16019843,33598268,3863175,Approved
21,4,Not Graduate,No,8757286,16268345,16,725,24249020,8340290,24873224,6005094,Approved
22,0,Not Graduate,Yes,6011303,1773783,2,328,13084850,9325820,16117637,8121125,Approved
23,3,Not Graduate,Yes,5479947,27184365,20,622,12864126,9257589,6505665,6345553,Approved
24,1,Not Graduate,No,9564532,6865837,8,612,17469160,13241258,16675317,4519115,Approved
25,5,Graduate,Yes,9392397,16778093,18,883,16186409,9166877,24880795,12192935,Approved
26,4,Not Graduate,No,8759531,21008824,8,569,23255556,12565102,33636839,2738615,Rejected
27,3,Not Graduate,No,500406,572803,20,594,24334377,18210703,15863751,13712570,Rejected
28,0,Graduate,No,717961,1634851,16,522,14917013,8441542,34646541,6088788,Rejected
29,0,Not Graduate,Yes,1235598,14454158,14,374,2699392,12018470,30000062,14473938,Rejected
30,2,Graduate,Yes,2711902,27572846,6,401,19322840,3807573,29609414,3825211,Rejected
31,2,Graduate,No,7369158,693695,14,831,22604885,3372840,20451866,14283866,Approved
32,1,Graduate,Yes,3840377,18523889,14,472,7653975,15460272,37867063,13139607,Rejected
33,3,Graduate,Yes,363944,29739501,20,303,3850211,5594088,23463153,14039268,Rejected
34,3,Graduate,No,3222345,4190617,6,778,26475156,12527528,15359996,532082,Approved
35,5,Not Graduate,Yes,3169852,19540832,4,694,3804918,7921884,22495030,5703272,Approved
36,5,Graduate,Yes,8150630,4913417,18,466,20862982,1823899,12356572,992184,Rejected
37,5,Graduate,No,5924827,5215068,2,599,5990742,488830,22331066,336587,Rejected
38,2,Not Graduate,No,7000541,20120499,14,417,10817380,13785460,15463471,2120014,Rejected
39,3,Not Graduate,Yes,4956004,21598953,8,811,135571,5277910,23974120,14853398,Approved
40,3,Graduate,No,1558454,9634473,4,474,8565360,8194414,30524580,4667404,Rejected
41,0,Not Graduate,Yes,7889969,26977562,4,458,25725984,16197745,35006170,4347415,Approved
42,2,Not Graduate,No,4071018,17297345,16,683,3070741,3816647,25119975,7526316,Approved
43,4,Graduate,No,9659412,6449244,14,526,2939025,10694680,31211330,11373908,Rejected
44,2,Graduate,No,6612083,22783611,14,337,2406955,6187941,23733002,8262868,Rejected
45,4,Not Graduate,No,8075639,20679226,10,762,6042178,14062712,39262966,2896836,Approved
46,0,Graduate,Yes,5210281,11313351,20,730,15361555,6698725,31287245,12756318,Approved
47,1,Graduate,No,7898812,4446048,16,403,19556461,13017945,27589463,12870497,Approved
48,3,Not Graduate,No,7007643,22289694,4,492,8727793,6939396,10537234,14597138,Rejected
49,0,Graduate,No,5410558,18757568,4,549,12755561,15049509,26266551,12573895,Rejected
50,3,Graduate,Yes,6159996,5203555,10,312,24085398,8011727,35846313,13383405,Rejected
51,5,Graduate,Yes,2589911,25678054,2,866,8529518,6555775,15222510,12887900,Approved
52,1,Graduate,No,8340210,20620584,12,896,28827529,3148133,23518021,13016318,Approved
53,1,Graduate,No,1926681,6875951,8,854,6678592,1625379,13416691,2294456,Approved
54,0,Not Graduate,No,6754845,3548196,12,687,9747570,12065965,30302693,14738694,Approved
55,1,Not Graduate,No,317408,10044929,14,370,5168257,17456860,37246738,1801165,Rejected
56,4,Graduate,No,836431,28243483,6,870,29445132,8023394,21066703,3805502,Rejected
57,1,Not Graduate,No,3635504,20249654,16,737,5937071,8316213,25678578,8278021,Approved
58,3,Graduate,Yes,9387896,4988362,14,343,5257255,19490452,26878835,14820719,Approved
59,3,Graduate,No,1436541,7255057,2,571,17150146,7685701,32424362,4225630,Approved
60,3,Graduate,No,2236721,20832760,12,313,29047156,15660115,13541905,14218746,Rejected
61,3,Graduate,No,6287494,21599320,14,670,19541362,2506147,36068282,2585341,Approved
62,4,Graduate,No,6363185,29335122,8,411,996429,280570,25600422,4269539,Rejected
63,2,Not Graduate,No,8906406,23855532,4,678,12156202,16184524,24571857,12772550,Approved
64,5,Not Graduate,No,9839830,11758111,20,613,8978268,4617703,35531618,10125295,Approved
65,0,Graduate,Yes,9079391,8567351,18,714,11867690,7537418,14454116,6767427,Approved
66,3,Not Graduate,Yes,5236117,8836394,14,784,14009243,13862610,24873686,1354278,Approved
67,1,Graduate,Yes,1307177,19366099,2,468,24483882,3223396,4475244,14100468,Rejected
68,3,Not Graduate,Yes,9375404,25869970,16,545,5863733,19572539,31660719,2806241,Rejected
69,1,Graduate,Yes,5608520,14356140,6,565,18237940,6375484,16536597,14016726,Rejected
70,5,Not Graduate,Yes,4859014,5848413,8,542,553850,11768386,26930188,12812007,Rejected
71,5,Graduate,No,8270024,8442490,10,599,27459825,5345180,8473584,7322313,Rejected
72,5,Graduate,No,5712460,16093171,2,626,7569245,14702530,19444310,8288314,Approved
73,1,Not Graduate,No,3694585,23355904,12,829,16490377,8841855,19449495,539169,Approved
74,3,Not Graduate,No,2192834,10513929,20,894,23440719,5435502,20426355,10273253,Approved
75,5,Graduate,No,5506175,9217535,12,641,18071431,1189135,27015008,8915235,Approved
76,4,Not Graduate,No,5848734,13864359,4,853,9756677,13686572,21763362,4409012,Approved
77,1,Graduate,Yes,5394914,4413399,20,548,1929341,10299425,16352999,897696,Rejected
78,1,Not Graduate,No,4916302,26874236,12,679,2159838,19036371,17091083,11536709,Approved
79,3,Not Graduate,Yes,2673055,1051399,16,831,12412498,14759284,5302294,10732763,Approved
80,1,Graduate,Yes,1527877,6481906,12,680,12600396,12806268,24402237,13249259,Approved
81,1,Not Graduate,No,7716669,12264293,8,341,7204494,3157094,19552102,6394106,Rejected
82,5,Not Graduate,No,7216812,9355211,8,644,13330316,3919840,25859317,562221,Approved
83,3,Graduate,No,2887328,16262235,18,898,9146228,7502967,27672578,2172270,Approved
84,5,Not Graduate,No,6678623,2504710,12,560,28572891,13472637,18519646,5854967,Rejected
85,5,Graduate,No,2099955,12231695,16,605,5008033,5306698,18798826,8793776,Approved
86,3,Graduate,No,4398811,24854344,16,539,24660524,19771125,39675504,4699112,Rejected
87,0,Graduate,No,6332446,15907231,14,612,10602593,15652691,35591346,10117710,Approved
88,5,Graduate,Yes,872225,19722869,6,740,12798168,11757469,868241,13460337,Approved
89,4,Graduate,No,3710463,16838345,20,432,13734986,17534260,6805372,13906391,Rejected
90,4,Not Graduate,No,3270610,19990175,2,350,22507980,16704910,12720622,4206622,Rejected
91,1,Graduate,Yes,8986301,4560745,10,691,12879294,19721125,15223005,14589140,Approved
92,4,Graduate,No,3932238,13316713,20,822,26230057,8390284,19958950,5001503,Approved
93,1,Not Graduate,No,2172613,25265043,20,807,18984886,4300398,2437316,3652401,Rejected
94,0,Not Graduate,Yes,8506931,12549436,4,653,5027701,4592802,30343915,3711076,Approved
95,3,Not Graduate,No,3535705,15652975,20,694,7462286,1559191,20087207,3981775,Approved
96,3,Graduate,No,5612049,24316000,4,395,330684,2289527,21678296,10439720,Rejected
97,3,Graduate,No,1544091,10721840,14,405,27362944,2106583,38060603,14768085,Rejected
98,4,Graduate,No,604470,25483709,6,812,4900030,1705873,6040190,10330690,Approved
99,0,Not Graduate,No,4529394,12830804,16,857,5048685,19816473,36729136,5310603,Approved
100,4,Graduate,No,991624,8953372,18,541,11004521,1940124,5502638,10307991,Approved
101,4,Not Graduate,Yes,7279903,2350477,16,787,6788017,7041607,22394387,3827360,Approved
102,0,Graduate,No,5288890,27785394,12,814,13943466,7341099,16288037,8343240,Approved
103,0,Not Graduate,No,1801207,13629652,10,360,26051078,19502212,34318710,5788904,Rejected
104,0,Graduate,Yes,5448709,25857268,6,715,23618254,19584743,35692422,12867903,Approved
105,0,Graduate,Yes,3195035,29178800,6,593,15033506,14086512,30828423,5638003,Rejected
106,3,Graduate,No,6403690,27358285,14,601,21773601,7523438,17056451,8403948,Approved
107,2,Not Graduate,Yes,684427,4354567,10,469,25097447,5461004,21171554,6366663,Rejected
108,2,Not Graduate,No,4158905,20928372,12,340,14242110,3356217,33479191,431402,Rejected
109,0,Graduate,No,4283372,7014996,12,530,21605450,10254209,12334203,2602077,Rejected
110,2,Graduate,Yes,1309229,1267208,18,708,23514191,18198359,9060846,5910093,Approved
111,2,Graduate,No,4093623,8301319,2,596,8053537,6094371,12123628,5490639,Rejected
112,0,Not Graduate,No,6391081,23185247,16,754,28869301,15835681,10546782,951498,Approved
113,2,Graduate,Yes,2289884,1422924,20,356,23372315,745746,4521330,11622738,Rejected
114,4,Graduate,Yes,4404099,9549136,10,539,6258724,9219441,16718660,2495836,Rejected
115,1,Graduate,Yes,8509740,26834226,12,897,24925990,3963753,38252532,1428885,Approved
116,1,Graduate,Yes,7473820,11717659,12,475,23070899,2190372,17820068,13123017,Rejected
117,0,Not Graduate,No,5021699,24923750,2,362,15470459,19434346,28809880,3478329,Rejected
118,3,Not Graduate,Yes,6805129,22285040,6,850,21191457,3691842,3857648,14317831,Approved
119,0,Graduate,Yes,6372056,7076192,12,437,19449250,15062448,35090930,9435306,Rejected
120,3,Graduate,Yes,1696030,1870020,18,753,26852424,19189677,889273,880312,Approved
121,1,Not Graduate,Yes,211009,8631320,12,748,1190857,10212599,9098423,882360,Approved
122,0,Not Graduate,Yes,4572472,12971493,12,525,18005143,10281070,7775942,549107,Rejected
123,5,Graduate,No,1923480,25392953,2,742,13821420,18619183,26911959,1073929,Approved
124,4,Not Graduate,Yes,8513264,26139937,18,505,23586200,1877723,25981141,13200784,Rejected
125,2,Not Graduate,No,3899397,15558874,8,326,20362868,19821251,1940549,504598,Approved
126,3,Graduate,Yes,2191367,16043416,4,756,6040908,140631,3581909,7009898,Approved
127,5,Not Graduate,Yes,5769634,15331215,2,406,6971396,13139452,25522173,14866187,Rejected
128,2,Not Graduate,Yes,8918936,12988437,6,743,19367542,1638533,20041118,6458345,Approved
129,2,Graduate,Yes,4609013,25032228,6,335,28685414,5380559,2290666,1485328,Rejected
130,0,Graduate,Yes,2908668,17320388,10,896,28362800,7940959,38198677,12934946,Approved
131,2,Not Graduate,Yes,5253679,9480638,2,454,10681979,7990462,37152604,5066182,Rejected
132,4,Graduate,Yes,1200294,29995883,14,468,6251039,19821730,25827846,2136314,Rejected
133,5,Not Graduate,Yes,5858307,25585922,2,571,20264142,4666428,35044066,12801602,Rejected
134,2,Graduate,No,9535592,12968957,8,846,5255805,17273860,39753491,4575632,Approved
135,0,Not Graduate,Yes,8374244,18899279,12,719,27787620,10152395,27414453,1155478,Approved
136,4,Graduate,No,2485362,25026981,2,483,20256311,11853016,22987946,13489991,Approved
137,1,Not Graduate,Yes,3042894,16739758,14,536,5500442,17468514,20879246,1329022,Rejected
138,5,Not Graduate,No,8765873,17635118,20,808,20990657,8858279,20436956,2750580,Approved
139,2,Not Graduate,Yes,8060791,7263068,14,740,10298781,4815808,30694736,3438517,Rejected
140,0,Graduate,Yes,3236773,29005743,6,421,17186711,1950291,14923675,11997021,Rejected
141,1,Graduate,Yes,4584432,466099,8,716,16863825,19905759,34559068,10637490,Approved
142,1,Not Graduate,No,1890792,22005228,12,834,1063360,3598662,1657567,1375405,Approved
143,3,Not Graduate,No,1831570,21615563,14,674,2584346,16223581,10448062,228996,Approved
144,4,Graduate,No,4973598,7179981,8,874,20599917,18086266,10351257,1445266,Approved
145,2,Graduate,No,1860102,25521918,20,625,23072986,5455791,20644488,10471692,Approved
146,0,Graduate,Yes,1711710,10419935,18,779,22588210,493798,19479498,4212305,Approved
147,3,Graduate,Yes,7476281,22405180,18,449,3219599,6505612,7747395,8022877,Rejected
148,4,Graduate,Yes,9420838,12625186,18,891,28931346,5812988,35476385,14308982,Approved
149,3,Graduate,No,1016609,21770920,20,789,13590661,6389691,33294531,2340729,Approved
150,5,Not Graduate,Yes,4784470,15734890,12,452,12248171,7565360,23342340,8545226,Rejected
151,4,Graduate,No,7007087,5995882,4,316,25207330,14692842,821072,3726294,Approved
152,4,Not Graduate,No,4262316,15920184,4,850,14412134,957644,22888011,9510795,Rejected
153,2,Graduate,No,5787239,22728821,8,647,2339615,13718936,4206825,3420587,Approved
154,4,Graduate,No,1855464,29815241,18,758,23457815,11192726,6072449,14487392,Approved
155,3,Not Graduate,No,9995427,5430605,6,501,12553858,2602034,38258827,14663569,Rejected
156,4,Not Graduate,Yes,8577114,24595176,12,722,29997368,7432366,38688235,14973761,Approved
157,2,Graduate,No,8556164,4404979,4,579,7652880,18812640,23048102,9152011,Rejected
158,2,Not Graduate,No,1078835,29554394,2,721,3201454,19982815,4847295,14945266,Approved
159,5,Not Graduate,Yes,9212186,22391476,10,899,29872626,12271838,12469568,1732710,Approved
160,3,Not Graduate,No,7756142,14761065,16,764,14605915,1995020,37444019,5735206,Approved
161,1,Not Graduate,No,3477560,3056181,20,654,18550431,10777494,34338020,6704992,Approved
162,1,Graduate,Yes,3369870,5558076,20,881,809714,9924992,27024595,13261873,Approved
163,4,Not Graduate,Yes,5288268,23303646,4,677,20040886,14747209,1487961,5054503,Rejected
164,5,Graduate,Yes,7479995,15404008,20,423,8418474,4877530,21124417,11247864,Approved
165,0,Graduate,No,6622892,12979420,18,379,8490330,13403335,21798807,11422582,Rejected
166,4,Graduate,Yes,2579093,8071391,16,856,17307252,19293522,34349335,10100732,Approved
167,5,Graduate,Yes,5680283,29450724,6,532,2133267,5057215,35912105,5658784,Rejected
168,3,Not Graduate,Yes,2960451,17893703,2,779,20808001,7739058,9615753,12264430,Approved
169,3,Not Graduate,No,9285997,24573802,8,453,27319046,18143536,27292571,5084206,Rejected
170,3,Graduate,Yes,6569553,6534548,16,708,20974994,16028489,18667465,14418491,Approved
171,3,Graduate,No,6632975,3828489,6,330,7373990,16209524,8856826,8319811,Rejected
172,3,Graduate,No,4441244,21312992,20,896,21662027,13959905,29929259,1677065,Approved
173,5,Graduate,Yes,4104840,9709533,4,856,20917151,9523540,8807542,5423743,Approved
174,5,Not Graduate,No,4020730,10541909,14,802,4705914,3860213,21649773,13976781,Approved
175,2,Graduate,No,3048411,21372166,8,670,19950431,16433681,681793,6943084,Approved
176,1,Not Graduate,Yes,3544443,12698587,12,622,10501393,11743265,23308784,13827398,Approved
177,3,Graduate,No,9645112,25159117,10,631,8442038,2874341,12832869,6790085,Approved
178,0,Graduate,Yes,2644149,16833956,4,542,19394053,19178676,34494138,8528808,Rejected
179,5,Graduate,No,7130358,13849872,20,851,15640537,13109186,17854759,4747699,Approved
180,0,Graduate,No,2414669,18004021,4,729,24322995,5805761,3216384,8510963,Approved
181,0,Not Graduate,Yes,7696121,19681876,18,481,18979860,12879039,23009794,9888685,Rejected
182,0,Not Graduate,Yes,2154702,5694181,20,772,23578715,13085392,32649584,14636509,Approved
183,2,Not Graduate,No,9688077,9757503,4,675,10702119,5758829,23577101,1276787,Rejected
184,5,Graduate,No,9775779,18555791,16,380,12841476,19879590,35247863,12628802,Rejected
185,0,Graduate,Yes,3133361,8074410,16,849,15504226,6192373,15764984,1081814,Rejected
186,3,Not Graduate,No,621655,20902697,2,719,20013985,7649063,21233666,11408588,Approved
187,4,Not Graduate,No,5523940,6328462,2,766,6593973,522962,18257209,293428,Approved
188,0,Graduate,No,999717,8440134,8,727,20691173,15477739,22909402,6966664,Approved
189,2,Graduate,No,5847069,7117718,4,356,13622279,12909453,25458833,2439892,Rejected
190,5,Not Graduate,Yes,2682266,11398657,2,621,3438787,12404058,13980565,4201352,Rejected
191,2,Graduate,Yes,1121806,6161598,18,841,9009931,10151984,17573860,6361589,Approved
192,0,Graduate,Yes,5165440,9591979,6,794,19935927,15214191,23551379,12992842,Approved
193,5,Not Graduate,Yes,9379651,8397714,2,565,6595883,7530168,27337806,5735070,Rejected
194,4,Graduate,Yes,8073692,22490379,4,526,25557104,10922196,11615387,4705445,Rejected
195,0,Not Graduate,Yes,1393728,17611759,16,353,15581333,18691588,7896765,408150,Rejected
196,2,Graduate,No,5261354,12786757,10,303,18432498,16485207,7455992,7245515,Approved
197,1,Not Graduate,Yes,7111957,1460706,14,738,2272744,7297702,32471607,4894051,Approved
198,3,Graduate,No,1704329,9449313,12,609,25659755,12911486,3477858,6601891,Approved
199,2,Not Graduate,No,1977850,13643731,2,388,15976987,5921047,29784090,1523992,Rejected
200,5,Not Graduate,No,6886269,16166180,12,619,15848831,18053543,24365842,517342,Approved
201,0,Not Graduate,Yes,735888,4087338,14,674,15779988,7520618,14136529,12622230,Approved
202,3,Not Graduate,No,7357303,20801464,8,800,6836464,15541997,10512078,1993082,Approved
203,0,Graduate,Yes,4118446,3499458,16,533,29702198,19987761,34536438,14686809,Rejected
204,5,Graduate,No,7171631,26517826,16,636,29191145,18183884,19561805,5610581,Approved
205,0,Not Graduate,No,2402888,21937589,14,870,14526814,8027621,27541359,11376624,Approved
206,1,Graduate,Yes,6903562,19896900,4,484,20893629,5415225,21742914,8107398,Rejected
207,3,Graduate,No,2752192,10815093,12,737,1756978,3032746,31787484,9960389,Approved
208,3,Graduate,No,8724405,15352918,12,855,11657657,8641281,34211192,551259,Approved
209,5,Graduate,No,1924620,11458815,14,479,27995769,14824510,26453202,5711315,Rejected
210,1,Graduate,No,5369719,29833346,12,375,649247,14201892,12684097,1710652,Rejected
211,2,Not Graduate,Yes,5030165,21548428,4,571,4288170,1048399,22652304,11424358,Rejected
212,0,Not Graduate,No,6766692,15126292,16,354,15183795,19213850,7478731,11661223,Approved
213,4,Not Graduate,No,558062,27533927,8,376,10005013,2409437,10684018,13098760,Rejected
214,0,Not Graduate,Yes,7448730,14149471,18,595,29445335,16338528,1352522,3100288,Rejected
215,0,Graduate,No,2277645,348595,16,518,2786636,18491807,12450973,13694018,Rejected
216,2,Graduate,No,1601471,10440969,6,576,23845475,3974024,24648141,12225137,Rejected
217,0,Not Graduate,No,4979897,8068737,6,877,26499022,5642506,37264284,10363418,Approved
218,1,Graduate,No,1916548,8294563,16,565,1093483,9890788,25291246,5376906,Rejected
219,1,Graduate,Yes,5152505,2376881,4,342,17045496,8081309,34432630,13972911,Rejected
220,3,Not Graduate,No,9606751,7579602,18,660,14912919,13873895,23766228,8178609,Approved
221,5,Graduate,Yes,4300321,6596195,8,527,16431577,5040687,23273694,2535002,Rejected
222,4,Not Graduate,No,2297711,22407347,12,526,1119925,10999645,36585863,8299397,Rejected
223,0,Not Graduate,No,6295561,15464217,6,362,24879590,3032891,3456327,6889848,Rejected
224,0,Graduate,No,237361,17797416,6,470,24580279,13709887,12054746,1529537,Rejected
225,2,Graduate,Yes,3098845,9328879,6,606,5582177,14003893,16365668,2882595,Approved
226,5,Not Graduate,No,8346836,29025081,20,867,17349375,10159695,34921025,13995364,Approved
227,1,Not Graduate,No,3663227,26862085,4,333,377460,8333654,7863785,7816340,Rejected
228,4,Graduate,Yes,8293068,9526371,16,429,2178140,12675786,12888918,10981918,Rejected
229,3,Not Graduate,Yes,2657856,12437210,18,693,13690790,327590,18308489,2781293,Approved
230,1,Not Graduate,Yes,1961856,19693516,16,450,10023143,7621006,9831651,6637664,Rejected
231,5,Not Graduate,Yes,2541102,1278152,20,683,29947282,7834864,38448615,10420700,Approved
232,3,Graduate,No,200037,21081285,6,316,18386974,12590926,5799416,8190669,Rejected
233,2,Not Graduate,No,9210139,3623700,14,893,14376133,19067171,27626170,9705524,Approved
234,2,Graduate,No,6451936,2207154,20,313,14885428,4892725,4503374,419820,Rejected
235,0,Not Graduate,No,853668,10321325,4,380,17917991,19729552,32203921,3661461,Rejected
236,5,Graduate,Yes,3604158,18723614,8,506,13996568,4673109,32959892,1736591,Rejected
237,4,Not Graduate,No,2856040,19149876,12,503,24032504,7678934,22694330,14351261,Rejected
238,3,Graduate,No,903645,22378542,10,678,846011,18500060,28438054,13236099,Rejected
239,1,Graduate,No,5111672,17354914,18,843,28486395,159765,18145050,7160346,Approved
240,5,Graduate,No,8415984,3232196,20,322,11903189,14507338,4041142,10402024,Rejected
241,5,Not Graduate,Yes,8331631,23414292,8,461,16579390,18756899,23774352,8706432,Rejected
242,2,Not Graduate,No,9894535,9019537,10,443,13707795,11744284,37938194,13302942,Rejected
243,0,Not Graduate,No,2821872,28838477,8,403,22402947,14305193,30350140,12187893,Rejected
244,0,Graduate,No,793975,23601197,16,681,8003704,1071263,39373259,10729051,Approved
245,3,Not Graduate,Yes,5252683,20300712,16,754,11407379,10841637,13641700,5427574,Approved
246,2,Graduate,Yes,4183063,20032910,6,716,26356936,12455288,35610042,11693379,Approved
247,5,Not Graduate,No,2482373,19194790,2,623,19353284,670038,10949808,8645669,Approved
248,4,Graduate,No,3040152,10585460,12,470,9813573,19568543,15784004,10126735,Approved
249,2,Graduate,No,7727872,27327662,4,875,12532050,19425133,10511425,14429254,Approved
250,3,Graduate,Yes,2750552,28002387,4,882,11330027,8191610,33028639,14096956,Approved
251,3,Not Graduate,No,9440832,13178433,6,573,14244548,2155285,38281125,4518970,Rejected
252,2,Not Graduate,No,2592735,14071815,16,751,26689284,9676118,6978687,4681015,Approved
253,3,Not Graduate,No,7704361,11344672,6,424,132286,14196419,23861864,10602590,Rejected
254,2,Graduate,Yes,7514153,9542143,14,682,13687645,18709324,39722649,2618418,Approved
255,1,Graduate,No,5618626,6287641,20,616,14945439,17741407,37760553,8128256,Rejected
256,2,Not Graduate,No,9950576,10898706,20,406,22862129,6470521,1963434,3346458,Rejected
257,2,Not Graduate,Yes,3822546,13688164,18,762,27535097,252572,19480699,643929,Approved
258,3,Not Graduate,Yes,6196522,16477053,16,729,443045,4697639,8795361,8322375,Approved
259,3,Graduate,No,3806940,14765941,2,636,28598824,11690486,18168919,2603923,Approved
260,0,Graduate,Yes,6135537,16214579,14,795,26655530,4260012,2524959,8182038,Rejected
261,0,Graduate,No,3800200,6446502,14,661,23238398,8643977,24803454,254307,Approved
262,1,Graduate,Yes,759031,22109990,16,731,13061398,2234487,2649096,1517718,Approved
263,0,Graduate,Yes,6691280,27071953,20,819,9711117,17575269,37231187,8398493,Approved
264,2,Not Graduate,No,2901243,13722001,10,705,15479063,42369,37323612,1910496,Rejected
265,3,Graduate,No,5644003,1505313,20,676,16639009,17374096,38737968,5011265,Approved
266,0,Graduate,No,4635728,11013070,18,451,4484890,9759595,5583933,4751934,Rejected
267,0,Graduate,Yes,8794992,29105581,18,621,13149116,5854041,14824472,3858650,Approved
268,1,Graduate,No,6742155,4461502,16,513,6776845,19785590,3714919,2080185,Rejected
269,5,Graduate,No,7365371,4263121,12,875,10851864,9551166,22348356,11946293,Approved
270,1,Not Graduate,No,4335554,4635484,12,364,4596050,18284804,549028,816193,Rejected
271,2,Graduate,No,3188088,24861869,2,569,14220425,12715336,29913573,10922112,Rejected
272,3,Graduate,No,1179907,3786788,12,836,1814500,18617467,16560628,8912152,Approved
273,1,Graduate,Yes,413968,12600426,8,399,15614006,5419285,25715935,556972,Rejected
274,0,Not Graduate,No,8883565,19550599,8,404,27105923,4253788,4902382,3613055,Rejected
275,3,Not Graduate,No,2101737,17208228,4,430,2705574,13943606,32075703,4200662,Rejected
276,3,Not Graduate,Yes,5185248,25264700,8,688,10123807,10319999,4611492,922461,Approved
277,0,Graduate,No,6609363,9166186,10,620,22543831,10551462,16400594,8095797,Approved
278,1,Not Graduate,No,2502743,13308324,10,737,10649324,3560254,3180997,2593928,Approved
279,0,Graduate,No,4788156,24167184,10,318,22249353,3780843,34508566,4305879,Rejected
280,5,Graduate,No,1185461,24536597,8,524,2312669,10372127,33149116,8172787,Rejected
281,3,Not Graduate,No,6031759,7051775,2,865,24277225,7868606,28560077,1244724,Approved
282,4,Graduate,Yes,5910912,12896963,20,759,5972099,13049673,6147539,8332624,Approved
283,4,Graduate,Yes,2006423,6829806,16,693,1082479,4525991,17918360,1452797,Approved
284,2,Graduate,Yes,2150408,9038770,6,525,18376622,6568592,18070883,6680613,Rejected
285,0,Not Graduate,No,9216523,19629663,4,659,28157396,5308063,37767297,3383490,Approved
286,0,Graduate,Yes,3794128,21597109,18,729,25000052,16922878,18114840,14998387,Approved
287,2,Graduate,No,9765565,18245953,14,314,23453890,19741974,3870883,11302173,Rejected
288,2,Not Graduate,No,8306584,15525040,18,859,16636270,16168635,20274771,7820304,Rejected
289,2,Graduate,No,1606427,28628843,4,845,17394319,2843596,32522496,11510445,Approved
290,3,Graduate,Yes,3689550,28375672,18,713,15642541,4431569,25693709,1310953,Approved
291,5,Not Graduate,Yes,7089053,4578903,20,654,20703484,2056297,38827825,6137043,Approved
292,0,Graduate,Yes,4095090,28022448,18,756,27935332,10987076,35279058,2298377,Approved
293,3,Graduate,No,2965013,11953513,18,830,23803929,18845887,31096246,11215726,Approved
294,2,Graduate,Yes,6362492,18429086,20,495,7417777,13923871,957323,13659591,Rejected
295,0,Graduate,No,8624990,3435160,20,414,1322322,17529006,13469624,14218954,Rejected
296,3,Graduate,Yes,7238170,4286321,8,716,16155936,406138,1618244,6595087,Approved
297,5,Not Graduate,Yes,1062219,8389681,20,651,1796380,3667931,19078371,5577817,Approved
298,3,Not Graduate,No,8534750,15149132,6,374,19144378,8449239,13901213,13048994,Rejected
299,5,Not Graduate,No,1918303,22152831,12,335,14029023,15733796,25306639,12683822,Rejected
300,2,Not Graduate,Yes,9863464,7250669,6,541,13554042,10272921,7613590,3414270,Rejected
301,5,Graduate,Yes,4001082,9778391,18,362,14107512,19015093,13995909,3555213,Rejected
302,0,Graduate,Yes,3546668,6255343,6,808,26432840,6023932,5216763,10673478,Approved
303,2,Graduate,No,6896674,14908369,4,487,23062836,6981603,1571099,3302578,Rejected
304,0,Graduate,No,3405677,14454489,16,392,27793325,9593929,25108983,260462,Rejected
305,4,Graduate,Yes,2706068,1780913,12,304,9220883,13778715,17076073,14582149,Approved
306,1,Not Graduate,Yes,683075,21486447,16,737,27891604,8470344,29223492,9338931,Approved
307,5,Not Graduate,No,8326198,25400102,14,465,5413171,1761428,36339514,11220853,Rejected
308,1,Graduate,Yes,8915978,9331329,6,745,23217403,15871481,9558068,5740134,Approved
309,1,Graduate,No,5651731,17158313,16,324,7104244,4233225,6711626,7075031,Approved
310,5,Graduate,No,7699043,22483172,20,807,6182134,15092355,11308626,5439981,Approved
311,2,Not Graduate,No,6946037,23427618,2,397,18754090,6826045,4144998,4248597,Approved
312,4,Graduate,No,9421750,19053298,2,567,12010775,7726974,29488630,3681960,Rejected
313,0,Graduate,No,4673214,23355660,20,692,22859251,4904665,3298526,8117638,Approved
314,3,Graduate,No,3882796,20286155,16,895,23003319,17218791,31811985,5523256,Approved
315,0,Not Graduate,Yes,9431261,28724354,18,584,24319510,7657295,7638200,118862,Rejected
316,3,Graduate,No,8051746,27939429,20,408,15535864,17317851,20530588,12871810,Rejected
317,0,Not Graduate,No,8041640,4637229,12,326,1913028,5888527,9956744,5949392,Rejected
318,5,Not Graduate,Yes,8940245,10726691,10,354,29239797,16799269,13482508,968250,Rejected
319,4,Not Graduate,No,8766554,14284940,4,432,24183326,6228412,24665004,9404347,Rejected
320,3,Not Graduate,Yes,5337956,26526385,18,351,1353783,12379218,30891769,3117175,Rejected
321,2,Not Graduate,No,5474413,11499772,12,792,27319214,5648400,27268267,6659712,Approved
322,0,Not Graduate,Yes,7924578,5052034,16,597,13084843,4823408,22615832,3639936,Rejected
323,0,Graduate,Yes,1064899,19335763,18,698,22076557,19250059,7445728,7696221,Approved
324,3,Graduate,No,8852111,28956613,18,890,13132030,10854982,18148913,8756399,Approved
325,2,Graduate,No,6610575,27813487,16,317,1249930,15569150,23203993,1388703,Rejected
326,2,Not Graduate,No,2518292,25183351,20,858,20250814,15526420,33258612,1243126,Approved
327,5,Graduate,No,2226393,25517266,16,545,18276948,5371271,35866004,5743693,Rejected
328,5,Not Graduate,Yes,7822520,3520690,6,802,16683005,8331583,5074069,14379370,Approved
329,5,Not Graduate,Yes,2579897,18197271,6,388,27665800,14897371,13172573,7032141,Rejected
330,5,Not Graduate,Yes,1494416,14233059,4,502,11858419,9065146,25802551,6324551,Approved
331,5,Graduate,No,2185196,417152,2,539,4679655,16401821,39225691,6186482,Rejected
332,5,Not Graduate,Yes,8252377,29007585,8,789,29519307,8913610,11134043,2878145,Approved
333,4,Not Graduate,No,7903189,21770028,4,312,986045,16768787,31821319,4180086,Rejected
334,2,Graduate,No,1760121,7696477,4,614,17179330,1293041,14138286,1791017,Approved
335,5,Graduate,Yes,6078263,29725849,10,497,27305140,7684504,22013036,747908,Rejected
336,2,Not Graduate,No,643035,16951132,8,542,21076238,18988680,14298299,3156128,Rejected
337,2,Not Graduate,Yes,3299072,14390924,2,806,6811783,2694322,39003668,6239201,Approved
338,1,Graduate,No,6850723,25691965,18,342,26222046,6659942,16670576,10967826,Approved
339,4,Graduate,Yes,8549092,13706497,8,629,19312281,9068092,37295005,6067061,Approved
340,5,Graduate,No,5400551,27283773,10,890,8044027,19357168,1749928,12236189,Approved
341,0,Not Graduate,Yes,9277925,29519442,14,728,27504774,13718439,37240663,9484494,Approved
342,3,Graduate,Yes,7947156,6170517,4,461,11988784,2376807,32233972,5602129,Rejected
343,0,Graduate,No,4752636,21475831,16,734,21857451,6870332,7423869,7945588,Approved
344,4,Graduate,No,951240,12272207,4,532,17418643,17015490,25796766,6596615,Approved
345,3,Not Graduate,Yes,4515596,709003,20,410,13993617,2174719,6960381,11077564,Rejected
346,4,Graduate,No,6975996,19210944,10,531,12355377,14822351,22070339,3240852,Rejected
347,2,Graduate,No,1195791,25322504,4,572,10705564,15963316,19661215,9737069,Approved
348,3,Graduate,No,2160299,15857040,4,897,13251982,1442970,7936998,1691879,Approved
349,2,Graduate,Yes,5279111,10538985,8,340,23712918,3344742,28862485,4457461,Rejected
350,0,Graduate,Yes,8102634,21577887,8,859,6614267,17910519,29265946,11825526,Approved
351,0,Not Graduate,No,3053501,12357042,16,765,16505307,5615780,18910555,8248327,Approved
352,3,Not Graduate,No,6482444,11721446,12,376,14749154,17255116,37535136,5631122,Rejected
353,3,Not Graduate,Yes,5813904,15070770,20,789,22451374,6584746,9693668,4733740,Approved
354,5,Graduate,No,2659622,28321143,16,416,15580079,9953492,28044487,1294943,Rejected
355,4,Not Graduate,Yes,2097459,16895726,14,733,26558645,16721820,19648267,9968955,Approved
356,5,Not Graduate,No,4440012,12220232,20,318,1952021,12243709,33748502,9825149,Approved
357,4,Not Graduate,No,1415442,29925833,8,870,11420176,3627164,38917121,11131881,Approved
358,5,Graduate,No,5764396,3560054,4,495,17117950,3230794,15840311,3299718,Rejected
359,2,Graduate,Yes,8103797,13442899,18,750,17896542,2316722,14716451,9890856,Approved
360,3,Not Graduate,Yes,2780309,11136931,4,724,15425598,6685873,34103780,13608965,Approved
361,0,Not Graduate,Yes,6625148,13409699,2,693,3217312,13707035,6892588,5692992,Approved
362,4,Graduate,Yes,7249985,23859876,16,583,2373098,4950857,11186356,10475207,Rejected
363,4,Graduate,No,7706161,17813448,20,333,28016374,9683588,36760261,10187301,Rejected
364,0,Not Graduate,No,5351946,21825803,18,594,9021992,1832572,26470270,3030960,Rejected
365,5,Graduate,Yes,7226206,29995510,2,550,3447891,469303,28301503,5391427,Rejected
366,4,Not Graduate,No,4447328,2068487,14,638,13174383,9289048,35645718,9409253,Approved
367,2,Graduate,No,1651469,26851332,4,739,12366041,18813152,9827928,242140,Approved
368,3,Not Graduate,Yes,3500874,22352476,12,479,1110405,17632272,2886351,11993358,Rejected
369,0,Not Graduate,No,4936416,14865898,10,527,27215627,41456,6011494,3037289,Rejected
370,3,Graduate,No,4263997,1519702,2,322,7727794,16230368,39648453,7061072,Rejected
371,4,Not Graduate,Yes,8502975,24671210,4,626,15002636,14264160,38767307,3440521,Approved
372,4,Not Graduate,No,6326463,16929964,4,453,19508524,2542902,35028089,14944100,Rejected
373,0,Not Graduate,No,8637534,12479789,20,445,21355546,18980597,4400779,7294450,Rejected
374,2,Graduate,No,5610812,9599835,20,551,22533951,4835528,13329313,13213030,Rejected
375,1,Graduate,Yes,7352765,20974520,12,601,19666691,4900367,19920652,10863772,Approved
376,0,Graduate,Yes,6307182,16905885,2,369,5711784,9472399,24350056,9150647,Rejected
377,1,Not Graduate,No,6212621,12034834,8,842,7280013,6641164,5653786,7939538,Approved
378,5,Graduate,No,3951387,27651659,20,392,7827853,14133588,9836111,5328690,Approved
379,1,Not Graduate,No,2979060,18846603,10,462,6551998,5365064,6852858,14713053,Rejected
380,2,Not Graduate,Yes,683791,20827121,4,380,16423642,11004862,28974955,7373538,Rejected
381,5,Graduate,Yes,2358714,23863465,4,887,11829078,16425078,29727810,4249277,Approved
382,1,Graduate,Yes,9384874,12916582,14,362,16504353,13272756,36602543,4832581,Rejected
383,5,Not Graduate,No,2822280,14552475,14,735,27270092,349001,31270608,11888677,Rejected
384,1,Not Graduate,No,4425872,10356299,12,347,10881279,19643764,11085659,8204814,Rejected
385,2,Graduate,No,9249867,6417197,2,744,19307722,11110024,9420882,4417154,Approved
386,1,Graduate,No,9198934,18079150,6,373,7959553,13280434,32342686,10117173,Rejected
387,1,Graduate,No,1445749,25269423,18,841,21749152,2557359,10802298,14105368,Approved
388,1,Not Graduate,Yes,9544885,9665697,20,456,19913588,5191375,23161201,2417322,Rejected
389,0,Not Graduate,No,2426941,5108029,2,786,1499996,14660528,30689370,901351,Rejected
390,0,Not Graduate,No,1618180,28689085,4,565,3072290,5593489,5664441,3155962,Rejected
391,0,Not Graduate,No,8663331,19477233,16,555,10751994,12811657,13232374,1262492,Approved
392,2,Not Graduate,Yes,6433146,9811646,14,338,23114187,19438450,5983019,766396,Rejected
393,5,Graduate,No,7254499,8406411,18,354,18523686,3259470,23870344,10954518,Rejected
394,4,Graduate,Yes,8437881,19239567,20,327,5765568,7143182,33244142,13952534,Rejected
395,1,Not Graduate,Yes,3218967,745452,8,417,3435304,2592650,34765006,645287,Rejected
396,1,Not Graduate,Yes,3926904,1755443,8,669,7035581,11509877,12465200,14707574,Approved
397,2,Graduate,Yes,992515,16490320,14,508,20209457,9899310,8785051,7679727,Rejected
398,1,Graduate,Yes,6110838,22224913,2,886,7810519,15342197,12474810,5197890,Approved
399,0,Graduate,No,1593196,27367618,20,876,2258553,18757501,18699757,14821607,Approved
400,4,Graduate,No,1235211,5828790,18,857,5663859,12685028,24776346,13455719,Approved
401,3,Not Graduate,Yes,2389568,26848009,4,615,16846469,8444051,18867062,2133324,Approved
402,1,Graduate,Yes,4134740,1490688,2,692,23487752,16992405,31358948,3038144,Approved
403,0,Not Graduate,Yes,847122,29155205,14,743,2152598,6214447,28194177,9166756,Approved
404,3,Graduate,No,3982164,15232898,12,558,23331262,8386815,31935678,6209117,Approved
405,4,Graduate,No,1961331,24844306,6,497,26530407,7387151,34126639,5988932,Rejected
406,3,Graduate,Yes,2077329,25787139,2,744,21257054,8077504,3144524,7404213,Approved
407,0,Not Graduate,No,3092970,18345052,10,869,26179702,6818514,17125306,8903045,Approved
408,5,Not Graduate,No,515315,3398771,20,881,20705617,1242185,16533689,7416127,Approved
409,5,Graduate,Yes,8739202,18706134,8,604,9927672,13806868,38789638,6554285,Approved
410,3,Not Graduate,Yes,9309500,24855719,10,638,29214094,1348668,10776508,10907019,Approved
411,2,Not Graduate,No,6976432,28004423,2,828,14683808,113612,29739920,13386547,Rejected
412,3,Graduate,No,4159015,7438298,2,353,21919501,17220534,1465618,10538293,Rejected
413,1,Graduate,No,2414979,29223711,10,411,6348273,18484758,25775774,10432189,Rejected
414,1,Not Graduate,Yes,3605851,14671551,12,718,17794482,17381718,25141579,4149333,Rejected
415,5,Not Graduate,Yes,7554292,2270972,10,604,29226514,13891978,10632844,1781056,Approved
416,2,Not Graduate,Yes,396211,19607718,4,737,14518813,13478158,8257724,4580772,Approved
417,0,Graduate,No,2036082,6081441,18,384,7306633,13367162,19926156,9849933,Rejected
418,1,Graduate,No,2437699,25817588,10,823,4942559,146083,12683774,2815804,Approved
419,5,Not Graduate,Yes,4658434,23690789,10,551,27867539,17661531,14151329,4448472,Rejected
420,4,Graduate,No,2013065,12090235,20,425,21884837,5301146,26774693,8147534,Approved
421,5,Graduate,Yes,5157161,29077903,18,704,24261808,7307661,17897971,2292136,Approved
422,1,Not Graduate,No,7595511,10277641,6,603,1162189,16526178,18812505,5587598,Approved
423,1,Not Graduate,Yes,4787281,18046147,10,327,27311756,11031834,27729953,3322714,Rejected
424,5,Graduate,No,5707200,20092991,10,565,1285735,5168660,31258274,7668232,Approved
425,0,Graduate,No,8965940,12824780,4,351,26743317,12918973,28257491,2253850,Approved
426,3,Not Graduate,Yes,8672761,22123977,8,810,22138761,172236,5788756,12209126,Approved
427,1,Graduate,Yes,5178234,2737108,4,506,21363286,17723435,16875133,5054310,Rejected
428,5,Graduate,Yes,9714626,23400461,10,873,26672378,5428203,29579623,1851920,Approved
429,5,Not Graduate,Yes,4172162,14945448,20,810,5384869,2034987,11234804,5268298,Approved
430,2,Not Graduate,Yes,6366994,27391082,4,852,12203365,12516346,20204102,12196826,Approved
431,3,Graduate,No,4372060,21819638,20,500,10009100,10320511,4403733,2782885,Rejected
432,4,Graduate,Yes,6803352,23822314,18,583,14275939,6720481,18748844,13817357,Rejected
433,0,Graduate,Yes,9896672,15374672,20,656,29531765,12851900,21242760,9751455,Approved
434,4,Not Graduate,Yes,278947,16669985,12,346,28470727,2860713,32192708,2448910,Rejected
435,3,Graduate,Yes,7352604,2123106,16,436,12938884,2053398,10196671,9718228,Rejected
436,3,Graduate,Yes,8336537,23490218,18,429,14753249,15516360,6886061,1289183,Rejected
437,3,Not Graduate,No,4169411,14901713,16,494,1646376,3353212,10111072,118679,Rejected
438,4,Not Graduate,Yes,6587952,466074,10,663,22940074,7246134,31474874,3212666,Rejected
439,3,Graduate,Yes,6169677,16296494,10,731,4888851,5550957,19297335,4231328,Approved
440,5,Not Graduate,Yes,1168410,22098826,12,368,24494282,17143315,28481682,5431781,Rejected
441,4,Not Graduate,No,4136642,27249854,2,757,11788678,3158546,11561104,12365977,Approved
442,3,Graduate,No,9283542,11883101,16,839,26407789,9698828,8893607,9919968,Rejected
443,5,Not Graduate,Yes,1240835,25532475,4,634,15247417,19959824,36568826,2780436,Approved
444,2,Not Graduate,Yes,6826532,277375,12,825,17204677,18672333,11316864,3730354,Approved
445,3,Graduate,No,5586452,20125496,18,857,22840573,15372757,25966798,8730980,Approved
446,4,Not Graduate,No,8731225,11790075,6,315,10930883,13423402,21173556,5425685,Rejected
447,1,Graduate,No,7152057,6002232,4,755,5726085,3564074,25238298,9593828,Approved
448,3,Graduate,Yes,9857570,2327666,20,809,353154,4352092,8066124,11496272,Approved
449,1,Not Graduate,Yes,5334629,16702752,10,508,5211478,758641,8320639,454235,Rejected
450,5,Not Graduate,No,5126730,22145626,18,457,9523109,293441,12626387,13228427,Rejected
451,2,Not Graduate,Yes,1230120,27604324,12,636,5536546,1602356,7700215,3085926,Approved
452,0,Graduate,No,1234780,6500553,16,540,9227488,9151047,25845418,7532270,Rejected
453,2,Not Graduate,No,7328822,10315277,16,357,28146203,16656711,9084804,9686930,Rejected
454,3,Graduate,No,949045,12603969,14,604,4241503,10560217,22943634,628884,Approved
455,1,Not Graduate,Yes,1072109,6085507,10,644,29413209,594173,26561012,11126636,Approved
456,1,Not Graduate,No,7936085,20502369,4,313,5303572,16824890,5658282,601195,Rejected
457,4,Not Graduate,No,587405,11077809,20,658,11297625,18430495,30528714,11071858,Approved
458,1,Graduate,Yes,7005360,17977836,20,676,9710513,14095186,26692741,6223852,Approved
459,4,Not Graduate,No,4761786,1108882,10,542,310582,12999630,2182880,3928314,Rejected
460,5,Not Graduate,Yes,4958669,8619044,14,444,9127935,5075765,37194676,9811781,Rejected
461,0,Graduate,No,3301004,4383667,14,714,16661564,203265,37152828,14053184,Approved
462,3,Graduate,Yes,5734693,27683937,4,693,15414070,2342517,9937372,10954028,Approved
463,4,Not Graduate,No,3132208,10164510,14,657,17870879,11716132,31922141,1081196,Approved
464,0,Not Graduate,No,4387442,18496746,12,875,20431555,16724946,13878758,910956,Approved
465,1,Not Graduate,No,4012197,3665117,14,457,15853680,8788064,33243902,8341683,Rejected
466,1,Graduate,No,9269984,16633981,16,317,4403313,13063014,1431835,11404035,Rejected
467,0,Graduate,No,6633564,7897215,8,860,5935870,16039328,14993673,4357444,Approved
468,1,Graduate,Yes,1156740,7339967,2,867,3267365,8274176,1629695,12136140,Approved
469,5,Graduate,Yes,2410846,4700505,16,646,14847809,2130047,26882852,5879912,Rejected
470,5,Not Graduate,No,4628760,28398929,16,357,11512011,6648987,32909102,13837808,Rejected
471,0,Graduate,No,2509231,28434077,6,454,15796171,19609656,32856581,3196802,Rejected
472,4,Graduate,No,4810764,28523845,6,866,2348474,8550323,36418961,14556830,Approved
473,4,Graduate,Yes,4695433,5443926,10,786,26142723,8155691,7206691,14394330,Rejected
474,0,Not Graduate,Yes,5415784,12720315,6,830,27474831,8674003,18861527,6115027,Rejected
475,4,Not Graduate,No,2167582,497046,10,786,7669971,15501469,14342132,10494769,Approved
476,4,Graduate,Yes,1040268,28336624,16,450,10532425,3809601,30395414,9438136,Rejected
477,5,Graduate,No,6329026,5474485,2,658,23747000,5928465,7348545,8184602,Approved
478,4,Not Graduate,No,5970938,22888010,4,667,18350313,9310491,25559623,1293678,Approved
479,2,Not Graduate,No,6757601,19126386,4,346,27033997,16883587,35737571,4806774,Rejected
480,3,Not Graduate,Yes,8641243,10871408,8,506,5950278,17333226,16361141,7334432,Rejected
481,1,Not Graduate,No,1183638,18560631,18,749,19857195,2877309,11520429,3058632,Approved
482,2,Not Graduate,No,7111596,3563587,4,782,13914922,18929797,20687075,6541573,Approved
483,4,Not Graduate,No,5796127,24900863,18,869,25669136,3748453,10025375,389279,Approved
484,5,Not Graduate,Yes,2991671,11559705,14,442,352138,1223901,39618509,13533617,Approved
485,0,Not Graduate,Yes,2261892,12195479,20,699,28764063,19288292,22629369,14093600,Approved
486,4,Graduate,Yes,3631543,13773209,16,396,16175122,9108931,22110358,10767509,Rejected
487,5,Graduate,No,7163266,211597,2,346,315555,13006129,5922429,2947945,Rejected
488,3,Graduate,Yes,4278140,4467226,10,490,28561959,5734203,22498835,10534974,Rejected
489,4,Graduate,No,8685356,9899987,18,439,16530861,1925238,33586003,7299333,Rejected
490,0,Graduate,Yes,4109308,19271235,8,530,11402099,15970623,4137761,5182694,Rejected
491,5,Graduate,No,9547003,20714043,4,639,11363191,17258804,39801120,8764485,Approved
492,5,Not Graduate,Yes,7666897,5079021,12,790,23119789,5523849,18404878,5329063,Approved
493,5,Not Graduate,No,7885727,29456985,4,348,1187963,7432843,13874518,5536065,Rejected
494,3,Graduate,Yes,1115767,12164163,6,752,27843759,3539961,2748411,9489128,Approved
495,4,Graduate,Yes,8889972,22062053,16,615,18000447,16929173,6590343,5668856,Approved
496,3,Not Graduate,Yes,9916486,4227741,6,621,1730271,101351,25726657,9409210,Approved
497,1,Not Graduate,No,8414491,26955048,4,386,2655630,4240564,14188643,2806600,Rejected
498,1,Not Graduate,Yes,3569415,27726260,12,773,12032107,19277844,10609265,10695078,Approved
499,4,Graduate,Yes,3903713,15981023,6,581,22428335,6739618,13016145,1467839,Rejected
500,3,Not Graduate,Yes,581856,14490091,2,373,12615891,702022,37817641,9970946,Rejected
501,0,Graduate,Yes,3965444,22975708,6,752,15305394,3092049,23898744,14561807,Approved
502,5,Graduate,No,9351969,7819161,12,346,25369572,6066330,6282897,8447535,Rejected
503,5,Not Graduate,Yes,4779097,13031037,6,887,6642219,18019170,33376741,5847585,Approved
504,4,Not Graduate,No,7813312,10359550,18,395,10327804,2464991,19469613,12566090,Approved
505,1,Graduate,No,4216899,12561351,14,330,9353636,8421100,27668740,10097854,Rejected
506,1,Not Graduate,No,4155199,28158883,10,833,23095753,12384535,18132593,13257199,Approved
507,5,Not Graduate,No,5442329,24695230,4,316,765593,7560147,35301165,5652046,Rejected
508,4,Graduate,Yes,3468896,17071418,18,511,29725360,15058295,37542925,12943732,Rejected
509,3,Not Graduate,No,4453459,4616025,10,534,26458599,2206167,7229139,266544,Approved
510,1,Graduate,No,7556943,12416664,14,691,10225159,17018711,31191693,8708354,Approved
511,3,Graduate,No,7336940,16116792,18,653,9290493,19926631,11983536,13997525,Approved
512,1,Not Graduate,No,3054135,28095204,8,604,19813033,16433135,12077453,6075349,Approved
513,1,Graduate,Yes,676377,19415525,18,898,16256371,19332219,38042906,11842207,Approved
514,2,Graduate,Yes,598422,18492836,2,849,19949964,858095,35740341,9114194,Approved
515,1,Not Graduate,No,321937,22725114,12,864,16086429,16610081,25269355,2719571,Approved
516,0,Not Graduate,No,1333629,6352551,4,839,26265775,6079016,28395862,3701030,Approved
517,4,Not Graduate,No,7852126,23589800,16,888,8946824,4601354,32558104,11278421,Approved
518,4,Graduate,Yes,578355,13289902,10,808,14076719,18729472,12208367,330876,Approved
519,3,Graduate,Yes,4193611,16010371,6,694,14579913,17461149,16984885,14191965,Approved
520,1,Not Graduate,Yes,9937024,11419032,4,730,12867746,824308,31324869,6630589,Approved
521,0,Graduate,Yes,8014889,13944072,16,861,8701494,11276458,18746577,1016049,Approved
522,3,Not Graduate,Yes,7477186,400767,14,476,21329013,15766353,4712999,12795608,Rejected
523,2,Not Graduate,No,1875259,21921255,18,705,2283544,7217945,19885067,6169421,Approved
524,3,Graduate,Yes,9628082,20855438,16,600,20755771,15750708,30465120,10644847,Rejected
525,3,Not Graduate,Yes,8373192,12739602,8,744,11232397,1663100,10236424,2672613,Approved
526,1,Graduate,No,6809001,14464430,4,426,26991948,19538094,31669191,4528097,Rejected
527,2,Graduate,Yes,7737330,9636164,4,648,10651779,10979831,36368904,3682134,Approved
528,3,Not Graduate,Yes,9137999,617926,4,320,5867619,2166536,17133348,7110538,Rejected
529,0,Graduate,Yes,9016087,6907173,12,719,1021573,17436032,23260492,13340938,Approved
530,0,Not Graduate,No,6224945,9410202,14,451,29449399,10571435,36931773,7547737,Rejected
531,4,Graduate,Yes,1560764,7747442,12,459,6193586,16937065,16837299,9066409,Rejected
532,2,Graduate,No,3371553,14941144,4,779,22264554,12715644,1676641,214307,Approved
533,2,Graduate,No,2794545,21945595,8,742,16753351,209816,822555,13935248,Approved
534,4,Not Graduate,Yes,3382999,22886537,6,395,21043149,1681884,18444570,4278761,Rejected
535,3,Graduate,Yes,9714440,25721906,8,651,11279559,3846865,9915596,13694952,Approved
536,2,Not Graduate,Yes,7606465,9916702,10,374,12341981,16283630,35243043,2029021,Approved
537,0,Graduate,Yes,7229446,15574878,14,893,12963213,18045242,4607503,8336396,Approved
538,0,Graduate,No,5990740,23609662,18,658,2153622,14233039,26006102,14195018,Approved
539,1,Not Graduate,Yes,9151442,24685034,4,432,8563334,16365153,6670170,2214820,Rejected
540,2,Not Graduate,No,8472686,14460910,16,699,4924308,8748677,22038049,12110850,Approved
541,3,Not Graduate,No,1040597,3816714,6,438,14732977,5109164,11202337,10821475,Rejected
542,4,Not Graduate,No,1050122,10849014,18,545,16054926,14955229,31129297,12734722,Rejected
543,4,Not Graduate,No,2772703,8341730,20,590,19120369,5884779,21911968,12047497,Rejected
544,3,Graduate,No,930559,17352413,8,411,5971804,15311078,20958252,4087319,Rejected
545,5,Graduate,Yes,9110335,18057250,6,469,24397067,12765886,9316965,11513343,Rejected
546,1,Not Graduate,No,6528404,6318897,20,898,4564361,17055099,39744778,3888716,Approved
547,4,Graduate,No,2062015,23383864,12,539,13151659,2956596,28746725,6934106,Rejected
548,2,Graduate,Yes,2205464,26556682,20,636,20573959,5709563,24454146,6797591,Approved
549,1,Graduate,Yes,9870930,21040435,18,437,21204538,13699,23042512,7854048,Rejected
550,2,Not Graduate,No,4805677,27148633,14,893,20608293,10619636,1574930,9747550,Approved
551,0,Graduate,No,4217641,16729084,8,535,3176128,11982148,27907766,12475416,Rejected
552,1,Graduate,Yes,1905692,9371125,6,302,12796300,3326793,2741329,7010154,Rejected
553,4,Graduate,No,8525648,19981848,20,870,8556565,17339847,8864041,2700025,Approved
554,1,Not Graduate,Yes,9597115,15860206,8,415,29808111,2874710,13743353,3302754,Rejected
555,1,Graduate,Yes,826776,23144582,6,771,24585041,13627907,37963753,8539984,Approved
556,1,Graduate,No,1961987,5584180,6,430,23406078,17410489,6908722,2211308,Rejected
557,5,Not Graduate,Yes,6723229,9560982,18,782,307588,14989894,11340158,6172351,Approved
558,1,Not Graduate,No,9570707,26721181,8,700,9276884,326380,9603935,3261967,Approved
559,2,Graduate,No,3686082,27386003,18,500,20057516,1178601,7205056,1024593,Rejected
560,0,Graduate,No,1750642,25766076,20,591,21811303,13749710,27833057,6404470,Rejected
561,3,Not Graduate,Yes,2694903,6882303,10,641,7130629,5798754,37729787,10373721,Approved
562,1,Not Graduate,No,7989283,6134943,14,515,16862498,7340639,17598847,6320595,Rejected
563,4,Not Graduate,Yes,716031,20592438,10,884,3137631,10189709,919592,3727798,Approved
564,1,Not Graduate,No,247367,15756150,2,665,643737,9428194,31657628,10284946,Approved
565,4,Not Graduate,No,7426078,12741246,4,768,14506611,16552458,17361852,5086653,Approved
566,2,Not Graduate,Yes,5895908,7774499,10,717,29217443,11990204,32576021,10601110,Approved
567,4,Not Graduate,No,1832748,2775059,12,326,24939403,1686736,26064870,5741838,Rejected
568,3,Graduate,No,5062944,5970704,14,754,15716172,5164920,15311121,11081533,Approved
569,0,Not Graduate,Yes,564716,520091,4,879,7691233,6721697,14380179,8865988,Approved
570,4,Not Graduate,Yes,5527701,13362786,20,313,4943890,13221435,25742244,4754895,Rejected
571,4,Graduate,Yes,8833305,11787988,18,397,27049155,15529988,16415377,8703551,Rejected
572,0,Not Graduate,No,5453087,17136417,12,578,24064438,7481327,14745444,1490917,Approved
573,3,Not Graduate,Yes,5120791,28104163,4,789,17723788,1556681,35281813,4664002,Approved
574,1,Graduate,Yes,5470637,4167520,4,506,12970418,15561651,37616083,12563583,Rejected
575,4,Not Graduate,No,8552804,21602542,6,532,9171911,16221524,11154802,381035,Rejected
576,0,Graduate,Yes,654623,1886936,2,872,7985639,9241327,33630003,5109219,Approved
577,2,Graduate,No,8484742,12994405,18,896,4657199,3257269,26411285,3014719,Approved
578,0,Graduate,No,8215648,15967526,20,538,4526809,17204405,38040449,7272981,Approved
579,2,Graduate,Yes,1510646,21210443,8,549,27807242,1254696,19712184,7320642,Rejected
580,3,Not Graduate,No,8629948,14912736,10,882,12297393,5410607,26506072,2472094,Approved
581,1,Graduate,Yes,9558346,10642374,14,896,29679811,17899950,12109748,9893903,Approved
582,0,Graduate,Yes,8369815,303474,2,605,12343351,19331761,21341194,9289238,Approved
583,5,Not Graduate,Yes,1092743,7181580,6,762,20644128,122207,26028456,2828818,Approved
584,4,Graduate,Yes,2214751,17003961,6,535,16577696,17928779,3538986,13393774,Rejected
585,3,Graduate,No,6042488,7629131,4,590,22410975,1633325,37822560,9045000,Rejected
586,0,Graduate,No,1613285,8246837,16,338,20578525,2743651,596537,5088339,Rejected
587,4,Graduate,Yes,1530657,1902572,10,482,28349965,3884271,13268457,7327969,Rejected
588,0,Not Graduate,Yes,9552819,7420973,2,329,7647299,19304651,7868719,5905829,Rejected
589,2,Graduate,No,5452279,29916149,4,687,4433386,19035115,16563468,1309613,Approved
590,0,Not Graduate,Yes,1145161,23543229,2,442,3075889,9962332,36098903,9954184,Rejected
591,5,Not Graduate,No,5200783,19972255,12,718,189359,5882700,17764484,10352956,Approved
592,0,Graduate,Yes,2528767,27901771,18,373,18400944,19688418,4709777,5675321,Rejected
593,0,Graduate,No,8533631,9862259,14,354,927159,13839777,792429,2876081,Rejected
594,5,Graduate,No,2907133,27962763,10,871,19603201,2090898,17975078,11310222,Approved
595,3,Graduate,No,5019523,8167034,6,323,114787,11359859,1300651,13780899,Rejected
596,0,Not Graduate,Yes,6822266,17778010,16,321,24159618,7362910,23489463,11742340,Rejected
597,5,Not Graduate,Yes,253010,18809673,20,727,8868462,601248,18500870,616408,Rejected
598,4,Not Graduate,Yes,6005333,1507539,8,331,13842977,13145754,29654154,11792662,Rejected
599,2,Graduate,Yes,5716552,6168735,18,638,17021591,8791169,30836430,12783060,Approved
600,2,Not Graduate,Yes,1107272,10585566,10,814,21269394,13561934,32778182,2564869,Approved
601,0,Graduate,No,4274411,22223708,12,811,198782,15590354,12622771,7860408,Approved
602,3,Graduate,No,736364,6355735,10,369,21387112,11657784,34158265,14530126,Rejected
603,3,Graduate,No,1103057,21157640,20,387,24286761,17001310,36715856,2503507,Rejected
604,4,Graduate,No,1950652,5198145,14,870,892500,2381880,28008485,10325149,Approved
605,0,Graduate,No,2819909,977350,14,518,27997304,2058602,14465492,9084028,Rejected
606,2,Not Graduate,No,863478,9079496,2,888,19093330,11545934,21950529,7657793,Rejected
607,3,Not Graduate,No,4339524,27929112,4,569,20185243,18845978,9486745,2108463,Rejected
608,0,Graduate,Yes,9891578,5321227,14,377,4831332,305957,23091611,6901380,Rejected
609,3,Not Graduate,No,1190993,25796932,16,891,14081965,14814866,23421481,1376253,Approved
610,5,Graduate,Yes,6594544,15575008,8,309,28214153,15216036,17170747,1941366,Rejected
611,3,Graduate,No,1788049,413678,12,767,21734671,10852330,26732908,10443806,Approved
612,2,Graduate,No,1159296,18666303,20,635,3639429,2543833,25277582,416539,Approved
613,1,Not Graduate,Yes,8537746,12021671,6,485,800408,6352776,14807009,2360259,Rejected
614,4,Graduate,No,8114933,8135168,14,845,27786887,11899624,1054018,3411259,Approved
615,4,Graduate,Yes,462530,2542716,6,420,14686433,6521091,30462675,14773600,Rejected
616,2,Not Graduate,No,3831097,1327103,14,891,9799665,8570073,26533265,11806695,Rejected
617,3,Not Graduate,Yes,5908824,26660032,16,864,584188,19531571,33662301,513353,Rejected
618,0,Not Graduate,No,2242361,27876772,6,573,28018260,19918946,38861139,1798638,Rejected
619,3,Graduate,Yes,417767,23352177,4,709,4178324,17461429,36374862,6080257,Approved
620,2,Graduate,Yes,1309970,16543262,12,657,21651860,16181416,10764676,8318923,Approved
621,4,Not Graduate,No,4070033,7526041,8,397,13438579,95324,37582390,4729577,Rejected
622,3,Graduate,No,6082545,11324905,16,540,13208671,8877571,11353410,11091787,Rejected
623,4,Not Graduate,Yes,9234612,17411101,4,856,5857511,16983124,19262728,1047193,Rejected
624,0,Not Graduate,No,387486,24277315,8,413,25841306,2421414,37020735,173588,Rejected
625,4,Graduate,Yes,7463776,1891456,4,786,3159044,16180742,26088737,14342714,Approved
626,4,Graduate,No,1828782,11099719,4,540,1110736,19758164,8548366,343795,Rejected
627,1,Not Graduate,Yes,3588284,12895908,4,455,2968719,6506106,32856207,10830456,Rejected
628,1,Not Graduate,No,1933391,21970625,2,651,13148153,13220446,15202457,2106759,Approved
629,5,Not Graduate,Yes,8955198,28911031,8,343,26503517,3354486,10876642,3864862,Rejected
630,1,Not Graduate,No,8683310,28396336,4,891,6510532,3804459,2071419,681716,Approved
631,4,Graduate,Yes,2402661,21483518,18,611,12232016,12930405,6934524,5245853,Approved
632,2,Not Graduate,Yes,4750056,6967526,18,437,20510307,1173036,14599347,3551543,Rejected
633,4,Not Graduate,No,1362886,13148272,14,735,6190400,8573692,27576835,5127639,Approved
634,2,Not Graduate,No,4275341,27330555,12,442,568117,19139444,13298199,1067174,Rejected
635,2,Graduate,Yes,3129386,8150405,6,598,27987173,17716190,14602510,6665315,Rejected
636,1,Graduate,Yes,6601391,8337180,14,861,27630784,9446962,5695159,12573650,Approved
637,3,Not Graduate,Yes,3463647,2698677,2,561,21160379,13916665,718164,8004903,Rejected
638,0,Graduate,Yes,1158101,7295918,18,811,15396343,665664,9251417,13928279,Approved
639,1,Graduate,No,269519,9347076,8,361,22239901,11791925,34930325,8844249,Rejected
640,1,Graduate,Yes,8038236,11931822,12,866,8887203,7282615,14799172,12652532,Approved
641,3,Not Graduate,Yes,1160655,22205841,12,722,3224545,6011101,9413619,14539236,Approved
642,0,Not Graduate,Yes,9785296,11524241,6,695,6328044,5107367,13182763,946087,Approved
643,4,Graduate,No,2341924,9771832,8,330,8469261,14679737,3704051,888929,Rejected
644,5,Not Graduate,Yes,3179674,16148180,20,629,11141584,4702226,32607934,6405018,Approved
645,5,Not Graduate,No,2492056,28526388,6,468,236063,9027543,23963253,10425399,Rejected
646,4,Graduate,No,8747596,16984214,12,565,20641986,18089039,34575342,3602249,Rejected
647,1,Graduate,No,7322759,6441477,2,607,18828358,15799485,36995909,1812693,Approved
648,0,Not Graduate,No,2811895,24679521,16,758,22741033,11175059,12585962,11865647,Approved
649,1,Graduate,No,4433384,4814714,16,484,7803786,17753762,12103725,9756451,Rejected
650,2,Not Graduate,No,7569080,22250768,18,633,717801,3482042,3519338,9284058,Approved
651,1,Not Graduate,No,6052373,8869311,12,814,8779111,19634440,13585823,11794685,Approved
652,1,Graduate,Yes,9515889,25070516,2,740,6508516,17158793,3455080,5518029,Approved
653,4,Not Graduate,Yes,7856887,23064675,6,690,26756918,6482284,27782858,11585533,Approved
654,4,Not Graduate,No,4650696,21816395,2,859,8340673,19390444,2387145,4736770,Approved
655,4,Graduate,Yes,3073382,4718322,10,553,24759579,19666522,15378239,1625481,Rejected
656,5,Graduate,Yes,1590179,11318881,6,885,27451035,6534234,22413811,7081388,Approved
657,2,Graduate,No,8313324,27964281,4,634,28102575,14205650,22608685,14365781,Approved
658,4,Not Graduate,Yes,7328080,26794369,6,699,5296611,8782665,22613431,11691600,Approved
659,0,Graduate,No,6051361,14497197,18,465,29867477,9062699,3983126,1012368,Rejected
660,5,Graduate,Yes,8514052,25977006,16,559,23749915,2484397,34274580,13080298,Approved
661,3,Graduate,No,3971414,23533505,6,303,29226555,5799284,20329775,1601241,Rejected
662,0,Graduate,No,946470,8568899,4,418,12578831,4759575,4884422,8319666,Rejected
663,0,Not Graduate,Yes,9737772,4122610,10,769,4017291,15170565,8208689,8177713,Approved
664,4,Not Graduate,Yes,7268566,1839528,2,769,6992859,1895584,11916529,7874395,Approved
665,3,Graduate,No,2118517,4874598,8,792,28592365,12464555,23282545,1717808,Approved
666,3,Not Graduate,No,3659544,27258173,16,799,16189675,5236880,19747746,11396906,Approved
667,5,Graduate,No,7472268,25894380,2,369,27578587,674698,32913824,10635054,Rejected
668,3,Graduate,Yes,3030095,28723834,10,669,13337844,5905627,28775488,4982375,Rejected
669,2,Not Graduate,Yes,3629985,27949662,8,480,22666255,16210564,19616486,13711115,Rejected
670,4,Not Graduate,Yes,1511414,17098379,12,304,17800943,1205823,22407017,11372412,Approved
671,3,Graduate,Yes,4385727,6186540,14,496,10337813,7370827,11867495,5805872,Rejected
672,5,Graduate,No,8604196,18774894,18,346,27437899,3647106,25179413,401913,Rejected
673,2,Not Graduate,No,3014268,28537165,2,851,9115553,1441640,24874431,5666973,Approved
674,1,Graduate,No,9045909,27465047,20,439,25882550,4969985,14390646,5992471,Rejected
675,1,Not Graduate,No,7258175,3750824,8,839,27312279,19416321,16198008,6731428,Approved
676,2,Graduate,Yes,4217763,25376396,12,726,7634300,19343976,4406358,13748259,Approved
677,5,Graduate,No,8131827,10724757,20,888,4657357,2980220,8568691,7160023,Approved
678,2,Not Graduate,No,8635969,6132419,14,860,17240202,14527311,32396496,2520478,Approved
679,4,Not Graduate,Yes,7336735,6477844,14,609,8830184,15269341,36839795,11842167,Approved
680,4,Not Graduate,Yes,8432823,27982983,16,573,27117030,4744376,14671801,4720234,Rejected
681,1,Not Graduate,No,2439665,16470946,20,838,28052860,12370222,2026380,916861,Approved
682,3,Not Graduate,Yes,6563395,22934145,16,689,24835723,839843,21907915,2656463,Approved
683,5,Not Graduate,No,3623604,15902898,16,758,8062492,1169027,33430064,1674703,Approved
684,1,Not Graduate,Yes,6284556,21908027,16,660,5828776,15982580,20086129,3444107,Approved
685,3,Graduate,Yes,2044348,14382774,16,368,6868965,13442455,1197418,8879511,Rejected
686,3,Graduate,No,959848,26074887,12,882,2820939,5612753,38451916,11134988,Approved
687,4,Graduate,Yes,7300282,4941712,18,730,511731,5748836,21004011,13477020,Approved
688,0,Not Graduate,No,9997885,23678472,6,331,14099945,14708157,34525858,14626051,Approved
689,0,Not Graduate,Yes,1792023,501099,12,812,24474088,8658906,26167493,14339764,Approved
690,2,Not Graduate,Yes,8710974,4182940,10,481,17685675,18849783,20998274,12673285,Rejected
691,4,Graduate,Yes,2493316,8010541,16,547,14531712,5920304,14996106,8636580,Approved
692,3,Not Graduate,Yes,9381252,18074061,8,596,8744127,8116591,7704135,11564639,Rejected
693,5,Not Graduate,Yes,1739152,2087214,8,329,6734913,6515950,32123235,7875428,Rejected
694,0,Graduate,No,1023837,7808098,20,601,7001074,8752418,30816981,3836212,Approved
695,3,Not Graduate,Yes,8981384,23202222,20,775,20841920,10136413,32009495,14373880,Approved
696,0,Graduate,No,556440,8765394,10,651,19189727,5826839,8824878,10938345,Approved
697,0,Graduate,Yes,1041618,20960887,12,781,8978383,1048018,18063228,12039026,Approved
698,0,Not Graduate,No,9550351,21038227,8,616,7001007,9890107,4406692,13338431,Approved
699,5,Not Graduate,Yes,6191233,11216141,4,696,14631249,10602460,19308102,6355249,Approved
700,4,Not Graduate,No,4929124,25683623,4,388,21750545,12608303,5374535,5752025,Rejected
701,5,Graduate,No,1235340,13992676,6,533,6684726,2781334,23939303,8486913,Rejected
702,1,Graduate,Yes,8566126,20641117,4,467,23843513,18949416,30302335,6908815,Rejected
703,3,Graduate,Yes,303021,21675346,2,425,21818252,19480261,14913667,530158,Rejected
704,4,Not Graduate,Yes,7281159,21395678,16,872,13044693,10862463,4479296,7835447,Approved
705,4,Not Graduate,No,2211562,3003107,10,419,19759435,7334174,31555903,6090916,Rejected
706,4,Not Graduate,No,8588817,29832557,20,727,4421512,7912340,27505482,356382,Rejected
707,4,Not Graduate,Yes,8810679,7117359,2,489,24240797,1138119,5275870,3258708,Rejected
708,5,Graduate,Yes,4006627,4384933,18,727,24417192,1054613,1724483,11546261,Approved
709,4,Graduate,No,3103561,6378262,16,859,4236925,11191427,13623425,2633727,Approved
710,2,Graduate,No,5673024,12142040,8,501,10244780,13908098,20468304,6744936,Rejected
711,3,Graduate,Yes,416194,2536126,16,358,9732239,18839415,27160959,8927830,Rejected
712,4,Not Graduate,No,2654082,26622082,20,522,9573339,414809,14886241,1810212,Rejected
713,3,Not Graduate,Yes,6674467,10895214,14,791,15866121,575985,14981928,6934116,Approved
714,2,Not Graduate,Yes,7165410,15708476,14,310,28927261,6263672,32014853,3989785,Rejected
715,2,Graduate,Yes,3797326,1263842,2,811,22086127,17893646,13640757,5201736,Approved
716,3,Graduate,No,8596007,5531242,12,609,15896607,3126663,34255234,2205320,Approved
717,0,Not Graduate,No,5957122,4741154,8,333,28248728,2646754,34539558,10291713,Rejected
718,1,Not Graduate,No,5057162,2996283,20,639,444705,17725171,11793033,11369977,Approved
719,0,Graduate,No,6332138,13962729,20,780,23975550,5051699,19649987,10197459,Rejected
720,0,Not Graduate,Yes,6864677,16498255,20,873,20817883,9081339,36343240,361496,Approved
721,5,Graduate,No,1234023,4373487,4,392,21196703,13787190,19930420,3875455,Rejected
722,0,Graduate,Yes,8377088,25326106,20,432,1181784,16548739,3963762,5338718,Rejected
723,4,Graduate,Yes,8982153,27421225,14,718,27380498,15753739,26055776,1623525,Approved
724,5,Not Graduate,Yes,500763,5905344,18,767,19808202,6388626,9155907,9435123,Approved
725,5,Not Graduate,No,9644216,29992579,10,743,11004466,11485646,33659662,3591346,Approved
726,2,Graduate,Yes,4049182,17001060,16,329,4987675,5457373,24322649,2725487,Rejected
727,0,Not Graduate,Yes,1764458,6758187,10,597,19415338,9606354,11238153,12961571,Rejected
728,2,Graduate,No,8119584,2531275,14,360,15531373,3828961,14776199,2397439,Rejected
729,3,Graduate,Yes,4442154,6994604,14,757,21085560,11164678,18386643,9166705,Approved
730,1,Graduate,No,1777586,13883703,18,603,17801766,12089142,8766757,7656100,Approved
731,5,Graduate,No,4674220,27337803,6,639,27795566,15787812,22564662,13875487,Approved
732,3,Not Graduate,No,8936857,20814296,2,747,4068349,19611859,8585161,4358869,Approved
733,3,Graduate,Yes,1186275,23154175,4,601,8834750,3370058,38644663,12079973,Approved
734,4,Graduate,No,1610124,25260079,12,839,1384055,9421553,35246611,3033176,Approved
735,1,Not Graduate,No,2732000,16435839,20,784,27449046,12303473,37079568,14593389,Approved
736,3,Graduate,No,3594020,19798796,20,376,4984632,9309862,22270143,6884179,Rejected
737,3,Graduate,No,1010586,7844996,18,814,3397735,11153001,32206384,1533840,Approved
738,1,Not Graduate,Yes,7953302,23524887,6,848,16624081,18762902,33728874,9371057,Approved
739,1,Not Graduate,No,1799826,16827395,20,391,10501677,16344941,1552355,447455,Rejected
740,3,Not Graduate,Yes,1548483,14827316,4,765,16793020,8548435,26300790,12435604,Approved
741,1,Graduate,No,9747474,7300622,2,765,29658682,9462995,20358580,4379945,Approved
742,3,Not Graduate,Yes,1181598,4750699,4,898,16782868,6742794,28818869,5519030,Rejected
743,3,Not Graduate,No,4242974,16752594,6,339,14366623,17362700,31433151,532759,Rejected
744,4,Graduate,Yes,9394504,24270004,14,628,25317201,12994472,36276957,1541394,Approved
745,0,Graduate,No,9548148,6179547,4,584,29435075,8409264,31490107,12567793,Rejected
746,3,Graduate,Yes,9329773,15132754,10,853,12227485,18934942,26733862,10249571,Approved
747,2,Graduate,Yes,8620149,10978996,4,365,29075611,19551540,35515621,8956755,Rejected
748,5,Graduate,Yes,9064367,26178058,14,408,7836993,3252469,21713661,13127167,Rejected
749,0,Not Graduate,No,3044510,16039965,20,714,19609268,15300412,12750425,5805902,Approved
750,0,Not Graduate,Yes,4523492,4276116,16,391,17825514,3152888,7100877,3712869,Rejected
751,0,Not Graduate,Yes,408150,12681960,16,667,2680448,13130793,3397933,12543161,Approved
752,4,Graduate,Yes,2773338,3124320,16,722,23845230,18267091,11046475,5026917,Approved
753,3,Graduate,Yes,2058777,16157419,20,871,22833259,11030426,27928776,13571842,Approved
754,4,Graduate,No,6710529,11395417,18,539,14638711,18489643,32119144,11798920,Rejected
755,3,Not Graduate,Yes,680620,2396397,2,734,9419601,7143388,14777121,3660874,Approved
756,4,Not Graduate,Yes,5135500,18425056,2,511,19024925,18678660,38089593,6703204,Rejected
757,4,Graduate,Yes,5063099,9622517,20,699,27867844,7506405,20129451,2986846,Approved
758,5,Not Graduate,No,5119314,29107137,4,825,384618,12222388,26718317,1946221,Approved
759,2,Graduate,Yes,7193152,29733079,12,767,839316,15374771,33872030,10609889,Approved
760,4,Not Graduate,Yes,6396519,1100778,2,469,22306354,16391595,31011950,7899282,Rejected
761,5,Not Graduate,Yes,1322207,15835042,10,509,16421141,18938738,31375810,10384222,Rejected
762,1,Not Graduate,Yes,9412949,15833161,10,555,28728992,7967596,9483630,6671698,Rejected
763,2,Graduate,No,2890927,11360933,8,372,6206023,3404469,16906386,13021604,Rejected
764,4,Not Graduate,Yes,3236124,3098277,10,446,17379286,2435562,34172972,11890510,Rejected
765,0,Not Graduate,Yes,627557,25782067,2,639,5712751,1053858,23612470,815171,Approved
766,1,Graduate,No,2365456,7288884,12,616,12684089,15611437,15688510,11028803,Approved
767,1,Not Graduate,No,565750,22615969,14,874,14256537,4704711,1147581,9442385,Approved
768,5,Graduate,No,7717618,25805177,16,453,28645706,7355483,29524897,3832919,Rejected
769,1,Graduate,Yes,7967227,6739070,4,554,22388698,5997895,36597930,6460594,Approved
770,2,Graduate,No,684103,18988793,14,650,13135826,13155268,21021628,8511667,Approved
771,4,Graduate,Yes,2352259,2996695,12,846,15096983,1644590,9308469,5515829,Approved
772,4,Graduate,No,3590919,22291967,18,611,809226,10302318,23986077,516104,Approved
773,0,Not Graduate,Yes,6841497,6969001,16,433,5494062,8242426,10069224,783758,Rejected
774,5,Graduate,No,7612609,20933366,8,428,18951335,1471481,39565256,7176285,Rejected
775,0,Graduate,Yes,7231119,6059417,18,735,18019581,8745279,3538885,14397643,Approved
776,1,Graduate,No,4655237,18840037,2,579,28888621,16296715,35199593,9099619,Rejected
777,0,Graduate,Yes,6071348,19317558,12,657,23811209,427531,4111950,4640098,Approved
778,2,Not Graduate,Yes,2579220,22653200,16,551,23099046,7634211,11902117,177156,Rejected
779,4,Graduate,Yes,3719065,5813949,8,434,25032113,15239196,6586096,10132984,Rejected
780,1,Not Graduate,Yes,7160698,25267999,4,822,1221291,17086036,32714179,13236432,Approved
781,0,Graduate,Yes,1984210,26587885,4,618,24475217,17089274,24704423,5600986,Approved
782,5,Not Graduate,Yes,5398363,19824708,20,379,13539324,3801823,35611163,8593940,Rejected
783,2,Graduate,Yes,7541127,12315350,2,490,16159284,11841104,13021676,6454086,Rejected
784,2,Graduate,Yes,2663501,28865663,10,752,28209299,13162946,8935543,988454,Approved
785,0,Not Graduate,No,9617327,28995536,12,643,23490682,16061048,1465933,211558,Approved
786,4,Graduate,Yes,3019127,2386113,8,329,22591659,18648721,25624081,5317200,Rejected
787,0,Not Graduate,Yes,6979865,16046856,8,713,16821747,14369844,36883551,5049592,Approved
788,1,Graduate,No,5226014,13028171,10,667,7086808,6260518,31012429,527790,Rejected
789,0,Not Graduate,Yes,2132919,27655314,10,895,18646249,15705962,14673655,6846374,Approved
790,2,Graduate,No,6450674,13110965,18,801,700296,17318561,28086953,9759822,Approved
791,0,Graduate,Yes,7820520,3707838,16,320,16040374,2635872,12048652,1344787,Rejected
792,4,Not Graduate,No,8851964,11718694,18,848,29725373,16314416,39242675,8552291,Approved
793,5,Graduate,No,8184705,28776244,6,545,913422,4450343,14111919,6465537,Rejected
794,3,Graduate,Yes,9715968,24892335,6,582,27858393,8504472,23199981,14750229,Approved
795,0,Graduate,No,8931896,658867,2,531,3314942,7019048,33797666,6818380,Rejected
796,4,Graduate,Yes,2202507,22216650,20,615,9833939,13128449,16932669,1811723,Approved
797,4,Graduate,Yes,2852808,2869067,12,635,26244823,2210498,14284250,5019145,Approved
798,5,Graduate,Yes,4977376,16668366,8,710,21167785,2013748,8208613,12509746,Approved
799,2,Not Graduate,Yes,9998972,6965521,16,544,25185842,11355634,17524034,3692944,Approved
800,4,Not Graduate,No,7566829,22519218,4,686,4550450,1038617,21683769,10976212,Approved
801,4,Not Graduate,Yes,1558293,16917967,4,657,20038902,7183669,37130050,7579525,Approved
802,4,Graduate,No,2111128,18126463,14,321,16869276,8227890,35452440,6861882,Rejected
803,4,Not Graduate,No,4956497,22228846,10,318,4121946,18461166,15648900,1834532,Rejected
804,1,Graduate,Yes,5333381,28485732,2,586,15508043,11814513,28633276,2120084,Rejected
805,1,Graduate,Yes,3986065,23931946,14,575,16024968,11800886,35447294,8675291,Rejected
806,2,Graduate,Yes,5048243,29664878,14,851,11328412,12677450,38286721,6085017,Approved
807,0,Graduate,Yes,2625358,3279249,20,371,11177050,1504139,23451137,13531884,Rejected
808,4,Not Graduate,No,7845639,27898828,12,664,17975679,728487,34456675,6897373,Approved
809,5,Graduate,Yes,4117430,25895267,8,634,7702515,7398359,19770120,7382234,Approved
810,0,Not Graduate,No,9263110,1088144,16,889,29570211,12379862,1288957,7161741,Approved
811,5,Graduate,Yes,2305777,6811971,4,498,5131264,11898612,9627245,10249431,Rejected
812,0,Not Graduate,Yes,5744223,9528143,4,316,6215951,5587509,27852618,14373245,Rejected
813,2,Not Graduate,Yes,2590514,5784054,4,517,23251296,19799523,28801150,6336718,Rejected
814,4,Not Graduate,Yes,6142712,19161518,6,446,22975788,5340076,1828475,13378127,Rejected
815,4,Not Graduate,No,1371758,16235277,12,509,22488733,8496004,9170360,8159529,Rejected
816,3,Not Graduate,No,5476085,28762443,2,713,28989410,1058946,23685234,3654719,Approved
817,5,Not Graduate,Yes,7649116,17674850,4,629,10607403,399993,10298774,2133600,Rejected
818,0,Graduate,No,7385180,17248767,20,651,22180348,1704049,16642549,12389052,Rejected
819,0,Not Graduate,No,1142639,27274089,4,462,21065302,10879507,37999318,1448742,Rejected
820,1,Graduate,Yes,8223556,4269895,2,400,19328092,6956530,35279764,11569150,Rejected
821,3,Not Graduate,Yes,9580601,26973445,6,626,241406,1707346,33256614,6982192,Approved
822,1,Graduate,No,5371666,11724533,20,626,23267528,12179151,4146910,5380093,Approved
823,1,Not Graduate,No,7299492,9579821,14,454,7279683,15999108,8015978,1469368,Rejected
824,1,Not Graduate,No,1480280,28908016,2,309,28474529,12135319,2806442,14004347,Rejected
825,5,Graduate,No,7657451,24241524,14,652,4032949,17729214,4502038,10094531,Approved
826,5,Not Graduate,Yes,5746811,10404562,10,482,28183349,12899278,14441640,2681692,Rejected
827,2,Not Graduate,Yes,7327470,6308623,18,754,22644936,9084953,19246658,7103718,Rejected
828,2,Not Graduate,No,3050310,4107374,4,305,28693502,16681560,1530742,3720258,Rejected
829,1,Graduate,Yes,4215789,255647,2,632,14395671,3898459,4574336,3260951,Approved
830,3,Not Graduate,No,5186518,12068953,18,632,16384908,11842080,30112115,12096365,Approved
831,0,Graduate,No,9179666,22854880,16,557,27871149,12592365,10443812,13654929,Approved
832,5,Not Graduate,Yes,3927661,26443926,20,510,25790972,7440401,33547772,12566481,Rejected
833,3,Not Graduate,No,1479372,12142059,12,350,12683202,1377189,7131065,7756631,Rejected
834,4,Graduate,No,4295228,25727657,10,744,928849,12346160,33622354,13463677,Approved
835,5,Not Graduate,Yes,5967034,12561289,16,676,15384232,2260401,28645164,9720983,Approved
836,5,Not Graduate,Yes,9037010,22121628,16,785,21470606,14938219,5098224,3334240,Approved
837,2,Graduate,No,8303292,27882494,10,350,16910613,760780,24687298,644997,Rejected
838,0,Not Graduate,No,2649851,28514218,14,453,29565439,1561523,21584246,9439944,Rejected
839,0,Graduate,Yes,6707552,1854741,2,881,19776986,4020547,36569634,4463032,Approved
840,4,Graduate,No,8870441,1230127,8,609,9772503,10890082,38297044,7422273,Approved
841,4,Graduate,No,1735834,6560284,4,698,4933754,7392786,17492566,12170279,Approved
842,5,Not Graduate,Yes,2642547,12230504,20,433,6358185,15735518,1645004,10598871,Rejected
843,1,Graduate,Yes,1436968,21971949,6,519,24893624,17837159,22187617,2458611,Rejected
844,2,Graduate,Yes,3278882,21801522,2,462,178508,14194507,39751650,4713789,Approved
845,2,Not Graduate,Yes,1721093,17828926,4,868,4361600,8226153,12258931,249850,Approved
846,5,Graduate,Yes,2188022,4407427,2,801,29078186,18378648,4863759,13315753,Approved
847,3,Not Graduate,Yes,5481592,28093524,16,414,18134566,17102267,36202004,10544886,Rejected
848,1,Not Graduate,No,7736381,28305030,8,798,21795814,13157412,39967512,4387008,Approved
849,5,Not Graduate,No,8611159,24616853,6,771,6225473,11712520,12135016,9795178,Approved
850,1,Not Graduate,Yes,3393796,23797559,2,448,22823154,5385346,37720207,13849096,Rejected
851,1,Graduate,Yes,8682216,25082919,4,540,26521523,9083063,23593443,10035562,Rejected
852,1,Graduate,No,8557038,14012274,6,422,11911185,10358041,5500216,3704483,Rejected
853,5,Graduate,No,8875147,20391950,6,368,8131721,15199102,17813145,14973796,Rejected
854,2,Graduate,No,6739108,18174543,12,362,10252280,9876532,21122630,8527316,Rejected
855,2,Graduate,Yes,3249307,13767997,20,315,897039,6568805,29772907,9905680,Rejected
856,1,Not Graduate,Yes,6742683,20888793,16,689,29119868,14291476,8649719,4222097,Approved
857,3,Graduate,No,3001818,9324277,12,889,21363670,1625464,28973333,3355172,Approved
858,0,Graduate,Yes,6119586,25936598,4,557,25606522,18183462,18033384,2307505,Rejected
859,5,Graduate,Yes,4245721,9665817,4,516,14462200,16553167,10255501,8994736,Rejected
860,0,Not Graduate,Yes,2063032,26132121,14,778,11488388,7465622,26640356,13127257,Approved
861,3,Not Graduate,No,5144614,26955869,2,413,9426606,14738908,26674227,14953570,Rejected
862,5,Graduate,No,8052016,21657867,2,679,20699541,6993865,39668215,961290,Approved
863,1,Not Graduate,Yes,7974066,411294,14,536,27566415,19420089,768966,9005584,Rejected
864,2,Graduate,Yes,8070267,15654863,18,775,8267427,4440132,7567382,388121,Approved
865,0,Graduate,Yes,3289809,1713955,10,897,23149584,8333130,7860925,4162407,Approved
866,4,Not Graduate,Yes,8019488,19178564,2,428,13409392,12674972,34544985,12480087,Rejected
867,4,Not Graduate,Yes,1578148,23169575,10,809,27914420,11259316,29612235,3455559,Approved
868,3,Graduate,No,3244410,13972512,2,464,13374831,12861740,588106,9616886,Rejected
869,1,Graduate,Yes,4262118,5134971,20,576,6019705,12303987,15435660,14077302,Rejected
870,0,Not Graduate,Yes,438826,28204750,18,556,8006440,2812833,19459848,13043361,Rejected
871,1,Graduate,Yes,1917354,22155668,8,431,10930657,5364365,28358479,5024536,Rejected
872,0,Not Graduate,No,9339390,29215594,18,869,10043402,215592,4877213,12315910,Approved
873,3,Graduate,No,681809,10357668,4,556,1683054,8964201,4907184,4335412,Rejected
874,3,Not Graduate,Yes,9823440,15927633,14,440,27426370,455241,14592479,2884179,Rejected
875,4,Graduate,No,8462369,21420727,4,508,16620407,4340283,4800481,2479927,Rejected
876,1,Graduate,No,7484390,15735118,8,818,3955727,19714857,4914189,11199700,Approved
877,5,Not Graduate,No,2018182,19945905,12,350,10002196,4076153,26350212,11132467,Rejected
878,4,Graduate,No,4567209,2619379,4,802,23849810,4280242,36664891,798673,Approved
879,1,Graduate,No,8982389,16324667,4,558,3457941,12236490,19452699,8556187,Rejected
880,4,Not Graduate,No,5616797,29363820,4,477,6803231,5573642,2985981,232774,Rejected
881,5,Graduate,Yes,2889290,21125053,6,842,12594181,3742626,26827145,10493403,Approved
882,2,Graduate,No,237180,15459488,10,655,21354221,4696384,3268165,1192465,Approved
883,2,Graduate,No,9222584,23030517,18,617,4133252,5636555,25507169,8894586,Approved
884,2,Not Graduate,Yes,7746691,15563249,12,663,20800452,9297710,5763554,10095627,Rejected
885,2,Not Graduate,Yes,5811544,13912141,18,354,23605669,4049474,14086478,1276358,Rejected
886,0,Not Graduate,Yes,5570015,1268964,20,455,2963185,14077619,4857990,3914470,Rejected
887,2,Graduate,Yes,2451347,6158014,10,343,27584501,3070828,39147270,1109279,Rejected
888,5,Graduate,No,4992030,13854970,12,892,28896241,15272689,12351330,11464384,Approved
889,3,Graduate,No,2819893,26060887,20,841,28246482,14708895,6022215,5897020,Approved
890,3,Graduate,No,6902245,7694968,16,621,28352737,3817935,12405635,8092649,Rejected
891,0,Not Graduate,No,3991860,11721724,6,313,11130623,12321765,26836433,9650601,Approved
892,2,Graduate,Yes,8945662,5991966,4,656,23422619,2774537,8208786,12207467,Approved
893,2,Graduate,No,7596526,22714427,6,782,13582560,18225392,31026119,1442850,Approved
894,2,Graduate,No,2081986,4229295,18,658,14784680,10302375,36604410,6270572,Approved
895,4,Not Graduate,Yes,1189924,24901589,12,617,20218924,1321918,36196836,13562686,Approved
896,1,Graduate,No,2165629,4067924,20,374,4983427,5932686,29430448,13124026,Rejected
897,4,Graduate,No,1303248,4002859,8,890,7735300,16745312,26857565,11025594,Approved
898,1,Graduate,No,8410125,21061953,20,493,29943641,1582246,28662796,13495170,Rejected
899,2,Graduate,No,4463528,7044758,6,662,23826622,9865865,38230295,9672718,Approved
900,2,Graduate,Yes,8415869,21184596,4,395,13369142,6580550,17101163,4783528,Rejected
901,4,Not Graduate,Yes,9618530,29034847,8,339,23702494,17659152,26478281,1183380,Rejected
902,4,Graduate,Yes,8823353,2918710,18,696,27633041,16059246,19845694,7659429,Approved
903,1,Graduate,Yes,3783650,20834316,8,406,5647066,5126031,2426442,778533,Rejected
904,3,Graduate,Yes,2563319,28256826,10,316,10112681,19501389,9176188,1646215,Rejected
905,1,Graduate,No,2018222,9608976,16,826,10260984,13777922,24397794,13462706,Approved
906,4,Graduate,No,5610687,11007408,4,798,8729371,10335851,27397854,14839560,Approved
907,5,Graduate,Yes,8399423,24225615,6,824,26630147,3606877,13774207,9370474,Approved
908,4,Graduate,Yes,763506,16726836,12,342,6435833,13899446,34654366,14066031,Rejected
909,5,Graduate,Yes,8034767,23927633,14,892,28451257,19340642,1010122,8043845,Approved
910,0,Graduate,No,9104337,9283613,8,649,15925132,17229558,2061119,8067802,Approved
911,4,Graduate,Yes,5672646,16368510,2,329,24367084,10213451,3712778,5495440,Rejected
912,0,Not Graduate,No,8451043,20159394,14,740,7906992,4705011,36024679,5691087,Approved
913,3,Not Graduate,No,5245416,13534640,18,841,5620807,2618448,12915507,7518515,Approved
914,1,Not Graduate,No,5473897,22788956,2,754,18196451,5979364,2837006,1541044,Rejected
915,5,Not Graduate,No,554182,13010897,2,393,16486070,438343,36596710,3992635,Rejected
916,1,Graduate,Yes,5342798,1694745,2,594,2017858,18759058,7320552,6173521,Rejected
917,0,Not Graduate,No,2840955,6049782,20,848,16595050,17322435,38018489,5728017,Approved
918,5,Not Graduate,No,2698002,4883877,14,388,3914859,6220686,7158637,14372807,Rejected
919,1,Graduate,Yes,3116585,5402427,18,802,26673320,6366962,29280733,853369,Approved
920,4,Not Graduate,No,1774255,23831254,6,513,7504238,14082873,33928267,8542293,Rejected
921,2,Not Graduate,No,7212022,7447965,16,721,11876556,12799565,6137110,14352297,Approved
922,0,Graduate,No,3979404,26030951,18,825,29805636,13844015,13973106,9553729,Approved
923,1,Graduate,Yes,5747239,22743090,6,491,21182052,14087479,35081368,8959464,Rejected
924,0,Graduate,No,6110122,11057413,6,523,29681714,12413975,4146223,13789335,Rejected
925,0,Not Graduate,No,2969785,6267324,2,854,3363818,3476923,6376433,8764099,Approved
926,5,Not Graduate,Yes,3714078,15811894,4,686,14276712,1307090,22498093,757994,Approved
927,5,Graduate,Yes,6163132,11456782,14,773,29289602,68866,12233528,2595469,Approved
928,2,Graduate,No,2864119,14100031,6,502,6787770,19498634,1553518,711974,Rejected
929,4,Not Graduate,No,9899755,29781417,14,746,2647640,4904844,30971385,5762066,Approved
930,0,Graduate,Yes,2297951,6566138,10,367,27485019,17738545,26158621,3263621,Rejected
931,1,Not Graduate,No,1779889,1468240,20,391,11030315,3097937,18951427,8507311,Rejected
932,3,Graduate,Yes,9127377,5871712,16,477,26267816,15803154,24006020,10416978,Approved
933,0,Graduate,No,487555,5302662,10,858,4433659,13976107,4683780,7462521,Approved
934,0,Not Graduate,Yes,3975944,28204220,6,302,2850540,13133815,30178481,9119871,Approved
935,2,Graduate,No,2944454,11837018,18,402,4413939,435938,30982609,1653340,Rejected
936,4,Graduate,Yes,8996785,16011212,14,572,12196332,3835968,32358963,6764350,Rejected
937,3,Graduate,Yes,3397418,10422670,10,833,26122554,19192127,37096023,7367058,Approved
938,5,Not Graduate,Yes,2988647,2091524,14,415,14093689,14772583,20878390,12588607,Rejected
939,5,Graduate,Yes,6424898,24434302,20,763,17087100,5212428,8550316,8465868,Approved
940,1,Graduate,Yes,6578384,7927327,18,403,20404668,9738565,30743513,878443,Rejected
941,3,Graduate,No,1770497,5268394,10,558,5938485,15238730,9068277,1885848,Rejected
942,5,Graduate,No,934158,20440949,14,607,8289768,11161856,14249136,701230,Approved
943,1,Graduate,Yes,2892205,6786289,18,666,5621495,18365877,2211833,1897639,Approved
944,4,Graduate,No,6359729,29719839,2,601,24431881,3461729,11446981,3766431,Approved
945,1,Not Graduate,No,9393839,25890946,8,859,8166341,16078195,17501485,10747491,Rejected
946,5,Not Graduate,No,1622771,15963045,2,326,14642942,15900835,37509908,1644307,Rejected
947,2,Graduate,No,7145685,19014370,16,807,3974044,16749158,25894829,8407079,Approved
948,2,Not Graduate,No,8418616,8744157,6,826,5843142,18155497,13453924,7156726,Approved
949,2,Not Graduate,No,7929395,10280232,4,664,7942190,9007802,27881732,2176020,Approved
950,5,Graduate,Yes,8476869,29942971,8,597,8135070,15815019,22214243,10986927,Rejected
951,2,Not Graduate,No,2679129,17252210,6,660,10246869,19680276,23709526,3105103,Approved
952,3,Not Graduate,No,1055434,18580091,10,803,14544447,13608933,35657694,7766593,Approved
953,4,Not Graduate,No,508697,7037292,16,887,1453970,14853248,2912828,12898677,Rejected
954,1,Not Graduate,Yes,3915799,21026501,20,329,26434317,13042362,17040760,1134608,Rejected
955,1,Not Graduate,No,4919707,24249034,16,738,13481373,16609051,18800547,9177974,Approved
956,5,Not Graduate,No,7479074,7907604,14,639,12724495,18525382,9382673,2718878,Approved
957,2,Not Graduate,No,8661516,18655866,16,425,18814285,17782379,31584097,9724120,Rejected
958,2,Not Graduate,Yes,6232290,7507293,10,895,2562396,13172232,39741494,8751492,Approved
959,0,Graduate,No,4403726,11914957,20,865,4756888,17452451,21114803,7796171,Rejected
960,4,Graduate,Yes,1042606,2899045,20,665,22188243,11865313,18549168,352230,Approved
961,3,Not Graduate,No,5932452,8392005,12,742,20686657,13814689,19324115,4241092,Approved
962,1,Not Graduate,Yes,7577775,29730768,16,562,6844008,10310943,12697969,6912633,Rejected
963,0,Graduate,Yes,4071549,9657706,2,521,28454594,19078209,22140358,10485787,Rejected
964,0,Not Graduate,Yes,9039023,29865614,12,301,27718245,2230115,14993473,2568635,Rejected
965,5,Not Graduate,No,5835312,28094344,12,693,16524996,11057642,20805645,11906207,Approved
966,1,Graduate,Yes,7924954,27645844,10,605,24963565,14519730,21305591,14902243,Approved
967,5,Graduate,Yes,3899446,6684016,8,445,1225180,1443831,37208433,3966992,Rejected
968,3,Graduate,Yes,4423138,14291351,2,829,10641678,1330393,18112893,14626687,Approved
969,0,Not Graduate,Yes,748723,4768710,20,827,29844497,2139564,34930970,3403333,Approved
970,0,Not Graduate,No,3432940,1749478,16,607,28138320,18061813,14171196,14941544,Rejected
971,4,Graduate,No,4973147,9630750,12,639,13729960,17945241,32514120,13310723,Rejected
972,3,Graduate,No,8673958,6277792,6,651,17470386,16936724,25954398,9906922,Approved
973,0,Not Graduate,No,9697445,28538744,6,508,15341174,12551761,28446911,2191731,Rejected
974,3,Graduate,Yes,9533640,7983679,12,504,11638536,1187834,38560655,9774164,Approved
975,1,Not Graduate,No,3085579,4696218,14,314,29507387,10287324,29828227,13180638,Rejected
976,2,Not Graduate,Yes,6112084,22321560,16,727,24750063,15729074,39397131,544015,Approved
977,0,Graduate,No,9280627,6091303,10,775,22639289,9193070,22353217,8564367,Approved
978,4,Graduate,No,7555554,5251300,20,597,25771589,2436187,14729504,9586245,Rejected
979,1,Not Graduate,No,1640352,12102333,12,856,22917063,6109176,9513398,3927810,Approved
980,3,Graduate,Yes,2077330,3362983,2,393,22006968,2339482,31712421,1429928,Rejected
981,5,Graduate,No,5282070,24784400,12,406,24650754,15801366,32110639,5141376,Rejected
982,1,Graduate,No,9143742,29292466,18,718,21707285,15582624,25580557,3856106,Approved
983,0,Graduate,No,5254379,12720267,20,577,21272292,3914988,10492819,8150453,Rejected
984,3,Not Graduate,Yes,7469056,9574874,8,427,27851750,14668540,15582266,8770917,Rejected
985,2,Not Graduate,No,4347036,3676758,20,758,21346102,6074550,12298546,6909783,Rejected
986,1,Not Graduate,No,6408087,3932733,2,337,15106552,6826491,10808074,14087108,Rejected
987,0,Not Graduate,Yes,1248278,840174,18,497,29679840,4748969,23933027,6804184,Rejected
988,4,Graduate,Yes,7235483,303811,8,656,28531679,4300321,5274704,12102552,Approved
989,5,Graduate,No,323182,18506710,4,306,6461844,12681596,31546896,9670235,Rejected
990,3,Not Graduate,No,4442895,21250763,2,855,7692387,8906242,24587076,455953,Approved
991,1,Not Graduate,No,7691818,10083130,6,631,15638745,7101445,8852500,13082740,Approved
992,1,Graduate,Yes,5417975,15297260,14,818,12358415,11709743,19131929,14282539,Approved
993,2,Not Graduate,Yes,8672714,5862637,20,493,11403546,5211749,18564498,6790694,Rejected
994,2,Not Graduate,Yes,364486,16067844,4,615,26963053,14889151,18218824,12131937,Approved
995,4,Graduate,No,4046556,12960853,18,300,1091072,15293815,7809885,11694086,Approved
996,5,Not Graduate,Yes,6459225,28208207,4,361,25415689,4751884,11848648,4500680,Rejected
997,4,Graduate,No,935062,28791997,10,642,24647530,7097379,34003319,11793463,Rejected
998,0,Graduate,Yes,927468,7145158,16,317,18141318,3596238,17707758,11039865,Rejected
999,0,Not Graduate,Yes,2264618,6356878,20,670,10656895,19857512,13081935,4367672,Approved
1000,4,Graduate,Yes,3654707,5657260,16,878,11536035,2320696,26235648,7301747,Approved
1001,5,Not Graduate,No,5072587,17407769,6,870,10205984,14666806,35205651,1821575,Approved
1002,4,Graduate,No,6484179,22640431,4,534,5714368,548576,20849166,9205000,Rejected
1003,5,Not Graduate,No,7114128,3895627,18,368,1459898,15313202,38626788,5860617,Rejected
1004,5,Not Graduate,No,2998658,1351782,6,746,27564745,13197147,22766624,4818891,Rejected
1005,3,Not Graduate,Yes,7862208,18944015,16,307,11700836,18191156,39516634,12150049,Rejected
1006,5,Graduate,No,1624241,15780246,4,761,2671846,16822307,5054342,13850697,Approved
1007,2,Graduate,Yes,1102810,25712534,6,610,4284127,18467702,24100348,1626754,Approved
1008,5,Not Graduate,No,5741543,13652684,2,433,29840056,2569240,14512912,7421760,Rejected
1009,5,Graduate,No,3914528,28395932,12,684,11421415,10676048,31000335,2587673,Rejected
1010,5,Not Graduate,Yes,5369619,1830934,14,355,9968769,496676,19111501,8584798,Rejected
1011,0,Not Graduate,Yes,6595021,22211522,8,659,9158152,11192117,31771098,12533301,Approved
1012,2,Graduate,No,7161507,11597678,2,413,6984227,18812333,15089842,4639648,Rejected
1013,2,Not Graduate,No,3895611,10516027,6,387,13971371,6196096,2571963,13351300,Rejected
1014,4,Graduate,Yes,5631159,18333314,18,437,20002265,18698438,21157762,8514045,Rejected
1015,3,Not Graduate,Yes,9634702,15291997,10,407,14196478,15875617,35259591,8493197,Rejected
1016,5,Graduate,Yes,3592389,28589969,12,799,6772778,668882,31098388,13018725,Approved
1017,1,Not Graduate,Yes,3616502,20165901,8,834,18594308,19218201,8914002,9773192,Rejected
1018,3,Not Graduate,Yes,8551870,29045521,2,443,17155034,4427752,13831951,3177301,Rejected
1019,3,Graduate,No,9342716,13513170,10,355,5220116,10678512,5796149,5796013,Approved
1020,2,Not Graduate,No,9321486,28991437,10,305,16461635,4953946,13797731,4113155,Rejected
1021,3,Not Graduate,No,6425175,20947891,10,841,15897100,19956005,6859431,950277,Approved
1022,5,Graduate,No,1201622,8585983,12,746,9013472,11228898,24085856,14066566,Approved
1023,5,Not Graduate,Yes,3446319,1919941,4,684,6537169,984378,2357478,9298132,Approved
1024,0,Graduate,Yes,1836617,4049244,2,606,28354979,616814,16020472,1816313,Approved
1025,5,Not Graduate,Yes,2666704,20374535,4,601,9758083,2571284,26300915,13850335,Approved
1026,5,Graduate,No,8950519,15308735,20,704,17901415,307957,3344397,5548791,Approved
1027,2,Not Graduate,Yes,1246251,19066681,12,861,29296248,10998873,5947879,4795111,Approved
1028,5,Not Graduate,Yes,485356,28183769,10,809,8801659,7801282,32977351,14826699,Approved
1029,0,Not Graduate,No,3203337,8568902,10,372,17311571,16193120,1534576,6492060,Approved
1030,1,Graduate,No,9757302,24802867,12,863,5951493,14305725,2727370,12214026,Approved
1031,2,Graduate,No,6763484,27458033,20,564,11411843,6747068,29491503,8709569,Rejected
1032,1,Graduate,Yes,8705089,2348753,14,526,25978499,13854799,8748815,5161537,Rejected
1033,2,Graduate,Yes,4462563,12348270,18,492,8582043,16488585,2080585,3872311,Rejected
1034,4,Not Graduate,No,3475654,14475475,14,673,20431818,13261451,8317325,2823975,Approved
1035,3,Not Graduate,No,3874777,17261045,4,309,4857499,17349458,13240136,13705272,Rejected
1036,4,Graduate,Yes,6433550,29434386,12,601,13942280,2805415,14858196,12953368,Approved
1037,5,Graduate,No,8322734,7536949,18,658,16087340,5790793,7598728,601213,Approved
1038,1,Graduate,Yes,9798821,26808532,14,351,24948637,2770993,14018658,10146239,Rejected
1039,5,Not Graduate,No,6125313,23461748,4,398,18371148,12942345,35318703,4356567,Rejected
1040,3,Graduate,No,4595102,27341537,6,892,25845048,2621277,26192083,8653565,Approved
1041,2,Graduate,No,8245021,29975431,16,312,7466210,82307,7345539,8945318,Rejected
1042,3,Not Graduate,Yes,8259562,22384148,18,689,27755734,13662592,5707285,9843279,Approved
1043,0,Not Graduate,Yes,7024125,17899978,8,656,28510975,18317610,22138382,7286007,Approved
1044,3,Graduate,No,2442019,6898161,18,310,29134662,14217831,10046451,3941717,Rejected
1045,0,Not Graduate,Yes,512051,14155062,4,380,4302304,13844257,9292178,11538270,Rejected
1046,3,Graduate,No,6370022,17431916,10,560,13730794,12758157,25926195,10428520,Rejected
1047,0,Not Graduate,No,2991004,14646239,4,305,3122721,15712040,6754770,6864239,Approved
1048,1,Graduate,Yes,6462748,8310174,2,757,28342884,1971369,36568660,561185,Approved
1049,5,Graduate,Yes,3768125,21325448,10,672,208407,7327756,23611441,6547906,Rejected
1050,5,Graduate,Yes,6856669,26526504,4,780,28398069,1286592,38138435,4579841,Approved
1051,4,Graduate,Yes,9742866,29463056,14,521,29592285,7342253,14603121,8626846,Approved
1052,5,Not Graduate,No,2642905,17728806,16,380,12207949,8320673,13264564,3872693,Rejected
1053,2,Not Graduate,Yes,9578778,1310280,4,814,20921244,18130878,15852755,7808626,Rejected
1054,3,Not Graduate,Yes,1612210,16909525,14,359,25203820,18633859,32490140,11439199,Approved
1055,4,Not Graduate,No,6225140,13478624,8,520,5798159,6244946,12306376,9873882,Rejected
1056,2,Graduate,No,6562781,16917665,2,648,21744502,1886080,12591701,12974672,Approved
1057,2,Graduate,No,3363257,13687587,6,860,13857678,16288012,15920758,11783220,Approved
1058,0,Not Graduate,No,2874986,10229439,2,527,11982213,6108529,37140413,749611,Rejected
1059,5,Not Graduate,Yes,3615814,7008801,10,589,9024904,17167108,27051770,1202602,Rejected
1060,1,Not Graduate,Yes,6236860,24970759,16,592,22985026,7371277,30362734,6120851,Approved
1061,1,Not Graduate,No,2150256,28783761,2,492,20594461,12772943,11745992,9158997,Rejected
1062,4,Not Graduate,No,3003528,19479442,18,773,23281564,14908063,8148397,11966322,Approved
1063,1,Graduate,Yes,5510825,4893485,6,556,2860524,4890266,5335553,375321,Rejected
1064,3,Graduate,Yes,4454284,18382131,10,805,25579093,10535171,30738169,2616969,Approved
1065,1,Graduate,Yes,9431822,28174584,18,687,11720038,11996294,6408504,3776704,Rejected
1066,4,Not Graduate,Yes,365301,4968073,10,697,3067748,19375592,8904657,11258510,Approved
1067,1,Not Graduate,Yes,5014974,7234855,18,665,1289497,6498384,26126718,14224645,Approved
1068,3,Not Graduate,No,9690628,14256763,20,589,12855356,4822074,33348379,11463148,Rejected
1069,0,Not Graduate,No,497180,23092062,16,608,6865319,6782025,20144207,13245079,Approved
1070,4,Graduate,No,3605914,20221517,14,577,20456149,14849262,11924387,11581485,Rejected
1071,0,Graduate,No,8365786,23405364,2,763,26751986,7170176,21420809,7996812,Approved
1072,0,Not Graduate,Yes,4377927,24051958,8,488,27932316,8065435,14928062,4969335,Rejected
1073,0,Graduate,No,5076831,28437567,18,477,5966595,3987770,24257258,11236431,Approved
1074,2,Graduate,Yes,5232403,10025127,20,827,28587913,7101813,32246948,7298016,Approved
1075,5,Not Graduate,Yes,3429065,4668798,16,674,28017855,6720948,7462114,5444045,Approved
1076,2,Not Graduate,Yes,787426,2001412,8,897,26204893,850374,15323271,7227678,Approved
1077,5,Not Graduate,Yes,3630460,16993967,2,753,22304332,19903078,33650282,3582092,Approved
1078,0,Not Graduate,Yes,1331614,16743879,20,516,25628515,7525250,2670068,5938429,Rejected
1079,4,Not Graduate,Yes,8203029,27020041,8,341,12751037,17054598,14692564,11515113,Rejected
1080,5,Not Graduate,Yes,2666507,8394682,6,493,19475858,19721224,33686136,14700319,Approved
1081,3,Graduate,No,5618673,10221576,12,626,25053961,8544487,11572063,10706043,Approved
1082,3,Graduate,Yes,976385,26604849,10,672,27344838,15964770,9344834,10223715,Approved
1083,1,Not Graduate,No,7664370,20077250,10,764,19949860,16711389,31483086,4918381,Rejected
1084,5,Graduate,No,9665027,2416400,4,462,11971765,7640743,23097430,7603755,Rejected
1085,4,Not Graduate,Yes,9595448,1269715,6,575,22601531,5933937,21906020,5218389,Rejected
1086,2,Not Graduate,Yes,9570097,7982638,12,663,7641141,19772989,20888306,10257311,Approved
1087,0,Not Graduate,No,4759512,24361566,4,779,9560607,19358013,39643514,5527647,Approved
1088,1,Not Graduate,No,6719453,19925716,8,759,29544821,3145702,38597189,1809157,Approved
1089,3,Graduate,No,7046090,7723760,4,564,23384449,6424058,35816235,10184910,Rejected
1090,2,Not Graduate,No,8807964,28134663,18,838,20898236,8092169,31834024,10114372,Approved
1091,2,Graduate,Yes,3195353,5882337,6,685,1674570,12869353,29756529,13822569,Approved
1092,0,Not Graduate,Yes,1875255,5368848,20,384,21909705,11871318,17457698,2934175,Rejected
1093,5,Not Graduate,Yes,9073208,4169617,20,615,9893083,10158795,39714237,5478984,Approved
1094,3,Not Graduate,No,2108151,23373502,12,542,18753558,13313341,10295053,3678138,Rejected
1095,4,Graduate,Yes,3489363,23029212,2,768,24808684,2551116,31319124,12894615,Approved
1096,2,Not Graduate,No,9234839,20662623,20,641,3459174,8795245,35648344,8641387,Rejected
1097,0,Not Graduate,Yes,9358430,15014920,6,476,21698409,14249008,11123925,747253,Rejected
1098,4,Not Graduate,No,2986202,16196865,16,429,19725691,12465906,23802652,5037027,Rejected
1099,5,Graduate,Yes,7913409,5405377,10,382,13519971,15182863,34019631,10747452,Rejected
1100,3,Graduate,Yes,4409229,12163986,16,659,16532735,9196616,20189996,10264387,Approved
1101,5,Graduate,No,1849379,21957206,4,387,21408245,17030003,38946263,2849292,Rejected
1102,2,Not Graduate,No,5751093,22712738,14,831,29092211,1706076,34360888,12587736,Approved
1103,4,Graduate,No,2592001,2233520,18,770,10629107,15311904,32522337,9049965,Approved
1104,4,Not Graduate,No,2516830,4338413,14,797,26879909,7966295,17680007,1613355,Approved
1105,4,Graduate,No,1433387,25215341,6,806,29820475,5153186,14821922,4747059,Approved
1106,2,Graduate,Yes,7825417,18114509,14,653,23708908,15604938,34560182,3490764,Rejected
1107,2,Not Graduate,No,8639426,26240325,16,715,10610878,5687846,9554632,5732790,Approved
1108,5,Graduate,Yes,2449119,25293250,2,350,11364550,15692620,25665146,10978909,Rejected
1109,1,Not Graduate,Yes,2651603,17781280,6,899,4135889,11284214,11899517,10696309,Approved
1110,5,Not Graduate,Yes,1697116,5906191,10,362,9485805,12904278,7300320,7560129,Rejected
1111,3,Graduate,Yes,5771944,16213052,12,388,1165597,18328,4591264,1655476,Rejected
1112,0,Not Graduate,Yes,8784036,7892515,6,489,14198596,10222511,1221351,11455058,Rejected
1113,4,Not Graduate,No,4795772,13887452,8,647,22090133,19451348,35692794,10834728,Approved
1114,1,Graduate,No,4489991,16805376,10,837,25314039,6603145,29443954,9596521,Approved
1115,0,Graduate,Yes,5941638,2710320,6,475,25529191,11086695,18370364,8033296,Rejected
1116,1,Not Graduate,Yes,6252677,12529979,8,663,15995822,1490130,27993864,11111593,Approved
1117,5,Graduate,No,4007114,14350673,10,853,12773074,16227170,2039594,3422412,Approved
1118,2,Not Graduate,No,8424767,9465337,4,782,14764168,18410042,3681117,12473427,Approved
1119,4,Not Graduate,Yes,6782123,771367,20,418,12255077,1146011,1423680,9961880,Approved
1120,5,Graduate,No,7005969,5946945,18,468,26073782,9839223,19946919,1967805,Rejected
1121,0,Graduate,No,4181048,27407834,20,446,7645496,1605953,22738807,339039,Approved
1122,0,Graduate,No,6279422,18888369,16,736,22158925,16575922,31977264,13716513,Approved
1123,0,Graduate,Yes,5836589,3597914,12,738,28359548,10768957,15080734,9958736,Approved
1124,0,Not Graduate,No,8146321,21941050,20,488,13783350,7456413,32276230,10425599,Rejected
1125,0,Not Graduate,Yes,9771226,12178863,6,459,21026729,9527025,1310701,9224268,Rejected
1126,1,Graduate,Yes,1871179,556185,4,701,11237096,13634599,21799460,10643632,Rejected
1127,5,Graduate,Yes,8684102,25114631,14,885,8902160,18933188,7715793,3726011,Approved
1128,4,Not Graduate,Yes,3428409,9578475,16,317,16908012,8506557,27743454,11699997,Rejected
1129,2,Not Graduate,Yes,8427953,1187381,20,439,20443327,7539726,13744216,4978096,Rejected
1130,2,Not Graduate,No,5098841,1247407,2,414,19958288,12300162,18741526,11509906,Rejected
1131,5,Not Graduate,Yes,8524878,19123883,12,627,22661202,19320087,2423803,13128538,Rejected
1132,5,Graduate,Yes,3214130,16886506,14,524,16260748,4283304,24476620,6564141,Rejected
1133,2,Not Graduate,Yes,7792443,16222067,18,857,13493832,8299454,13966439,13304851,Approved
1134,2,Not Graduate,No,8528736,5688658,6,738,1841888,11770159,12591726,13334313,Approved
1135,1,Graduate,No,4947492,27119904,4,849,2018912,8037934,36290325,10060417,Approved
1136,3,Not Graduate,No,2311278,26095546,10,685,7403524,13278708,19737595,190061,Approved
1137,4,Not Graduate,No,8175518,4379490,20,820,25147975,6758859,36792997,14433264,Approved
1138,0,Graduate,No,416651,1950123,2,552,4748977,9324807,23829650,12078965,Approved
1139,3,Graduate,No,8505530,18455229,12,397,25362755,10486989,24761579,9446833,Rejected
1140,5,Graduate,No,6820661,28191400,18,370,12678590,460282,26359142,9168834,Rejected
1141,2,Not Graduate,Yes,6567038,23448532,20,850,28048597,13349393,33162444,9613903,Approved
1142,3,Not Graduate,Yes,7772491,12518492,18,746,18903262,8650490,18138278,14447833,Rejected
1143,4,Graduate,No,805502,14269397,14,389,22195616,10586861,6946400,14221330,Rejected
1144,5,Graduate,Yes,2735244,24617284,14,729,12226958,5083542,4818452,4108465,Rejected
1145,0,Not Graduate,Yes,1760155,9273696,16,518,28812371,5577877,24912183,11252051,Rejected
1146,0,Graduate,No,1811589,24068169,20,406,24066691,13340818,30082708,7064893,Rejected
1147,4,Graduate,Yes,668163,18886096,4,775,3847256,16506869,1495136,13966751,Approved
1148,4,Graduate,Yes,9428420,14704035,12,753,24984232,5014141,37470399,4741316,Rejected
1149,2,Not Graduate,No,970008,1965407,10,843,9047157,3066813,33898675,13757383,Approved
1150,0,Not Graduate,Yes,4698907,24336622,10,425,28004631,9695410,21106546,10785189,Rejected
1151,5,Not Graduate,No,3200102,16760146,6,446,4572155,18894224,4052113,9852142,Approved
1152,3,Not Graduate,No,6789763,22425338,6,579,2477305,12413670,4260091,9110168,Rejected
1153,5,Not Graduate,Yes,9633262,10369127,12,323,3960851,12814658,28392637,13287490,Rejected
1154,1,Not Graduate,Yes,7886906,14046875,20,419,8278633,3385019,27035766,6997498,Rejected
1155,1,Graduate,Yes,2578772,2574427,20,596,9031127,8464782,19500762,12341815,Rejected
1156,4,Not Graduate,No,3676452,10061174,14,381,24744782,6115664,26783709,103961,Rejected
1157,2,Not Graduate,No,3597559,5109486,2,747,3959970,4840747,19815778,1183958,Approved
1158,1,Graduate,No,8937345,3468410,6,769,15072033,4761133,18909502,868717,Approved
1159,0,Not Graduate,Yes,3021562,1034814,2,722,4703445,7219612,32930401,3596662,Approved
1160,5,Not Graduate,Yes,5940592,5032206,20,844,25791428,6929791,29272361,904360,Rejected
1161,5,Graduate,No,1712185,16601725,6,323,7368023,4750815,18867141,10820361,Approved
1162,4,Graduate,Yes,8770209,25572313,10,360,23776830,5365418,25875570,4505614,Rejected
1163,3,Graduate,Yes,4462986,15397782,18,383,5439488,1384643,12594366,12335153,Rejected
1164,4,Not Graduate,No,3568737,6506377,6,524,8079231,13079150,29098556,10677652,Rejected
1165,3,Graduate,No,2744544,8016163,20,485,23563914,14721681,9144760,10724818,Rejected
1166,4,Not Graduate,Yes,9883737,2862734,20,674,17154649,11851184,38958896,9301766,Approved
1167,4,Not Graduate,No,5525910,21029770,18,371,3609954,12571506,11211410,11622834,Approved
1168,4,Not Graduate,Yes,5563240,19923381,2,373,18498966,18900393,25705036,9781220,Rejected
1169,3,Not Graduate,No,2228217,10717218,12,640,26379420,607460,24684662,11188244,Rejected
1170,3,Graduate,No,859297,8290798,18,452,7217167,893451,30328682,12343281,Rejected
1171,4,Graduate,No,7185481,10626638,10,395,14736697,11547613,17522587,434714,Rejected
1172,1,Not Graduate,Yes,5948777,6592197,20,864,29828333,2066806,33250995,551616,Approved
1173,2,Graduate,Yes,7426460,24193856,4,744,25351467,16105499,22404061,11174667,Approved
1174,2,Not Graduate,No,9751544,13900909,10,409,26676371,11410803,20156844,339013,Rejected
1175,2,Not Graduate,No,5706774,20778575,2,757,28832047,17656112,9161075,10468268,Rejected
1176,3,Not Graduate,No,9177914,16768096,18,350,11521620,7871229,27110930,11742800,Rejected
1177,3,Graduate,Yes,5437264,24732436,20,676,3439335,13725093,1021819,1624808,Approved
1178,1,Not Graduate,No,1645819,26929040,20,372,18430032,11194553,31467138,14183929,Rejected
1179,2,Not Graduate,No,2433969,1088807,18,511,3144699,3904045,1169716,2591572,Rejected
1180,2,Graduate,No,392803,14166225,12,731,2440102,19117669,13847782,2698784,Approved
1181,4,Graduate,No,2653039,11415081,18,467,20904878,8368344,27899388,12182955,Rejected
1182,3,Graduate,Yes,6159776,5881801,6,630,3233948,11022046,1855572,14508855,Approved
1183,2,Graduate,Yes,7552182,19560900,8,793,5486747,2241988,33530536,8098975,Approved
1184,5,Not Graduate,No,5631369,14647097,12,442,2414659,5419331,20756095,6080032,Rejected
1185,1,Graduate,Yes,6353283,10473851,8,881,14998247,736754,28599829,8794851,Approved
1186,5,Not Graduate,Yes,6332469,14970155,2,744,12573998,2594372,32042250,4683302,Approved
1187,5,Graduate,Yes,6691212,20766416,14,693,21614813,10152132,2981264,1680403,Rejected
1188,1,Graduate,No,8420879,14077229,10,811,21182257,14519567,22758634,4600827,Approved
1189,5,Graduate,Yes,7405273,9189069,16,627,19844813,6236177,36314186,6709892,Approved
1190,2,Graduate,Yes,4728458,800066,18,558,28142980,7256170,10728410,4787862,Rejected
1191,3,Graduate,Yes,4527219,25998268,10,736,6083336,8171024,4521490,13593956,Approved
1192,1,Graduate,No,9391099,21086635,16,863,25488140,16363644,18276805,9231814,Approved
1193,4,Not Graduate,No,977150,5418259,2,648,1844188,18997730,29464897,14919359,Approved
1194,5,Graduate,Yes,6516851,5576433,2,814,16398104,5836369,39797278,4107856,Approved
1195,1,Graduate,Yes,5672587,17441483,14,748,8967314,5212786,36747771,13161022,Approved
1196,0,Graduate,No,9360077,2893153,12,698,23808714,4735326,25906495,3145995,Approved
1197,0,Graduate,No,2521991,15373729,10,895,231777,17510174,39174319,164590,Approved
1198,3,Not Graduate,Yes,5662762,4022874,10,513,8802262,8854404,14472408,10859426,Rejected
1199,2,Graduate,Yes,1876099,23699376,18,845,17709941,9298344,21305651,10687632,Approved
1200,3,Graduate,No,2290651,24096809,2,861,18830446,5663183,29762033,7926285,Approved
1201,3,Graduate,No,6055113,15170993,16,588,26285444,17216211,29058292,12152654,Rejected
1202,3,Graduate,Yes,9363064,12655029,4,558,28897350,4627701,7645543,9040910,Rejected
1203,3,Not Graduate,No,9481763,4950258,14,557,4159107,1585328,21440298,11757230,Approved
1204,4,Graduate,Yes,727169,25673433,12,687,28193828,8940028,32753938,8532690,Approved
1205,4,Not Graduate,Yes,7323801,4722900,20,844,27776344,13831845,3873321,1091338,Approved
1206,1,Graduate,Yes,3981876,25966240,4,564,14353167,13040677,35221262,152945,Approved
1207,0,Not Graduate,No,5265521,21028727,6,612,11693614,2132458,8376551,6256756,Approved
1208,3,Not Graduate,Yes,2097465,3638236,8,339,13655546,7717307,21944288,8947561,Rejected
1209,1,Graduate,Yes,2463567,23004035,14,509,9473967,15943699,9071827,2270644,Approved
1210,0,Graduate,No,5898485,18959480,16,571,160216,2141910,33210239,11248505,Rejected
1211,5,Not Graduate,No,4865770,21714051,4,435,4892291,14937643,1433679,5145288,Rejected
1212,2,Not Graduate,Yes,9905069,28285341,16,898,24697605,17031278,13059759,6856215,Approved
1213,4,Graduate,Yes,8736341,23796030,18,359,18188145,14387686,21587835,11537826,Rejected
1214,5,Not Graduate,No,8883585,18486206,14,809,2595202,19759192,12187835,7244832,Approved
1215,0,Not Graduate,No,2924006,2801822,2,814,2621880,10733461,13205423,2066996,Approved
1216,5,Not Graduate,No,1319816,20245729,12,314,26901173,1712199,1999624,9864554,Approved
1217,2,Graduate,Yes,5368949,13634098,16,554,27283863,14425992,11913810,153583,Rejected
1218,0,Not Graduate,Yes,4171183,19516884,10,834,5814078,19459470,26936000,3353908,Approved
1219,5,Not Graduate,Yes,4172369,24710763,4,534,4625946,1302931,25545500,12664584,Rejected
1220,4,Not Graduate,No,4750038,17663742,10,430,29866372,12437154,39519416,7511914,Rejected
1221,4,Graduate,Yes,3426250,26814604,16,316,7695937,962810,7644977,6505629,Rejected
1222,1,Graduate,No,2670950,11714972,4,484,8893541,18328420,31361949,14684926,Rejected
1223,5,Not Graduate,Yes,6610563,28510005,2,690,13703514,12953594,2908363,2696016,Approved
1224,3,Graduate,No,8989784,5753526,8,722,18969390,17438267,12953314,2213600,Approved
1225,5,Not Graduate,Yes,9659646,16781715,8,741,3800561,16910241,11270765,874696,Rejected
1226,0,Graduate,Yes,1243423,7494518,18,855,5064197,9410402,23018607,3168127,Approved
1227,0,Graduate,No,8515308,25094190,6,311,3616951,19373640,28921207,5357595,Rejected
1228,5,Not Graduate,No,2717626,27852857,8,819,27666220,15462006,22184492,12394398,Approved
1229,2,Graduate,Yes,292889,2178850,6,379,10322528,18689205,16620485,7868031,Rejected
1230,4,Graduate,No,917884,15497718,4,601,7042959,7491289,23930413,4844489,Approved
1231,0,Graduate,No,4809635,10846003,8,515,2123715,19865855,14107568,3753188,Rejected
1232,4,Not Graduate,Yes,2998945,14276636,16,547,26564337,3261527,38058092,1302346,Approved
1233,0,Graduate,No,4615880,27697932,2,840,5771471,14517096,29502508,11151620,Approved
1234,1,Graduate,Yes,3302923,1476807,16,571,1299968,7131627,19591333,8104235,Rejected
1235,3,Not Graduate,Yes,9454404,28656408,16,432,9556485,2677071,6486821,6371693,Rejected
1236,0,Graduate,No,6816243,7841734,6,304,24923978,9324057,26187672,11209739,Rejected
1237,4,Graduate,No,7815487,11683943,20,841,24038821,12752278,7789677,127442,Approved
1238,1,Graduate,Yes,3337877,26717361,20,440,8235632,19625248,21768099,8646376,Rejected
1239,0,Graduate,Yes,4648388,28780360,12,782,17131747,19207608,38365249,8051419,Approved
1240,2,Graduate,Yes,8718074,27905594,8,604,6983853,2309149,35956188,14737510,Approved
1241,3,Not Graduate,Yes,7570563,15687299,2,644,11915453,3038921,7318512,2285551,Approved
1242,0,Not Graduate,Yes,7951066,16524078,2,861,25001741,12821373,10132333,11639099,Approved
1243,1,Graduate,Yes,1794575,18636484,10,569,27267955,13573667,30936338,10351387,Rejected
1244,2,Graduate,No,6345660,19471705,16,407,9186727,8604284,18510397,13042790,Rejected
1245,5,Graduate,No,1932329,18897828,2,857,25775189,7480542,36374986,5691053,Approved
1246,1,Not Graduate,No,2057084,18702214,4,773,9500292,11080827,37974248,14392383,Approved
1247,1,Not Graduate,Yes,1594994,12904349,14,381,15659555,17537706,39763149,5375399,Rejected
1248,2,Graduate,No,4714057,25798182,16,383,10684777,16488421,20441155,6258362,Approved
1249,1,Graduate,Yes,1746557,6917064,6,589,27361011,19481582,8780205,4455121,Rejected
1250,2,Not Graduate,Yes,7598512,975475,16,370,21070427,848098,32011991,10878810,Rejected
1251,0,Graduate,No,7284932,401065,2,474,28364823,16333348,21691283,4723416,Rejected
1252,2,Not Graduate,Yes,5168901,10592349,18,762,29713108,2951996,35992432,12245410,Approved
1253,2,Not Graduate,Yes,3400890,10519097,4,694,15240706,2057823,4764351,1645181,Approved
1254,3,Graduate,Yes,229882,11465187,4,390,28038287,16510583,7137592,14791361,Rejected
1255,2,Not Graduate,Yes,2875518,24757125,8,768,2136991,13944810,18152338,6310073,Approved
1256,2,Graduate,Yes,9875864,10622135,20,733,13893865,11605428,22352253,4220313,Approved
1257,5,Graduate,Yes,1598705,10628845,6,548,24956675,38009,10705488,5209732,Rejected
1258,0,Graduate,No,6411715,21656648,8,871,26050336,588264,8813016,8542791,Rejected
1259,3,Graduate,Yes,7004327,15478624,12,540,15331194,4058362,3598906,8941586,Rejected
1260,5,Graduate,Yes,5017530,8063024,14,795,17805436,1292866,31814782,12877557,Approved
1261,4,Graduate,Yes,7134063,8384268,10,639,7654830,14319073,15883193,12578623,Approved
1262,0,Not Graduate,Yes,756831,3080631,4,770,18891881,16160293,30608537,3506248,Approved
1263,0,Not Graduate,No,9237175,14671418,6,762,24712819,14525157,18550687,13420065,Approved
1264,4,Not Graduate,No,6911987,15859622,20,574,18710197,10106192,37999483,335374,Approved
1265,2,Not Graduate,Yes,4797577,10383336,6,314,24839505,11499687,37495805,10370407,Rejected
1266,5,Graduate,Yes,9417955,3131402,10,340,469199,9161664,32745208,13447945,Rejected
1267,1,Not Graduate,Yes,5332869,3536386,10,507,2681108,10397624,6544466,6159398,Rejected
1268,3,Not Graduate,No,9278125,295961,8,359,25260698,16686407,5819562,3466399,Rejected
1269,1,Not Graduate,No,8962127,7837099,16,664,12729320,9485557,35625686,7548850,Approved
1270,4,Graduate,No,7682426,29348852,12,539,7024151,4640334,33220580,12516288,Rejected
1271,0,Not Graduate,No,8134132,3846050,12,459,5379410,6487665,35081467,3853973,Rejected
1272,0,Graduate,Yes,7311905,4226030,2,696,26275248,11398872,17061863,11499425,Rejected
1273,3,Not Graduate,No,2230888,20383476,12,799,21005833,833404,22023097,9841250,Approved
1274,0,Graduate,No,1237904,9993385,6,508,21917682,10644979,36567909,4033403,Rejected
1275,0,Graduate,Yes,5834222,29363648,12,432,25867770,4213599,5716415,10248813,Rejected
1276,3,Not Graduate,Yes,6246941,19019213,20,680,25034578,7023628,25559167,9535662,Approved
1277,5,Graduate,No,6588406,4179162,12,732,26116164,13375182,12904107,14379188,Approved
1278,5,Graduate,No,4569246,28665811,4,688,5686401,213765,1908972,9317869,Approved
1279,3,Not Graduate,No,8553170,13839905,2,882,24046222,4917344,19977692,10113754,Approved
1280,4,Not Graduate,No,9480320,6504892,6,731,27389481,6199132,31336129,4447239,Approved
1281,0,Not Graduate,Yes,7842897,24455446,10,573,27451806,19721957,39594614,918769,Rejected
1282,0,Graduate,Yes,8861351,3529031,8,650,8101565,506212,38315656,14093589,Rejected
1283,4,Graduate,No,8923346,27851264,14,433,1232628,1078059,14004812,9430800,Rejected
1284,5,Graduate,No,6967414,14869852,8,365,20292020,8895007,31827599,10593734,Rejected
1285,2,Not Graduate,No,6101179,7988323,16,504,11455637,17488125,13532702,3386291,Rejected
1286,2,Graduate,No,8454080,19604378,14,597,11271361,10218677,7304795,7180192,Rejected
1287,2,Graduate,No,7213383,11870780,20,416,26462184,18660315,25652582,7862248,Rejected
1288,5,Graduate,Yes,397170,28201860,18,566,20484353,314533,19984493,975272,Rejected
1289,5,Graduate,Yes,5814058,15850845,2,448,29489233,7839908,1820436,9286538,Rejected
1290,4,Graduate,Yes,5623444,22871515,10,493,10616142,17891301,33021424,10401490,Rejected
1291,0,Graduate,No,7560983,8021275,8,478,27713012,493417,38449615,3370309,Rejected
1292,4,Graduate,No,4574296,10302707,12,447,25779699,18478184,5692572,14381486,Rejected
1293,4,Not Graduate,Yes,4965358,15049672,2,764,21091109,8541497,38141050,2814195,Approved
1294,5,Not Graduate,Yes,7699455,12372342,12,868,794961,2436264,38195979,13761413,Approved
1295,2,Not Graduate,No,2774584,24198028,2,304,4677277,11795357,15063426,10778056,Rejected
1296,1,Graduate,Yes,7982634,14983793,2,825,24830988,8115797,15732325,2537341,Approved
1297,0,Graduate,No,5190044,8760592,16,579,13116803,9285043,34165468,2366030,Rejected
1298,5,Not Graduate,No,2765513,21567352,4,798,4459742,19007999,9975045,9979193,Approved
1299,2,Graduate,Yes,3767008,8791520,20,735,27760043,801176,3258950,6950470,Rejected
1300,1,Not Graduate,Yes,647095,17684575,12,515,11857992,14055859,28251194,4344752,Rejected
1301,1,Graduate,Yes,7024464,15787502,12,814,8102974,8208996,2115575,13639525,Approved
1302,5,Graduate,No,2901433,18810846,12,436,19214753,56898,5869358,9862943,Rejected
1303,3,Not Graduate,No,9574587,3261057,16,894,6038831,2700163,37187114,14114043,Approved
1304,0,Not Graduate,Yes,6800713,17941583,8,579,17864863,6655038,2697789,9284264,Rejected
1305,1,Not Graduate,No,1035358,9928213,6,431,23948320,13165599,18952770,12491386,Rejected
1306,5,Not Graduate,No,2171472,19644100,12,692,16227363,18499158,23646863,6058189,Approved
1307,5,Not Graduate,No,1279229,22103263,8,780,8101326,12023246,26901322,3941157,Approved
1308,2,Graduate,Yes,1340441,25637522,4,812,10627731,4307518,3790972,10763875,Approved
1309,3,Graduate,No,1394447,10716196,12,718,6872160,4521039,39759606,8962735,Approved
1310,0,Graduate,Yes,6739991,22207169,20,501,21862611,5249366,9035209,5242742,Rejected
1311,4,Not Graduate,Yes,1787916,28661446,10,761,7706574,6243559,14236706,7954504,Approved
1312,2,Not Graduate,No,2434268,27659490,18,501,16359170,5439341,14591348,3066979,Rejected
1313,1,Not Graduate,Yes,6642399,1199984,12,451,3143276,8417408,28345499,10711005,Rejected
1314,1,Not Graduate,No,2803087,15196983,6,521,9759697,692580,7590764,12324871,Rejected
1315,2,Not Graduate,Yes,5161826,9683490,10,378,19902668,17425826,10780296,4252695,Rejected
1316,5,Not Graduate,Yes,5399648,23307276,20,499,24919753,711614,7521108,3361351,Rejected
1317,1,Graduate,No,6836708,14754662,16,398,24871550,2371165,38535757,4012637,Rejected
1318,3,Graduate,Yes,9872204,2494712,18,512,6103155,6852198,36035140,6435383,Rejected
1319,0,Graduate,Yes,249892,1221015,16,442,8683494,18311024,23384645,5861925,Rejected
1320,3,Graduate,Yes,6673049,9031138,6,688,22356184,18213529,30523788,4135879,Approved
1321,1,Graduate,No,5272237,11291374,18,673,4869767,6257420,27241100,10555237,Approved
1322,4,Not Graduate,No,7230736,10402940,6,351,27007035,7672949,24447941,12704985,Rejected
1323,0,Not Graduate,Yes,8934143,26087505,16,434,4832529,7406358,27635242,7700525,Rejected
1324,0,Not Graduate,Yes,6771520,10423740,20,710,20173585,7911915,19695996,8876269,Approved
1325,2,Not Graduate,Yes,3318113,7272937,18,769,11827355,445402,28555212,11196305,Approved
1326,2,Not Graduate,No,6260297,20262591,14,411,6665943,9255330,37059935,761932,Rejected
1327,4,Not Graduate,No,9796543,17748726,8,824,24536267,7598216,37778123,10982926,Approved
1328,5,Graduate,Yes,9371667,6685894,20,343,23102463,17449185,1905565,11981058,Rejected
1329,0,Not Graduate,No,2422854,29126696,18,696,26772456,11496781,17887237,13655717,Rejected
1330,4,Not Graduate,No,3492239,4691204,6,884,24539329,2217188,21483912,4989917,Approved
1331,2,Not Graduate,No,1115108,4711315,6,560,14857133,7414571,1362416,2937715,Approved
1332,2,Not Graduate,No,5077323,6908807,4,844,5785443,551356,35692559,12110768,Approved
1333,0,Graduate,Yes,2584272,29922531,20,687,15728700,7387028,2004316,520947,Approved
1334,3,Graduate,No,3020377,21213023,6,775,23593244,9367558,1171755,3935503,Approved
1335,1,Not Graduate,No,1618351,7908915,2,709,24232686,14356607,37262248,10633573,Approved
1336,2,Graduate,Yes,5117970,17228987,8,879,17034654,1138016,39520929,9463815,Approved
1337,5,Graduate,Yes,3926713,10676141,16,315,26131760,19042274,20145299,8737820,Rejected
1338,5,Not Graduate,No,9183278,4646475,10,401,28166898,13466284,30113598,4420795,Rejected
1339,2,Not Graduate,No,9391691,28664193,4,485,19648901,18305237,23526317,12102444,Rejected
1340,3,Not Graduate,Yes,380116,27025132,6,324,13691066,19224169,34590683,534076,Approved
1341,3,Not Graduate,Yes,987001,9345406,2,371,16570704,15189586,22888706,14802077,Rejected
1342,4,Not Graduate,Yes,5248245,8582784,4,892,15108462,13905269,39115553,10589004,Approved
1343,5,Graduate,No,8883790,14375443,2,872,18293316,6955428,35981058,320179,Approved
1344,4,Not Graduate,No,9817344,8823622,4,317,3806779,1210058,34311235,2954841,Rejected
1345,5,Not Graduate,Yes,1452825,13254587,6,869,6719441,3019816,13699341,1343088,Approved
1346,1,Not Graduate,No,2502690,29119839,2,631,29940694,17885900,10733654,1750292,Rejected
1347,1,Graduate,Yes,922153,9284344,18,868,24520739,5473627,10305169,4073622,Approved
1348,0,Not Graduate,No,3646010,7946431,20,396,9054580,4595248,33991286,8699093,Rejected
1349,4,Not Graduate,Yes,6692922,1952040,10,311,654999,19075214,22884574,9953154,Approved
1350,2,Not Graduate,Yes,7515845,25357115,16,310,25017857,19647028,22494820,3266316,Rejected
1351,4,Graduate,No,2769395,999321,10,462,20178586,14960672,24361271,13007238,Rejected
1352,2,Not Graduate,No,3532951,7499518,16,582,21500100,10254454,1037460,9202655,Rejected
1353,3,Not Graduate,No,511416,3835568,14,540,11288729,17307423,37906823,10777555,Rejected
1354,4,Not Graduate,No,337980,15771412,8,344,24104995,3051748,15917917,11872714,Rejected
1355,3,Graduate,No,2701212,2620022,14,892,12085074,8476611,10098616,13361910,Approved
1356,1,Not Graduate,No,7329343,20062188,12,554,10092863,1399992,25600230,7965105,Rejected
1357,1,Not Graduate,Yes,6035615,28810710,6,366,9028684,7807805,16658554,14124931,Rejected
1358,0,Not Graduate,No,5124191,19025065,18,341,675343,18686801,37155968,14064115,Rejected
1359,4,Graduate,Yes,1024765,6255343,20,683,10175659,7967958,9382348,10462165,Approved
1360,3,Not Graduate,Yes,1107651,20812069,18,888,8957256,2032769,24913599,1656858,Approved
1361,2,Not Graduate,No,9982357,25977935,10,533,12014551,14914380,34970047,14073062,Approved
1362,1,Not Graduate,Yes,1550417,13812586,16,784,14735087,19773711,4537888,4191619,Approved
1363,1,Graduate,Yes,6246946,16864921,14,338,2089645,6893301,10304332,1420937,Rejected
1364,2,Graduate,No,6902705,7970579,18,310,16483029,8153722,10156515,5578512,Rejected
1365,3,Not Graduate,No,1190391,19618402,14,708,17750110,18465170,28865788,5878724,Approved
1366,3,Graduate,No,4449367,25772923,8,407,6060445,9063327,9713318,13022160,Rejected
1367,4,Graduate,Yes,7035084,27470748,8,393,26327776,4286018,16933221,14020546,Rejected
1368,4,Graduate,No,787069,10703688,16,383,5128342,17440112,37834708,5810114,Rejected
1369,5,Not Graduate,No,4147061,14653934,12,357,5159129,9099039,5166186,5231740,Rejected
1370,5,Not Graduate,No,3356366,5390299,18,592,6121215,13228648,37358184,8168616,Rejected
1371,0,Graduate,No,6398980,18244041,20,315,1473716,16554520,39945397,11891012,Rejected
1372,1,Graduate,Yes,2515138,12879891,14,776,4374760,10269748,30423912,9995995,Approved
1373,4,Graduate,No,5749348,3928471,14,464,165783,9513206,10940758,8526807,Rejected
1374,3,Not Graduate,Yes,4615972,2220556,8,736,6225694,12978512,18443013,14153481,Approved
1375,2,Not Graduate,No,6786242,15639152,6,702,10518221,19902496,34016424,11522318,Approved
1376,3,Graduate,Yes,749666,10004283,16,685,8768117,15049502,1620982,9715448,Approved
1377,1,Graduate,Yes,4183027,8589573,14,437,19994539,15804963,21296430,7705515,Rejected
1378,5,Graduate,Yes,7875862,20603564,8,830,1003261,1475926,37504943,12767621,Approved
1379,3,Graduate,No,9755355,3416219,8,592,17566079,14540267,32545388,11432726,Rejected
1380,0,Not Graduate,Yes,8547131,24963184,2,774,17215747,14740656,9738278,10762787,Rejected
1381,1,Graduate,No,5805085,8067502,14,761,8568550,16717867,8592217,11726940,Approved
1382,5,Not Graduate,No,4982969,16202179,2,672,14401776,13312303,15047734,1711180,Approved
1383,2,Graduate,No,7276083,27203451,20,461,8486445,18359965,1363376,10410638,Rejected
1384,5,Graduate,No,4973283,22601390,20,343,25142286,4602538,20778156,4350974,Rejected
1385,0,Graduate,No,2259417,12791181,8,382,7310795,5371886,36679065,6028881,Rejected
1386,1,Graduate,Yes,7997551,3057428,6,838,20355339,15824604,33680765,11171793,Approved
1387,2,Graduate,No,7994087,27795434,6,818,18614533,13295333,17032546,5624070,Approved
1388,0,Not Graduate,Yes,4388432,13594327,2,710,27618361,16827289,7897625,1820521,Approved
1389,5,Graduate,Yes,2608359,6425598,8,640,14212858,8329646,28631594,9806415,Approved
1390,0,Graduate,Yes,5010374,27472675,2,388,20077724,3957156,5239286,8075958,Rejected
1391,1,Graduate,Yes,2032760,18546306,16,529,15895052,12675202,10961672,12462198,Rejected
1392,4,Not Graduate,Yes,2642367,16098177,2,317,9777327,3642777,38617871,7963388,Approved
1393,0,Not Graduate,Yes,7047101,10688041,12,580,10201869,462561,3910562,12723623,Rejected
1394,0,Not Graduate,Yes,2739065,14153597,14,721,5241254,15364673,21585673,4543090,Approved
1395,5,Not Graduate,No,2226091,14265164,20,637,29559103,10737788,5001504,13643732,Approved
1396,5,Graduate,Yes,9778942,24728563,4,565,24347036,9563563,37976207,5051941,Rejected
1397,2,Graduate,No,3931622,25766332,8,654,3506936,14357071,23112347,9222524,Approved
1398,5,Graduate,Yes,7985363,17988761,6,659,5278974,1283309,34997355,8007863,Approved
1399,3,Not Graduate,Yes,9304687,12195284,18,516,1401775,14505078,20988064,2594839,Rejected
1400,1,Graduate,Yes,3287686,8577852,14,620,17724310,10299437,37891503,4224361,Approved
1401,1,Graduate,Yes,1154227,19916598,4,511,5340831,5744723,18348157,3272850,Rejected
1402,4,Not Graduate,No,4272476,7148369,12,502,25346073,13560601,20295783,1405211,Rejected
1403,4,Not Graduate,No,5027976,8682676,18,452,11166573,4809055,29552909,14505773,Rejected
1404,1,Not Graduate,No,3598499,24610575,6,728,14659576,17486460,17394253,13275859,Approved
1405,4,Graduate,Yes,258031,16468298,12,586,4167133,18075460,32875433,7779045,Rejected
1406,2,Graduate,Yes,8459282,16786312,6,620,18958781,14685355,11957952,7491491,Approved
1407,5,Not Graduate,Yes,2651550,757739,6,735,1920407,6725865,7604357,1670489,Approved
1408,1,Graduate,No,2281552,18152637,8,891,16990310,18463924,7564360,5643795,Rejected
1409,4,Not Graduate,Yes,7510982,27867676,18,795,7758379,13372466,6622674,14587246,Approved
1410,1,Not Graduate,No,1378642,22993874,16,448,11847394,13112076,30643765,7472068,Rejected
1411,3,Graduate,No,5581862,796480,2,841,5304954,16730792,29679023,2252239,Approved
1412,0,Not Graduate,Yes,7804869,9817137,2,781,28499149,13874570,8873949,8462361,Approved
1413,5,Not Graduate,Yes,8179633,22041837,14,625,20497010,11324844,24454762,8655558,Approved
1414,1,Not Graduate,No,4311932,23635893,6,328,2461386,17403881,12969517,10545147,Rejected
1415,0,Graduate,No,1934441,7318708,14,558,10346070,17404203,11846323,14650593,Rejected
1416,4,Not Graduate,No,1452876,15852064,18,374,14310860,10721187,38065907,5223596,Rejected
1417,0,Not Graduate,Yes,8137108,23124112,6,856,4764763,2017255,11446058,5002593,Approved
1418,5,Not Graduate,Yes,3160841,7332874,6,880,11364233,4611744,3747406,3660251,Approved
1419,1,Not Graduate,Yes,7945073,15531027,4,797,17591142,14546866,2426049,13926429,Approved
1420,3,Not Graduate,Yes,2792859,18820635,20,715,553104,14932767,32444683,7059528,Approved
1421,4,Not Graduate,Yes,8192388,27048238,2,639,22741487,12463721,32669432,11918783,Approved
1422,1,Not Graduate,Yes,5967204,21484227,18,607,14944959,13320725,3013686,13778003,Approved
1423,5,Graduate,No,7896124,20203470,12,540,9438119,16860392,15966059,6538532,Rejected
1424,4,Graduate,No,2118715,19306581,12,552,17768208,4769401,37405134,7787874,Rejected
1425,2,Not Graduate,No,7054795,16011637,16,519,4291180,6631221,33544588,10299361,Rejected
1426,0,Graduate,Yes,9080121,19849919,10,696,14792810,6576697,30817505,455917,Approved
1427,5,Graduate,No,2377890,2487117,18,635,19764147,17828770,32237171,6467481,Approved
1428,2,Not Graduate,Yes,4467905,15662293,10,328,19901233,11669740,19074159,10444167,Rejected
1429,1,Graduate,Yes,3375601,17897792,4,793,9124868,15027781,32621869,6473555,Approved
1430,3,Not Graduate,No,1940584,17562521,12,801,20289189,10718149,16341972,6149661,Approved
1431,4,Not Graduate,Yes,3417196,15714952,18,453,8332275,2898673,38223457,1981067,Rejected
1432,0,Not Graduate,No,5451208,12055962,6,530,5915263,12254448,31653935,6581584,Rejected
1433,4,Not Graduate,No,8726013,17334198,20,401,11544717,8281020,12414179,2385596,Approved
1434,1,Not Graduate,Yes,7267263,12908874,8,476,10687243,17249976,39092972,1897615,Rejected
1435,4,Graduate,No,8709781,15289686,20,531,8730019,9324260,34495877,10208229,Rejected
1436,0,Not Graduate,No,246638,19374753,16,311,18570982,387344,16523152,13692561,Rejected
1437,1,Graduate,No,5644555,6300513,12,485,326218,6055310,31968224,6302081,Rejected
1438,4,Not Graduate,No,1362496,14091077,14,565,18205683,16582148,36052264,2561319,Rejected
1439,3,Not Graduate,Yes,8436843,9016726,14,434,20169025,17987541,38531697,13321942,Rejected
1440,5,Not Graduate,No,4351538,28336786,8,330,12509955,5271981,32945418,6337037,Rejected
1441,1,Graduate,No,7976018,27187772,12,755,28914662,15180298,30890495,6873249,Approved
1442,5,Not Graduate,No,2305039,24413587,18,558,12028608,14920639,6251137,3009593,Rejected
1443,1,Not Graduate,Yes,2264798,9696013,6,403,20755347,9025462,1936202,7824862,Rejected
1444,3,Not Graduate,No,3050418,11698203,16,730,7068031,7977971,17656161,10571440,Approved
1445,5,Not Graduate,Yes,3319810,13636066,14,681,12382581,2311882,6951198,4404442,Approved
1446,2,Graduate,No,1021929,2886278,8,768,11560215,16656900,15495045,4838270,Approved
1447,0,Not Graduate,No,6847162,1967427,20,812,17804796,4652595,18434265,5903791,Approved
1448,2,Graduate,No,5110673,13486012,6,506,26168868,16438421,34643491,9026265,Rejected
1449,4,Not Graduate,Yes,8046540,26723862,14,746,1521261,4521771,806043,4723039,Rejected
1450,3,Graduate,Yes,3972217,26339396,20,388,4460625,13341652,16617779,7140561,Rejected
1451,2,Graduate,Yes,2227842,12996368,18,494,29666818,17547748,2764928,6752628,Rejected
1452,1,Not Graduate,Yes,5412281,20681369,20,713,27353569,11193726,20139026,10431365,Approved
1453,4,Not Graduate,Yes,934459,26587011,6,421,23733624,17810035,37013210,7646009,Rejected
1454,4,Graduate,Yes,7918742,24136822,20,761,14734037,102591,3596532,14298032,Approved
1455,2,Not Graduate,No,2506648,9778636,18,415,15231565,15972072,33639628,11871761,Rejected
1456,2,Not Graduate,Yes,2989850,22843535,16,495,6319343,5258051,12349438,12499661,Rejected
1457,3,Not Graduate,No,2903934,6991313,6,335,565802,14984412,15006389,191006,Rejected
1458,0,Graduate,Yes,8897318,416096,16,366,6954523,7738414,35692477,3330147,Rejected
1459,2,Not Graduate,Yes,4741912,3172721,8,580,27684432,7809150,13604412,2067409,Rejected
1460,2,Not Graduate,Yes,4103869,27921433,12,778,8667778,10309410,24272144,13299786,Approved
1461,5,Not Graduate,No,5571159,3262557,20,310,21607222,17773239,14931017,7307029,Rejected
1462,1,Graduate,Yes,2651976,5271943,4,621,28579542,10314867,24779430,14549327,Approved
1463,5,Not Graduate,Yes,3397860,10590282,16,539,1557668,18215475,6252824,5462685,Rejected
1464,5,Graduate,No,4880018,10409303,18,359,28142687,7072813,4210718,13652195,Rejected
1465,4,Not Graduate,No,2980596,26742935,14,861,12282562,12315016,31364268,13285274,Approved
1466,0,Graduate,No,4240015,3628206,16,464,8167932,4914105,10617261,2084914,Rejected
1467,1,Not Graduate,No,5070807,12578383,14,488,11381390,4763670,31274927,4799877,Rejected
1468,3,Not Graduate,Yes,3437355,10704336,20,786,3863318,6057090,2704456,12153400,Approved
1469,3,Graduate,No,322772,20519280,8,391,19598180,11218046,29156563,10693425,Rejected
1470,2,Graduate,Yes,4277411,11489611,2,588,21240021,2773436,11964559,1899218,Rejected
1471,2,Graduate,Yes,5672295,6553001,6,808,7805346,1094408,38036509,12497935,Approved
1472,3,Not Graduate,No,7157038,23962803,14,374,7638437,5833411,34163851,5006681,Approved
1473,2,Not Graduate,Yes,9566077,9605349,14,856,4267510,5136856,12270884,7483359,Approved
1474,0,Not Graduate,No,5956157,12068007,6,727,28097037,3702831,38007991,6461286,Approved
1475,5,Not Graduate,Yes,9896197,8040012,2,684,26530263,17598330,35456202,1453144,Approved
1476,2,Graduate,No,7556148,4836033,20,352,29845665,18367569,4725289,8417072,Approved
1477,4,Not Graduate,No,9295020,27393692,18,474,3624177,7720044,23523082,1522394,Approved
1478,2,Not Graduate,No,3001329,10123647,12,878,860669,3073890,24733198,9620834,Approved
1479,1,Not Graduate,No,6725438,24224082,14,773,15038533,11854181,8778970,8955509,Approved
1480,0,Not Graduate,No,8880407,5604489,2,660,7036503,18760247,22033986,5521198,Approved
1481,1,Not Graduate,No,8777482,118179,2,569,15374500,11676860,11062442,5927806,Rejected
1482,1,Not Graduate,Yes,7423153,20311307,8,706,26236237,2912219,20544296,13175555,Approved
1483,4,Not Graduate,Yes,6927897,27466129,14,423,28371296,17006571,589643,8905401,Rejected
1484,0,Graduate,Yes,5633962,1623155,16,675,4926761,5670677,36727805,13370447,Approved
1485,0,Not Graduate,No,673818,6121143,20,691,16908744,1822352,2350487,12540077,Approved
1486,0,Not Graduate,Yes,3235865,21670775,18,481,4797715,3577225,20761807,7634713,Rejected
1487,0,Not Graduate,No,4083424,13571798,2,335,25145035,3001798,3992404,4279408,Rejected
1488,0,Not Graduate,Yes,9305775,20001465,8,511,4692473,19550915,27707749,10700712,Approved
1489,4,Graduate,Yes,3431365,28945336,8,433,17527232,1857961,21285784,13058726,Rejected
1490,2,Graduate,No,6966699,18670019,6,790,15390586,16679962,24657048,3591821,Approved
1491,1,Graduate,Yes,4028295,1843174,14,737,19159255,18243710,6757866,7498619,Approved
1492,0,Graduate,Yes,1924833,23214697,2,345,5664145,13899910,37882944,3642710,Rejected
1493,2,Graduate,Yes,9175979,11894617,18,700,8135211,1224214,24032112,9513003,Approved
1494,2,Graduate,No,8393421,20344974,16,787,5584801,8668788,25800577,3547696,Approved
1495,1,Not Graduate,Yes,6064719,5759659,4,731,1432736,2953828,14022029,3009640,Approved
1496,4,Graduate,No,9251251,22910240,4,727,17283680,14820612,30666439,5351179,Approved
1497,3,Graduate,Yes,3964040,20379155,16,871,27773468,18420934,19350456,9311371,Approved
1498,3,Not Graduate,Yes,6310793,8796241,2,816,17498048,8483413,30652638,12346919,Approved
1499,2,Graduate,Yes,6753855,14812728,14,761,3998837,19306211,38362902,12595706,Approved
1500,5,Not Graduate,Yes,3860880,6109039,18,480,24365675,15643009,32789173,10975515,Rejected
1501,5,Not Graduate,No,8796235,17020708,6,444,3720966,19782103,17853818,14394697,Rejected
1502,1,Graduate,Yes,5982655,19766115,14,564,13681091,4127983,13110853,3914859,Rejected
1503,3,Not Graduate,No,3846277,5807013,12,705,10240820,7097867,30114596,14130739,Approved
1504,2,Graduate,No,1792210,25078713,14,783,6187763,856878,22676593,4243872,Approved
1505,4,Graduate,Yes,3118634,325648,14,781,7953987,192233,6520757,557736,Approved
1506,3,Not Graduate,Yes,6762344,16470790,20,536,2742969,9369369,18974861,9086391,Rejected
1507,2,Not Graduate,No,7601628,2688279,2,824,19141454,5032311,21086811,4821788,Approved
1508,2,Graduate,No,4084485,4897622,6,638,11916576,11754309,12750283,9325377,Approved
1509,0,Not Graduate,Yes,2191226,23232582,20,567,19594309,13803265,9048378,661187,Rejected
1510,4,Not Graduate,Yes,1029119,26018472,2,565,10501421,6869773,30820110,13619875,Rejected
1511,0,Graduate,Yes,1254853,12541843,10,827,3773433,18223185,8906926,4491324,Approved
1512,1,Graduate,Yes,5242596,14049551,6,391,14327757,15535461,539102,11727606,Rejected
1513,0,Not Graduate,Yes,6624788,23120086,2,547,21666761,2654392,13101918,10004610,Rejected
1514,0,Graduate,No,3586243,5030952,4,318,7979814,18058301,15595229,11711023,Rejected
1515,3,Graduate,Yes,8324897,10033326,20,689,27212502,14357362,27969652,11802023,Approved
1516,5,Graduate,Yes,8875493,17274564,10,687,23549655,7315962,1566485,502010,Approved
1517,2,Graduate,No,3645083,6780753,6,394,7846550,6501837,17731255,13493702,Rejected
1518,4,Graduate,Yes,5177037,7481630,12,729,22700053,17431463,11309119,14289625,Approved
1519,0,Graduate,Yes,1735410,5829908,18,336,18879723,4375724,34252834,8026923,Rejected
1520,4,Graduate,No,549760,25764339,12,692,4749790,8728165,1707289,9238347,Approved
1521,5,Not Graduate,Yes,7690526,22009575,4,872,26634807,10998911,10267584,10180515,Approved
1522,5,Graduate,No,9825272,18935807,4,590,8266738,15913045,31964106,6137701,Rejected
1523,0,Not Graduate,Yes,6027278,20877582,16,602,19880040,15841401,6568875,13455586,Approved
1524,1,Not Graduate,Yes,496177,126296,16,700,5764899,3749114,12148102,14428230,Approved
1525,0,Not Graduate,Yes,6274525,6350600,12,643,15464588,11782716,15710721,9855415,Approved
1526,3,Graduate,No,3606433,15977778,20,817,14818505,8198546,36717184,962213,Rejected
1527,2,Graduate,No,212938,24377212,14,676,1211903,13132458,26037695,7129856,Approved
1528,1,Not Graduate,No,1379418,11185625,2,464,21434125,17627972,3884723,10663655,Approved
1529,0,Graduate,No,1194199,28092926,18,312,23939301,18634539,38385634,10420800,Rejected
1530,4,Not Graduate,Yes,5707298,10138645,10,324,19073467,13117552,36806243,3905615,Rejected
1531,1,Graduate,No,2119398,15893411,18,422,3322653,34497,12945425,9462370,Rejected
1532,1,Graduate,No,6916487,6891466,4,428,2510331,13283246,37613296,13842459,Rejected
1533,0,Not Graduate,No,3814962,24113660,16,846,19346375,7176210,17169827,2157985,Approved
1534,1,Not Graduate,Yes,5333783,16976290,14,894,6667090,2648668,29885820,9806021,Approved
1535,4,Not Graduate,Yes,1385622,623136,8,608,2727484,8241616,13819337,9836999,Approved
1536,5,Graduate,No,4392907,14151819,6,735,20982217,3154610,34593515,2754263,Approved
1537,1,Not Graduate,No,6830064,2878550,8,481,913941,5486060,23907532,14737670,Rejected
1538,5,Graduate,Yes,745501,27923886,8,887,4846436,8465397,12016938,10926854,Approved
1539,4,Graduate,No,5399039,22418126,20,342,16677284,3063970,5933524,6098807,Rejected
1540,0,Graduate,No,5767768,18894580,20,703,26729220,12330595,28764476,7104180,Approved
1541,2,Not Graduate,No,7164587,15969613,16,889,16249416,10576450,7177011,3994898,Rejected
1542,1,Not Graduate,No,1711602,11428569,8,562,3705052,17701960,26189633,12527554,Rejected
1543,2,Not Graduate,Yes,2546118,21154430,10,369,10718038,5109479,16282027,3326314,Rejected
1544,4,Graduate,Yes,4839596,26495334,4,591,2049595,8886972,22990139,380522,Rejected
1545,1,Graduate,Yes,3665495,23549808,8,513,10926536,6695213,19216769,117218,Rejected
1546,5,Not Graduate,No,9666898,4807575,14,446,15989262,17023170,32551218,7165787,Rejected
1547,3,Graduate,No,889746,29965170,6,324,3822248,15366494,14886640,7913056,Rejected
1548,2,Graduate,Yes,3717155,23332550,2,622,29233212,1685322,22474603,13090654,Approved
1549,1,Not Graduate,Yes,8944047,23841691,16,408,7695725,14335952,30004519,1753142,Approved
1550,2,Not Graduate,Yes,4406330,1131810,16,550,1758789,10497959,35618959,3889013,Rejected
1551,1,Not Graduate,No,3180858,25420349,12,781,11409885,14561768,10166787,12332570,Approved
1552,0,Graduate,Yes,8877596,13630914,14,474,21156053,5920967,2293479,1781961,Rejected
1553,5,Graduate,No,2754293,12097945,20,646,4656467,4721523,33952767,3607677,Approved
1554,2,Graduate,No,8135145,28165720,4,469,2440967,17906171,33583648,10404447,Approved
1555,3,Graduate,Yes,5790572,11373628,10,301,29547293,4381569,9886498,6472545,Rejected
1556,3,Graduate,Yes,4056397,14545489,14,857,22154433,12326467,13497440,12465049,Approved
1557,4,Not Graduate,No,6031398,6843485,18,661,20040004,19325373,20537425,13031664,Approved
1558,1,Graduate,Yes,2207708,741075,2,595,2964048,16935609,22634146,4495048,Rejected
1559,2,Graduate,Yes,9891635,3860501,6,869,5254601,7138920,23057372,7323665,Rejected
1560,4,Graduate,No,9028452,27305133,12,889,10796973,1056212,36492462,2868915,Approved
1561,2,Not Graduate,No,487249,14432834,14,501,29102193,2217401,10739611,11151832,Rejected
1562,1,Not Graduate,No,8406294,7099993,12,588,12331456,11585422,17119556,4406555,Rejected
1563,3,Not Graduate,No,7005995,3243197,2,361,29928213,4963205,36927670,1364842,Rejected
1564,0,Graduate,No,4725605,16909862,8,801,21120513,14136662,27555992,9600560,Approved
1565,3,Not Graduate,Yes,1597955,16838982,12,425,24705787,1542267,2034818,10335469,Rejected
1566,4,Not Graduate,No,970802,18001918,16,348,9092355,3443934,23694769,12711281,Rejected
1567,5,Not Graduate,No,4658795,23682788,20,899,11096716,15135405,29553968,13909681,Approved
1568,0,Graduate,No,3219579,29053762,8,478,9440911,19429054,23209183,4819339,Rejected
1569,4,Not Graduate,Yes,9295769,9792401,14,880,26758276,19731083,21481551,10581649,Approved
1570,1,Graduate,No,4850291,8872990,6,792,10955510,7180584,34117177,1847262,Approved
1571,0,Graduate,No,4519230,692947,16,732,11573129,4983570,17002444,12535143,Approved
1572,4,Not Graduate,No,8669755,23697118,2,871,14109232,18136139,2147306,10232316,Approved
1573,1,Graduate,Yes,7850311,15902876,8,601,6904603,14490572,15954033,4115047,Approved
1574,3,Not Graduate,No,1792063,13807555,16,468,5086058,3561078,22324835,13648825,Approved
1575,5,Graduate,No,8466602,9171706,20,568,26020543,10459486,25081008,13407355,Rejected
1576,1,Not Graduate,No,6321602,29470007,8,663,4259844,14911112,22575333,3212903,Approved
1577,2,Not Graduate,Yes,6712324,21208135,4,399,20276334,11280382,9112234,3667955,Rejected
1578,1,Not Graduate,Yes,2417939,17513788,4,514,29631075,4854014,29733924,6738318,Rejected
1579,1,Graduate,Yes,6605883,2376148,8,396,1711302,3966215,13217944,8196711,Approved
1580,5,Not Graduate,Yes,6639519,5778444,8,847,29636349,5062308,10918641,815382,Approved
1581,2,Graduate,No,7169369,2543413,4,636,28490921,2256924,37721432,8562736,Approved
1582,4,Not Graduate,No,5006085,1054183,14,658,19778934,12655058,36030456,1863698,Approved
1583,4,Graduate,Yes,6361018,12893102,12,589,3596179,6026533,18262761,10911673,Rejected
1584,1,Graduate,Yes,9077241,22688272,6,695,13825753,4481625,20083976,14549029,Approved
1585,2,Not Graduate,No,3096355,24189715,16,659,13898340,9491523,26890601,7072760,Approved
1586,2,Not Graduate,No,6571332,4823391,16,646,17683460,12296044,36527875,5702822,Approved
1587,5,Not Graduate,Yes,6983564,583843,2,423,668810,6121995,16606580,9711536,Approved
1588,3,Not Graduate,Yes,367071,849130,6,851,20111327,8580383,32304023,3085212,Approved
1589,4,Not Graduate,Yes,1975823,11496905,10,837,14195378,14156842,32094112,8872603,Approved
1590,5,Graduate,Yes,6288960,24730512,4,721,7727108,11849420,16860335,4469023,Approved
1591,0,Not Graduate,No,8000757,23258813,10,635,19192615,10011941,33215545,9858069,Rejected
1592,4,Not Graduate,Yes,7783754,17855278,20,802,5391846,4047132,11755209,13178107,Approved
1593,5,Graduate,Yes,6829383,3539540,6,356,17373127,2059770,12946661,1958353,Rejected
1594,4,Not Graduate,No,2865880,9672367,18,375,15874220,7189026,34481492,8891935,Rejected
1595,3,Not Graduate,No,4961631,18343694,2,765,1391364,7303386,16366948,14883901,Approved
1596,0,Graduate,No,2614551,2400775,8,584,2368314,7361277,19953623,765073,Rejected
1597,3,Not Graduate,No,8660827,25076072,20,685,24587505,13094075,1111972,2955991,Approved
1598,0,Not Graduate,No,3007501,20039434,12,558,2485495,17934366,31689047,4199878,Rejected
1599,1,Not Graduate,Yes,2046252,528410,18,776,24845064,1924770,28390542,12571693,Approved
1600,5,Graduate,Yes,3964610,4177729,6,310,22605089,757079,27471591,9152981,Rejected
1601,0,Not Graduate,Yes,7860771,874426,6,559,7060653,7221555,20336932,5986189,Rejected
1602,3,Graduate,No,5112894,11032492,10,692,14955295,7903538,2630995,1794185,Approved
1603,4,Not Graduate,Yes,566042,2838659,14,899,4831280,2515511,33020289,11637429,Rejected
1604,0,Graduate,No,5733395,13251304,10,668,12561627,1750114,18624181,10502232,Approved
1605,5,Not Graduate,Yes,6651406,1186706,16,483,13635173,15154740,36607022,2142920,Rejected
1606,0,Graduate,Yes,2464381,13146357,10,315,21328258,18807813,12256096,11553273,Rejected
1607,2,Graduate,No,5448794,15149502,14,805,7530672,6861030,23011510,6751657,Approved
1608,4,Graduate,No,9926508,9304994,12,385,23658693,3277134,25528087,13889441,Rejected
1609,5,Graduate,Yes,7412648,7815613,20,309,27947803,123438,2173989,336994,Rejected
1610,5,Graduate,Yes,9453656,12573492,4,776,17532639,11120305,25642713,2883279,Approved
1611,1,Graduate,Yes,9864745,10731010,6,463,27178520,9664286,22039993,14165449,Rejected
1612,3,Not Graduate,Yes,7727467,22097957,8,323,24301980,5352127,6220396,14356630,Rejected
1613,1,Not Graduate,Yes,7110957,17059451,10,875,22032805,16931740,35701518,6188842,Approved
1614,5,Graduate,No,2703821,19906623,18,611,18159195,14880569,2721170,1182569,Approved
1615,4,Graduate,No,5072367,12617801,12,537,9683215,843542,13871760,574763,Rejected
1616,0,Graduate,No,1438669,14652036,2,761,15533829,17240616,10847852,5894300,Approved
1617,0,Graduate,No,2391951,9076061,6,761,3408080,11085258,20324543,11807021,Approved
1618,4,Not Graduate,Yes,5016977,4699000,14,537,25752500,6112014,19835262,3826568,Rejected
1619,5,Graduate,Yes,7251398,12355135,16,321,17314690,5335126,29596842,11840475,Rejected
1620,0,Not Graduate,No,8539150,6828546,14,479,13988534,9990656,35620228,3840108,Rejected
1621,0,Not Graduate,Yes,7628951,28122869,10,858,10744299,14902231,38208577,12292413,Approved
1622,0,Graduate,No,1124914,19565431,20,798,24744671,11484144,13607407,1410245,Approved
1623,3,Graduate,Yes,805750,29859910,16,774,23972668,8944113,11324286,12682474,Approved
1624,3,Not Graduate,Yes,379340,4641759,18,638,23494074,19897226,39928568,12260320,Approved
1625,2,Not Graduate,Yes,7571191,10032917,14,830,25369637,9966523,783655,4537166,Approved
1626,1,Graduate,No,4436343,26891837,18,461,11567924,9376192,23462311,8923846,Rejected
1627,4,Graduate,No,3054414,16163345,2,360,156682,17445451,30776193,2498186,Rejected
1628,4,Graduate,No,9684984,18338431,18,384,15307080,2953475,27603492,5527632,Rejected
1629,4,Not Graduate,No,2996175,29433918,6,846,10200175,2510360,34997682,13709444,Approved
1630,2,Not Graduate,Yes,8145223,18540790,12,789,7844132,9805917,10191593,4500712,Rejected
1631,3,Graduate,Yes,3255068,21163719,16,304,18737198,17806332,25278632,3492569,Approved
1632,5,Not Graduate,Yes,5561878,28576576,6,375,5720116,14669735,10043093,9314447,Rejected
1633,5,Not Graduate,Yes,8829932,2748766,8,552,1511897,1295711,6552071,10837625,Rejected
1634,2,Graduate,No,4822887,11665475,14,306,23020323,14973282,8194436,2879736,Approved
1635,5,Graduate,Yes,3859248,9206071,14,772,27792228,12126676,26069837,2391472,Approved
1636,4,Not Graduate,Yes,6366197,13188862,8,437,1233190,5880875,36403591,8076069,Rejected
1637,1,Not Graduate,Yes,8821837,1340505,18,657,16764995,2835386,4754031,9345326,Approved
1638,0,Graduate,No,1037876,26650182,6,462,12482584,9089046,7406301,11370082,Rejected
1639,3,Graduate,No,1288894,11615437,16,617,28984366,16370921,38478555,2560254,Approved
1640,3,Graduate,No,2989530,4629100,16,757,15357819,3589817,13911844,9783099,Approved
1641,2,Graduate,Yes,8712686,22657321,8,552,21974561,8190262,11769024,3495784,Rejected
1642,3,Graduate,No,8628367,11892342,14,500,2135575,14345632,13312854,6165149,Approved
1643,4,Not Graduate,Yes,8035958,15596657,8,831,16048472,3298636,8142870,3460683,Approved
1644,5,Not Graduate,Yes,6123808,5216191,2,464,2583716,1798718,3044091,3659922,Approved
1645,4,Not Graduate,Yes,3150161,13555200,2,531,441574,14149734,23942916,9944113,Rejected
1646,2,Not Graduate,No,4761679,29969731,2,627,23195637,6883827,5403206,14558351,Approved
1647,4,Graduate,No,9620811,20355131,4,537,17373584,7443259,13219386,14024839,Rejected
1648,5,Graduate,Yes,7176915,18595887,12,419,25849919,16543202,31128683,1351487,Rejected
1649,1,Graduate,Yes,6925311,24277167,20,549,16606311,8110268,30421965,2714482,Rejected
1650,2,Not Graduate,No,9479719,1492775,10,635,5133256,5572796,24239547,5086878,Approved
1651,1,Not Graduate,No,7871388,19435145,4,583,1585737,4608350,27452883,5319780,Rejected
1652,0,Not Graduate,No,5891357,20453782,16,497,4244458,2949700,18298080,3511627,Rejected
1653,1,Graduate,Yes,7307936,19274647,18,715,8152416,11679847,8754374,1917669,Approved
1654,0,Not Graduate,Yes,3217721,8131050,14,694,10144139,135787,21667190,8817118,Approved
1655,0,Graduate,Yes,5838132,16699749,18,450,15790533,681467,24871605,10320491,Rejected
1656,1,Graduate,No,5853020,29594973,8,564,9423817,4237698,14405731,3940430,Rejected
1657,2,Graduate,No,7600236,26339356,14,519,19162519,18705327,7689770,4635677,Rejected
1658,5,Graduate,No,8097164,21061788,10,515,15750468,12883721,3192159,14828358,Rejected
1659,4,Graduate,Yes,4643131,18728043,10,614,28540887,7588694,3010831,7265882,Approved
1660,4,Graduate,Yes,8833864,29723800,6,515,14173414,4715728,34103526,164902,Rejected
1661,5,Not Graduate,No,6835543,27752901,18,634,15785350,19327458,18342488,11865054,Approved
1662,0,Graduate,Yes,610275,10672251,20,658,15349462,16163288,3391938,2961172,Approved
1663,0,Graduate,No,8087372,22164684,10,460,18843256,15335105,4056856,14476447,Rejected
1664,2,Not Graduate,Yes,2029210,301657,12,810,4556981,7162248,39998020,5257066,Approved
1665,3,Graduate,No,794091,9636336,6,456,28724666,9936059,28106416,3498817,Rejected
1666,1,Not Graduate,Yes,271524,23820832,20,461,18478856,2992473,36221888,6163924,Approved
1667,0,Not Graduate,Yes,7240326,7853759,14,341,24498117,16991583,30408367,1849953,Rejected
1668,4,Not Graduate,No,9464612,9285159,18,479,13795855,350748,11885740,9914477,Rejected
1669,2,Graduate,No,4985613,3583765,18,602,16163014,4591189,21658374,3079665,Approved
1670,1,Graduate,No,3032761,20039111,20,629,23763502,15808558,38702882,5722703,Approved
1671,2,Not Graduate,No,6773643,22831959,20,862,10678294,15613004,23192887,14147931,Approved
1672,1,Graduate,No,2292195,11745118,10,728,23533665,15419734,5737484,12479690,Approved
1673,1,Graduate,Yes,7542451,3235210,14,649,11021404,11177150,25960975,12486504,Approved
1674,5,Not Graduate,No,9759015,16309645,6,419,17654491,7868958,8587862,10584966,Rejected
1675,0,Not Graduate,No,968976,17007991,12,374,10157095,14879538,29899360,12765347,Rejected
1676,2,Graduate,No,4831004,3280617,16,422,18671050,3202728,33039295,6806506,Rejected
1677,2,Not Graduate,Yes,1443517,27670798,16,481,22911013,16187579,12525312,10486013,Rejected
1678,5,Not Graduate,No,9813466,326406,4,556,24284019,16219662,15597583,10803591,Rejected
1679,4,Not Graduate,No,6345779,3830278,12,897,10760506,9677133,14166717,10877450,Approved
1680,4,Graduate,No,4734945,12818665,14,882,9776460,10441186,10388145,188410,Approved
1681,0,Graduate,Yes,9221507,19578947,14,568,21169039,14415005,22802772,3665916,Rejected
1682,0,Graduate,Yes,3483287,27953272,6,792,2679943,16048029,9643359,10258003,Approved
1683,3,Not Graduate,No,4192852,4017563,18,479,28638576,4594928,2931608,13128511,Rejected
1684,5,Graduate,Yes,9537222,21301009,4,448,7244569,13058343,18841255,4008859,Rejected
1685,4,Not Graduate,No,8506946,9944090,6,817,28304284,11079724,12032168,5395325,Approved
1686,1,Graduate,Yes,3337358,9300952,4,447,22822700,6093294,4153773,13558265,Approved
1687,2,Graduate,No,5384975,27011058,18,308,13995107,13995978,21193388,14404861,Approved
1688,0,Not Graduate,Yes,4742709,9949069,8,477,20674035,5066926,15698787,14669394,Rejected
1689,2,Graduate,No,4585500,4131660,4,694,18502153,19450859,5897617,8086571,Approved
1690,2,Not Graduate,No,7984197,15779566,6,630,20557279,11064665,17568565,1671809,Approved
1691,3,Graduate,Yes,1962204,25155695,8,355,5206840,2455607,1359022,7240305,Approved
1692,4,Graduate,No,3580795,13508129,20,506,8959516,19478868,6670752,7481158,Rejected
1693,0,Not Graduate,No,8276693,18551036,12,404,24575349,3938165,38532315,133743,Rejected
1694,2,Not Graduate,No,4731536,29654627,10,846,15659987,7278400,2286526,12680844,Approved
1695,0,Not Graduate,No,8498836,21452670,6,654,28499151,2895557,30498842,6740067,Approved
1696,1,Graduate,Yes,5623666,19247344,20,788,1197020,2930560,35533586,14557993,Approved
1697,3,Graduate,No,7346423,28285865,16,892,17065136,4122098,5954099,1952251,Approved
1698,1,Graduate,Yes,7605382,12123450,16,802,14408647,17100327,35509618,8771080,Approved
1699,0,Not Graduate,Yes,2478569,20168724,14,349,9733112,6903182,13707359,4818801,Rejected
1700,0,Not Graduate,Yes,6732134,5794696,6,386,10554596,16655028,16867551,6896031,Rejected
1701,4,Not Graduate,Yes,543275,8380974,2,602,311540,14879710,29432124,6401256,Rejected
1702,2,Graduate,No,9659247,24562139,10,300,18299833,15788953,5709068,8554357,Rejected
1703,2,Graduate,No,6318225,29278091,2,680,13120367,16941249,20803205,13032873,Approved
1704,1,Not Graduate,Yes,7881122,27690548,12,661,10426967,5012298,26631081,5108743,Approved
1705,3,Graduate,No,1425619,5167579,14,680,13265095,17824544,23218494,924982,Approved
1706,5,Not Graduate,Yes,4528974,20033946,10,461,29306484,10124628,4380221,9446282,Rejected
1707,2,Graduate,No,3862667,26205768,8,318,9971343,3091993,20432824,3664492,Rejected
1708,4,Graduate,No,3956150,20876877,4,542,5235811,16667101,32832088,14415223,Rejected
1709,1,Not Graduate,No,2403092,2229708,10,428,9166469,13882470,4116446,4946988,Rejected
1710,1,Graduate,Yes,5371748,19566619,18,475,16868761,15184463,32375936,4622287,Rejected
1711,5,Graduate,Yes,2883525,16323001,8,708,25559060,586566,10236996,3957240,Approved
1712,4,Not Graduate,No,9909593,3205381,4,383,13943079,949958,24400473,4517323,Rejected
1713,3,Not Graduate,Yes,656195,17098962,12,675,14547688,15520292,8625594,7267982,Approved
1714,4,Graduate,Yes,4712276,2203715,16,521,28184012,12819911,30586373,9587196,Rejected
1715,3,Not Graduate,No,1739998,21282515,4,624,27712944,14222187,29597508,3462767,Approved
1716,4,Graduate,Yes,3724756,25009520,18,750,27671880,4385445,24421669,9457119,Approved
1717,4,Not Graduate,No,5173198,2736594,14,715,10592236,7522965,13379820,4235719,Approved
1718,0,Graduate,No,1728362,28960034,4,744,12404069,5753515,4089437,14159639,Approved
1719,1,Graduate,No,9617128,23889052,10,624,29558266,3931216,21890560,10395111,Approved
1720,4,Not Graduate,Yes,9961976,21773741,10,822,1401609,15122767,20094272,8178945,Approved
1721,5,Graduate,No,3901339,3399248,14,465,9644804,18429986,17587821,2818929,Rejected
1722,4,Graduate,No,1081037,5832556,10,537,7556102,356539,19786055,4198474,Rejected
1723,2,Not Graduate,Yes,3826307,16638600,12,312,3321226,3009154,4203158,11844799,Rejected
1724,1,Not Graduate,Yes,8843155,25688442,18,556,10614199,6016885,36195913,12114512,Rejected
1725,2,Graduate,Yes,6801568,27629472,6,813,12686312,1946562,34608433,6754281,Approved
1726,1,Not Graduate,Yes,2568403,362328,6,509,5432856,14569965,16775587,5828890,Rejected
1727,2,Not Graduate,No,4850215,26590863,16,783,6634761,10061662,14099525,10453810,Approved
1728,4,Graduate,Yes,8423269,24337745,20,664,3113002,9382408,22493798,2020339,Approved
1729,4,Graduate,Yes,9924979,8640129,12,524,9561794,5395995,20773654,14047443,Rejected
1730,0,Not Graduate,Yes,7859150,4612781,20,493,8124967,970638,30844573,7116627,Rejected
1731,5,Not Graduate,Yes,8612054,1976213,6,495,28693424,12935536,15383822,14833601,Approved
1732,2,Not Graduate,No,6224587,21067414,4,699,12276326,6393306,20190423,3749722,Approved
1733,3,Graduate,Yes,9806364,27897690,4,356,8255531,6001895,26732116,2779269,Approved
1734,0,Graduate,No,8532715,2646946,4,512,21554575,14770001,38130228,5876720,Rejected
1735,2,Graduate,Yes,2825263,12347905,10,578,21903214,2774581,13863497,1090315,Rejected
1736,2,Graduate,No,2441678,21188295,10,679,10038676,8897475,7847311,9028381,Approved
1737,0,Graduate,No,5322028,9512220,2,416,6990801,3867822,10899497,10488228,Rejected
1738,4,Graduate,Yes,8793770,866913,4,750,18951351,3778857,34059623,6206817,Approved
1739,2,Graduate,No,2963049,18029633,4,898,20441540,15925824,2409052,8277448,Approved
1740,4,Not Graduate,Yes,2403087,10506873,8,709,684141,14928984,20143412,13384385,Approved
1741,0,Not Graduate,No,3152718,13173758,14,666,3667867,5013557,6010331,5481557,Approved
1742,4,Graduate,No,5152297,10964648,6,412,22962690,12959349,18985368,9112499,Rejected
1743,1,Graduate,No,576924,27574269,10,463,7272304,961896,28223093,7826318,Rejected
1744,3,Graduate,Yes,587688,23949043,18,303,9468506,353034,35712734,8533473,Rejected
1745,2,Not Graduate,No,6294899,4303028,10,322,24413398,1310645,4804587,7502843,Rejected
1746,5,Graduate,Yes,2635016,9935484,18,391,5492922,5451510,32744207,2205489,Rejected
1747,3,Not Graduate,No,1270648,1838746,2,768,11935371,15401944,8957736,3480267,Approved
1748,4,Not Graduate,No,4090026,12674488,18,454,12294626,13060515,26520024,9614854,Rejected
1749,2,Not Graduate,No,4758708,5294085,10,506,26742934,9217849,39227602,14126543,Approved
1750,4,Not Graduate,No,4793577,17745945,16,380,7227995,2785811,5783696,10819730,Approved
1751,1,Not Graduate,No,6522372,26177355,10,782,19822753,16594319,31845527,8178114,Approved
1752,0,Graduate,No,9140164,11713208,12,891,21833955,10693595,14851143,2141806,Rejected
1753,2,Graduate,Yes,4388136,18864168,16,706,7810609,15922359,19716715,14308878,Approved
1754,1,Not Graduate,Yes,4690741,3193606,4,402,12732020,12787548,11123551,6217350,Rejected
1755,1,Graduate,Yes,7547075,6986077,6,539,16385502,10524263,33075837,14026146,Rejected
1756,2,Not Graduate,No,7449602,21795723,18,564,19603943,6130761,34679391,2955442,Rejected
1757,4,Not Graduate,Yes,8059498,26543576,10,332,20426017,7655438,26135352,11580790,Rejected
1758,5,Graduate,No,3106868,5869764,10,334,24633977,16670024,14844168,6787612,Rejected
1759,1,Graduate,Yes,4258961,1952175,18,548,5967602,12328327,38915515,1696817,Rejected
1760,3,Graduate,Yes,3446532,19062212,20,349,15327945,15240901,20627452,13923965,Rejected
1761,1,Graduate,No,4463304,28135403,6,579,3596091,16633265,28315562,5022598,Rejected
1762,5,Graduate,No,4325339,23258423,8,451,9901372,15385794,11209524,3808242,Approved
1763,4,Not Graduate,Yes,2100057,26444217,14,850,26202212,11069337,28586773,3247780,Rejected
1764,4,Graduate,Yes,984514,10007731,4,836,26043323,2839587,20250373,12607446,Approved
1765,3,Graduate,Yes,9661064,14336296,16,529,25926491,11613076,38188209,3683756,Rejected
1766,1,Graduate,Yes,2119587,25324150,10,587,27113736,10750156,21544291,14655297,Rejected
1767,4,Not Graduate,No,6960510,29013510,2,694,24060175,19539594,33854254,5220215,Approved
1768,5,Graduate,Yes,5251702,17400508,6,752,27315321,18727687,34373541,1935793,Approved
1769,2,Not Graduate,No,4839848,14397630,18,332,17234074,13366328,14909839,10822115,Rejected
1770,0,Graduate,No,3066792,1321650,10,662,11039524,7509101,12991214,822531,Approved
1771,0,Graduate,Yes,6034564,22862643,16,410,27769774,4153568,10880914,14204519,Approved
1772,0,Not Graduate,No,4873794,124022,2,420,420109,19930497,33783229,14925408,Rejected
1773,1,Graduate,Yes,2353883,12767370,14,315,11349567,3833919,24179275,372635,Rejected
1774,3,Graduate,No,7615042,6275002,14,822,8727635,777139,28887754,963912,Approved
1775,4,Not Graduate,No,2546243,17025533,16,397,23832057,17159104,26538171,1554307,Rejected
1776,2,Graduate,Yes,4465630,20631028,6,415,14436292,3514245,17833213,482885,Rejected
1777,5,Not Graduate,No,8926458,29863371,2,770,29108526,2155871,16343079,1039644,Approved
1778,2,Not Graduate,No,3879020,14366480,18,738,27800136,18755022,13058642,14853045,Rejected
1779,5,Not Graduate,Yes,7655050,496742,2,580,14972323,10948427,39075705,1443772,Rejected
1780,1,Not Graduate,No,688968,21818677,12,648,9621908,18266431,23432509,1979549,Approved
1781,0,Not Graduate,No,4448949,9843689,18,531,5874772,18067812,10312618,1278248,Rejected
1782,1,Graduate,Yes,1780096,7963550,4,410,4530819,11927644,27919901,8097805,Rejected
1783,3,Graduate,Yes,6021934,21007606,8,651,10044915,731830,10167987,12045579,Approved
1784,3,Graduate,No,1893465,20052477,4,311,23589178,816427,34993933,13148899,Rejected
1785,5,Not Graduate,No,4475892,13963521,8,787,2696500,7009773,27929918,13609735,Approved
1786,4,Not Graduate,No,8176726,18065563,4,832,2399963,6051204,32270031,14677040,Approved
1787,4,Not Graduate,Yes,2307719,2932003,2,584,20729077,4099864,28722068,13106500,Rejected
1788,5,Not Graduate,No,7802495,19626097,6,844,2991455,6485093,29584595,10657631,Approved
1789,3,Graduate,No,7630037,1135670,16,691,26001382,12309320,21579563,13170018,Rejected
1790,3,Graduate,No,6190266,25366784,10,469,21173838,3786105,15578970,4868387,Rejected
1791,3,Not Graduate,No,899438,22702849,8,376,6992725,7188340,7300121,14451655,Rejected
1792,1,Not Graduate,No,5269398,6539201,10,596,21182896,12643665,16293756,2843439,Rejected
1793,3,Graduate,No,3891316,20308483,12,629,27736478,11185151,20384350,717178,Approved
1794,2,Not Graduate,Yes,7353588,1252738,12,362,21206097,4378241,7981137,9971385,Rejected
1795,0,Not Graduate,Yes,4392896,1279280,10,569,2631846,19102508,25788617,12678042,Rejected
1796,3,Not Graduate,No,5887041,24372027,12,515,16437533,181756,31827704,10432157,Rejected
1797,5,Graduate,No,2877049,8966573,18,489,18857714,16177543,1609839,2180350,Rejected
1798,0,Graduate,Yes,2488786,27438913,10,374,8242875,2697145,26981126,988673,Rejected
1799,1,Not Graduate,Yes,5186439,11239695,12,809,11995049,5823606,30151754,1218919,Approved
1800,5,Graduate,Yes,3045157,4939242,8,878,11905978,18407394,30812443,11518214,Approved
1801,0,Not Graduate,No,5768139,13075800,6,392,11354156,6730848,26493732,237596,Rejected
1802,5,Not Graduate,No,5420761,13425004,12,352,18970229,7218990,20192672,14710166,Rejected
1803,1,Graduate,No,419162,18637568,10,795,2384282,12638922,1958799,13507834,Rejected
1804,2,Not Graduate,No,4253492,15658008,8,393,5429875,9038767,7104316,1985228,Rejected
1805,1,Not Graduate,Yes,3041852,24357078,10,528,14671195,15477085,25376352,5777994,Rejected
1806,1,Graduate,Yes,3513723,8031329,14,549,17495070,6040707,8004368,11015842,Rejected
1807,5,Not Graduate,Yes,1540522,506497,2,690,18041290,16921121,11706350,5882433,Approved
1808,4,Not Graduate,Yes,1601051,12942100,2,481,13293796,17105494,19663517,11625967,Rejected
1809,3,Not Graduate,No,7469122,11879676,2,566,17093598,1259551,25905655,13413472,Rejected
1810,3,Graduate,No,3470514,10618308,4,580,25574885,15326008,25959443,7469862,Rejected
1811,2,Not Graduate,Yes,3938163,28954211,18,382,2689282,18753393,7201598,14859202,Rejected
1812,2,Graduate,Yes,9134971,1111403,10,485,12400480,14103447,4727987,12633935,Rejected
1813,3,Not Graduate,Yes,7549336,16823737,18,866,225154,8149890,38325546,1549887,Approved
1814,4,Not Graduate,Yes,7922905,14099609,10,830,4897621,19259779,7623937,4603833,Rejected
1815,3,Not Graduate,Yes,9696806,22795100,14,647,27859523,2617117,2958779,1985303,Rejected
1816,4,Not Graduate,No,3662087,12907643,12,722,16104422,12838725,29051375,5103013,Approved
1817,2,Graduate,No,7945769,5497826,4,753,18193660,8061725,27470135,9102157,Approved
1818,0,Graduate,Yes,486172,22601971,6,566,14845802,8694215,17777734,12112982,Rejected
1819,5,Not Graduate,Yes,8282668,7978601,10,806,15927345,7380111,11238550,3342442,Approved
1820,2,Not Graduate,Yes,761133,13669203,8,441,25398923,5394356,11733970,1595006,Rejected
1821,2,Not Graduate,No,6316130,29875633,12,615,6372643,17426309,8282731,1844501,Approved
1822,1,Not Graduate,No,1849258,22371156,16,531,1294455,13477467,22691081,9770996,Rejected
1823,1,Not Graduate,No,4569535,18324062,16,596,24311210,3608792,4605726,5706072,Approved
1824,1,Not Graduate,Yes,7620754,25365844,6,871,21134629,16491284,30121859,12076434,Approved
1825,5,Not Graduate,No,4359962,21703316,8,321,18491929,19716131,17569648,3244405,Rejected
1826,1,Not Graduate,Yes,4681678,7945658,2,683,8750930,6834184,33653204,8742680,Approved
1827,4,Graduate,No,1865418,12749758,4,425,24223065,58407,7407172,678110,Rejected
1828,3,Graduate,No,895519,8931593,18,402,6884955,18038228,32864512,9014816,Approved
1829,0,Graduate,No,8829348,28703008,20,409,697009,9730226,21109113,2862388,Rejected
1830,2,Not Graduate,Yes,4649720,10026917,20,869,1929326,8625086,23390934,6806668,Rejected
1831,4,Not Graduate,Yes,1510704,21447850,4,771,9138658,19257844,4622816,3121075,Approved
1832,0,Not Graduate,No,5841335,19383430,12,364,19502640,8877001,24691463,14002792,Rejected
1833,4,Graduate,Yes,6321263,24632947,14,771,14057728,12211865,21087107,11666042,Approved
1834,4,Not Graduate,Yes,5755910,4845150,12,869,8445121,14400264,3503480,7347900,Approved
1835,2,Graduate,Yes,6596153,9056084,16,375,3070525,14354335,33328538,3446144,Rejected
1836,3,Not Graduate,Yes,7248586,15448436,18,318,19967644,9262530,11880085,9517388,Rejected
1837,1,Graduate,Yes,5421995,27920500,16,683,12508200,3487235,25323216,6828947,Rejected
1838,5,Graduate,Yes,8046989,24714673,10,489,21303879,18621209,4213169,8929248,Approved
1839,3,Graduate,Yes,1787361,17446580,16,659,2080715,11711060,18551398,8657186,Approved
1840,5,Not Graduate,No,8846079,2507698,20,751,17606654,3087906,2383216,6414335,Approved
1841,2,Graduate,Yes,1963190,23525283,20,378,24188762,4523121,32557496,10322099,Rejected
1842,2,Not Graduate,Yes,1357593,4457452,18,895,23802874,1036858,13742855,11582404,Approved
1843,2,Not Graduate,No,1055817,26919025,16,471,23593230,13092384,14323786,4970437,Rejected
1844,0,Not Graduate,No,6709676,16993043,4,511,18766904,14782840,26593656,10534032,Rejected
1845,5,Not Graduate,No,3450881,16297020,4,744,24608486,1150154,35190182,12136553,Approved
1846,3,Not Graduate,No,758114,22718648,6,448,28419540,18943177,7594126,6732170,Rejected
1847,3,Graduate,Yes,5028626,13486679,14,309,20016719,5819789,4602345,4822476,Rejected
1848,4,Not Graduate,No,8520901,15348125,18,841,28443622,18425771,31061458,2296188,Approved
1849,4,Not Graduate,No,1857106,23876190,16,354,15926131,3740188,12771694,10569033,Rejected
1850,4,Not Graduate,Yes,2158074,8779322,18,479,6207444,15658484,32085876,3460301,Rejected
1851,2,Not Graduate,Yes,1822964,12770907,12,680,23192331,10070714,9615156,11141851,Approved
1852,3,Not Graduate,Yes,8285491,2237810,2,721,21671760,16290164,21979588,775423,Approved
1853,5,Graduate,No,6354482,24669648,8,750,28670026,18549034,27465531,8770988,Approved
1854,2,Graduate,Yes,558349,12017120,12,392,16765315,4077216,30839820,12583102,Rejected
1855,0,Not Graduate,No,1261385,25076293,12,819,198113,5152775,22775768,2117659,Approved
1856,4,Graduate,Yes,6031618,2517490,16,712,4743233,19324056,22416439,13571347,Approved
1857,2,Graduate,Yes,7503950,9735763,2,693,20789143,2879088,35120908,6320720,Approved
1858,2,Not Graduate,No,6302102,6765472,4,630,28434288,894501,35533415,14639921,Approved
1859,0,Graduate,Yes,9748310,2643440,4,732,20002679,11345030,26076950,12386794,Approved
1860,1,Not Graduate,Yes,8941073,25966772,12,462,825704,16465830,36276856,7940105,Approved
1861,3,Graduate,Yes,9377133,24126709,14,339,10381397,8711402,14801826,12701396,Rejected
1862,5,Graduate,Yes,4963090,8335022,4,384,5184928,15862014,35021876,849969,Rejected
1863,1,Graduate,Yes,8180571,16080593,10,889,11836681,936521,38632088,6338888,Approved
1864,4,Not Graduate,No,3296750,25334406,12,390,3442299,16646505,8640070,4569728,Rejected
1865,2,Graduate,No,6882115,8157135,8,783,23819694,15326186,39984703,12943876,Approved
1866,0,Graduate,Yes,6554054,17314950,2,684,3500062,4211475,24100381,4297058,Approved
1867,0,Not Graduate,No,5717263,21215295,6,492,15309742,12350095,27032273,13683808,Rejected
1868,3,Not Graduate,No,1018706,18499536,20,552,25089816,857060,6274420,4082418,Rejected
1869,1,Graduate,No,1934802,9068387,18,543,22710326,11074271,13566755,12726298,Rejected
1870,3,Not Graduate,Yes,9037718,23438859,12,569,2774932,12820313,29185827,11665701,Rejected
1871,2,Graduate,Yes,6337875,27728332,4,318,18810524,6501881,39073217,9880681,Rejected
1872,3,Graduate,Yes,1974474,10301475,18,339,11028193,4269619,22256268,6027844,Rejected
1873,5,Not Graduate,No,3412174,19304852,8,815,18117197,15143332,3376959,101803,Approved
1874,0,Not Graduate,No,753360,20164192,16,332,20396561,4520072,27641544,13332107,Rejected
1875,0,Not Graduate,Yes,4428021,21468672,20,749,15912744,14563522,14320207,9676528,Approved
1876,4,Graduate,Yes,584533,3801190,14,838,29011809,2499678,26772712,12386682,Approved
1877,4,Not Graduate,No,4503829,26659176,6,618,20773217,12617193,37183407,6865876,Approved
1878,2,Graduate,No,3802294,450912,16,423,1014065,15001478,28085985,1667640,Rejected
1879,5,Not Graduate,Yes,1461668,2060783,8,671,9494832,4371480,16855103,6496666,Approved
1880,1,Graduate,No,3350374,23801137,4,650,12018919,14293853,34174633,913549,Approved
1881,3,Not Graduate,No,2599009,19524565,10,622,18498561,12378332,28712888,13425547,Approved
1882,2,Graduate,No,1578656,13775646,2,787,18131521,18663720,29581169,6567227,Approved
1883,4,Not Graduate,No,9812587,28026702,16,750,28964452,17156019,695297,3969612,Approved
1884,3,Graduate,No,4678633,14996261,16,652,16964959,16355670,6345980,2466500,Approved
1885,4,Not Graduate,No,8935015,29121249,6,415,29339851,18985552,7683356,9484676,Rejected
1886,3,Not Graduate,No,7245472,6253608,2,312,25545532,12365792,5615308,10050864,Approved
1887,1,Graduate,Yes,9165003,7237219,8,619,20281949,14395328,3434935,6334436,Approved
1888,2,Not Graduate,Yes,969153,29197324,18,464,10110075,4154235,2701526,8551127,Rejected
1889,3,Graduate,No,1708346,17645494,18,384,29371055,669772,31156734,2097944,Approved
1890,5,Graduate,No,1003995,10516885,2,547,20482797,6739493,26110678,10636146,Rejected
1891,0,Not Graduate,No,8866453,17604618,14,731,10424019,5010114,1704373,12699398,Approved
1892,5,Graduate,Yes,1448720,12078476,12,867,1804449,2190790,15361265,245846,Approved
1893,5,Not Graduate,Yes,5360025,5764938,14,778,2917527,865012,7871911,8591824,Approved
1894,0,Not Graduate,No,8502146,28035794,14,667,22903175,1735245,22995866,8161674,Rejected
1895,5,Graduate,Yes,3036934,28498919,16,656,25539292,18335695,21461125,2604741,Rejected
1896,3,Not Graduate,No,7144075,8816134,16,707,12174115,18983838,33888942,10492364,Approved
1897,3,Graduate,No,9302683,9533752,20,644,10927133,17037452,18723725,1676555,Approved
1898,3,Graduate,No,9623080,5417199,4,478,28624083,14912538,39040357,14300221,Approved
1899,0,Not Graduate,No,1287241,25539138,8,724,24251848,13765946,39530162,10742655,Approved
1900,5,Not Graduate,No,4129301,15384497,8,840,22708563,18027840,13728583,3871384,Approved
1901,0,Graduate,No,9276843,22906523,20,742,17135806,10531263,29413348,1989572,Rejected
1902,3,Graduate,No,2410980,10429242,16,605,13725753,632600,16071994,1346903,Approved
1903,5,Not Graduate,Yes,8197018,10499630,6,666,5861178,7937259,7961421,1331002,Rejected
1904,5,Not Graduate,No,1339391,11853979,6,335,18854168,19032717,5181023,9886399,Rejected
1905,4,Not Graduate,Yes,9577877,28165616,4,762,3419858,16635485,32355036,8975241,Rejected
1906,4,Not Graduate,No,6170653,28053514,2,445,19104415,17650327,37388673,11509290,Rejected
1907,1,Graduate,No,4170471,2407396,16,445,7381633,8442620,25350608,274568,Rejected
1908,2,Not Graduate,Yes,4426660,7055855,18,679,4829950,18268335,34282425,6143385,Approved
1909,4,Graduate,Yes,5708833,4309294,18,467,20094287,527040,30989626,7939289,Rejected
1910,0,Graduate,No,9549483,15441865,16,574,17122474,18985561,31954907,1563628,Rejected
1911,4,Not Graduate,Yes,2069883,22063245,10,386,1699367,14680901,25723100,3966274,Rejected
1912,1,Graduate,No,471609,12150977,2,453,5292203,8859403,12271874,14519709,Rejected
1913,5,Not Graduate,No,4067183,10715087,18,796,16807938,7323061,36780261,4062513,Approved
1914,1,Graduate,Yes,3681716,11451506,12,614,24269516,5486642,2278509,9825668,Approved
1915,5,Not Graduate,Yes,2493474,10500647,14,859,17711553,15261349,29405561,9060239,Rejected
1916,5,Graduate,Yes,6537479,7729038,16,573,11434860,243977,39334306,1307581,Rejected
1917,2,Graduate,Yes,6068518,5763369,10,561,17030522,15927901,22638665,8191993,Rejected
1918,4,Not Graduate,No,8766304,10497188,12,786,27570663,15685628,14139180,11516950,Approved
1919,0,Not Graduate,Yes,1789291,14772755,14,753,25191502,5328149,8291644,6864559,Approved
1920,0,Graduate,Yes,626492,28017487,14,742,2097055,888046,30288217,260330,Rejected
1921,3,Graduate,Yes,3155227,16619028,4,561,4757399,18911816,21902680,1274453,Rejected
1922,5,Not Graduate,Yes,2507236,27566137,2,842,21534900,7782773,15082753,6686627,Approved
1923,0,Graduate,Yes,9771695,5693813,16,404,19062472,17666627,3462825,9948702,Rejected
1924,2,Not Graduate,No,3424400,26665995,10,649,3535978,3748356,4517176,3629064,Rejected
1925,5,Graduate,No,6813889,2314934,20,737,15797172,19218258,35332573,12639278,Approved
1926,2,Not Graduate,Yes,5853278,2531500,4,468,17370683,4097261,31071454,3956843,Rejected
1927,0,Graduate,Yes,663723,29858344,6,642,12217062,8527992,23005842,7093818,Approved
1928,0,Not Graduate,No,7984160,28206480,12,529,25576365,5560018,7590681,12510863,Rejected
1929,3,Not Graduate,Yes,5338717,16929715,20,322,19680238,1837892,28969166,11502755,Rejected
1930,0,Graduate,No,886763,5599903,12,580,26744040,12079146,18305494,14631490,Rejected
1931,5,Not Graduate,No,7785291,6722811,16,818,5311562,13637111,20411948,11398554,Approved
1932,5,Graduate,Yes,6501816,5486859,10,552,16851814,16002244,16661670,8233716,Rejected
1933,5,Not Graduate,No,7299312,10734168,10,703,8802027,13641722,11901121,820995,Approved
1934,3,Not Graduate,Yes,2345943,4117380,14,432,3824050,7534682,1302069,7116257,Rejected
1935,3,Not Graduate,Yes,4790585,15660343,20,573,25937201,8609316,13692531,8503698,Rejected
1936,0,Graduate,No,1523020,23876363,10,531,27442348,2048490,23400586,11183675,Rejected
1937,1,Not Graduate,No,2854810,12632512,18,844,1228298,12743404,5004627,5133121,Approved
1938,1,Graduate,Yes,5119495,21443123,12,378,7998752,166885,16874098,14522944,Rejected
1939,3,Not Graduate,No,7567241,3585627,14,334,16244613,3015038,31918278,11383633,Rejected
1940,0,Graduate,Yes,9090111,15110991,16,794,14040820,12174116,21873992,6110299,Approved
1941,1,Graduate,No,4677375,825311,10,409,27228993,5547279,27972009,8439783,Rejected
1942,0,Graduate,No,3904595,8147901,8,620,21626924,19850133,12645762,7089127,Rejected
1943,0,Not Graduate,Yes,2044040,4160011,16,874,9967116,4021357,19126900,2617755,Approved
1944,0,Graduate,Yes,7108998,5087208,20,627,27683858,10547350,11990619,4815561,Approved
1945,4,Not Graduate,Yes,1064845,24632844,18,683,19781256,17215918,31154277,1788917,Approved
1946,5,Graduate,No,2206811,10951056,2,663,10720466,13621890,5807638,14332666,Rejected
1947,0,Graduate,Yes,8177848,24375600,6,531,18499446,3856406,22983640,12563131,Rejected
1948,4,Graduate,Yes,1634636,26467331,8,713,13071990,575854,8048595,7829610,Approved
1949,3,Graduate,No,4108308,26756018,14,593,7460888,4719242,15319404,6029626,Rejected
1950,1,Not Graduate,No,7532827,13870822,12,846,2920507,2269161,21577732,2684182,Approved
1951,5,Graduate,Yes,905314,6271450,20,473,20513215,15169969,4850977,8760454,Rejected
1952,1,Graduate,Yes,3594070,6538082,20,691,16413543,7618488,35064112,2947578,Approved
1953,5,Not Graduate,Yes,4089453,18457088,2,401,8833878,1321663,6315307,7020455,Rejected
1954,1,Graduate,Yes,9460797,20897227,8,592,5417017,19809197,17945803,11022104,Approved
1955,5,Graduate,No,4157874,5423679,12,384,19829805,3085997,37506005,11584205,Rejected
1956,1,Graduate,No,3778687,27117070,6,500,24110967,3099105,4920429,4406199,Rejected
1957,1,Graduate,Yes,1382200,23403690,4,840,12458383,5718666,5838118,389906,Approved
1958,1,Not Graduate,Yes,4975219,1099529,4,596,22680803,6687678,20494869,8098631,Rejected
1959,1,Not Graduate,Yes,9979138,5622177,20,355,16224734,16576948,5018873,8419410,Rejected
1960,3,Graduate,No,1293956,21647900,8,771,5092593,7796476,18813119,10308501,Approved
1961,0,Not Graduate,Yes,8263736,19218275,2,315,2300205,14950713,33226856,7939094,Rejected
1962,2,Not Graduate,Yes,3848338,29110064,20,365,6566557,17409183,15242512,1161143,Rejected
1963,4,Graduate,No,1631041,22693488,4,771,25744954,19546233,17242680,14341513,Approved
1964,2,Not Graduate,No,8059371,6546811,20,880,12530376,8124487,22827532,7955125,Approved
1965,2,Graduate,Yes,5225764,18365437,4,322,27032974,11409867,22002108,1155433,Rejected
1966,5,Not Graduate,Yes,7162111,18920519,8,785,29707005,2908328,35667230,2000611,Rejected
1967,0,Not Graduate,No,6342453,27058294,8,714,14541187,18288226,656892,14069031,Approved
1968,5,Not Graduate,Yes,7489165,13655373,2,604,19347510,9435717,20327934,5400966,Approved
1969,0,Graduate,Yes,472667,4323191,14,476,442033,9752601,36033957,451289,Rejected
1970,0,Not Graduate,No,3653402,22559484,14,494,22842509,15021303,14225605,8258734,Rejected
1971,1,Graduate,No,8323445,11376547,20,312,285070,17308368,32092994,14900135,Rejected
1972,3,Graduate,No,312035,23341278,20,465,3485191,16080098,29344192,9014908,Rejected
1973,1,Not Graduate,Yes,9812901,17128636,20,449,12637339,341914,38787746,159049,Rejected
1974,3,Graduate,No,5898238,17855994,2,640,24689175,3698609,27910234,846918,Approved
1975,5,Not Graduate,No,9979110,21018556,16,856,27807723,18787953,18695939,13666242,Approved
1976,3,Graduate,Yes,540526,19510935,20,473,21719700,17565377,23435029,2236232,Rejected
1977,5,Graduate,Yes,1416733,29110403,14,466,2512712,10442560,36247815,12477647,Rejected
1978,2,Not Graduate,No,5887453,16298003,14,893,11882919,4117513,30779233,1611007,Approved
1979,2,Not Graduate,No,1065144,25929445,12,879,3145023,9946206,19812371,8934886,Approved
1980,3,Not Graduate,Yes,1618137,19634202,8,396,2345456,536701,14001715,2431179,Rejected
1981,3,Not Graduate,Yes,2507306,14347190,16,703,23752008,8698404,17335270,7505920,Approved
1982,5,Graduate,No,9568140,14546310,4,376,15800908,18904132,36509412,7818127,Approved
1983,1,Graduate,No,722797,27783117,14,536,20739741,701101,29448892,4069306,Rejected
1984,5,Graduate,Yes,9579728,27707294,6,590,8013677,19078644,4658481,8604901,Rejected
1985,1,Not Graduate,No,6068590,18902347,6,435,1830404,18951212,4878695,12514716,Rejected
1986,2,Graduate,Yes,3697172,23388751,14,666,12880040,3860861,22667194,6652641,Approved
1987,0,Not Graduate,No,6760230,16357715,6,847,29709464,18999255,22354585,12981222,Approved
1988,3,Graduate,Yes,9499514,26557351,10,547,1000441,19383322,18213150,9918567,Rejected
1989,1,Not Graduate,Yes,6852469,17081686,16,513,585679,2464240,8465505,5476958,Rejected
1990,5,Graduate,No,8342165,14037356,8,369,3251986,14306131,33384505,2329228,Rejected
1991,2,Graduate,No,5588811,29869464,14,628,19292471,15420551,32646511,9977980,Approved
1992,1,Not Graduate,Yes,614399,12312436,14,315,25825014,7889602,10096426,13868527,Rejected
1993,5,Graduate,No,7375173,28544659,4,786,3785470,16218091,17789935,2400188,Approved
1994,3,Not Graduate,No,6084724,724559,16,473,10623366,14383224,9377963,12586686,Rejected
1995,3,Graduate,No,4649113,20997891,20,573,28728665,1363704,36776353,13750367,Approved
1996,4,Graduate,Yes,7451204,27954652,20,823,29943057,15615960,39806410,11531604,Rejected
1997,0,Not Graduate,No,929672,1200911,18,518,21989809,16612568,29029045,2919785,Rejected
1998,4,Not Graduate,No,5457901,2240467,12,812,9873007,11167293,10803684,11404515,Rejected
1999,2,Graduate,Yes,9037389,2130245,10,698,11723964,4457514,17841332,4068024,Approved
2000,1,Graduate,No,1347417,3088506,2,410,12599658,14002074,18371121,3515799,Rejected
2001,2,Graduate,No,9883484,28720323,2,763,480929,11496175,13238692,2655252,Approved
2002,5,Graduate,Yes,360786,14133007,18,392,1923821,9166943,12836724,8392748,Rejected
2003,3,Graduate,Yes,2275414,3748598,8,750,4307939,1107994,34552920,12240880,Approved
2004,4,Graduate,No,7798498,4343638,2,695,1749382,17893246,34157682,2544199,Approved
2005,4,Not Graduate,No,5922078,23355636,20,850,11647745,14623985,31520737,14690919,Approved
2006,4,Not Graduate,Yes,8083060,5535148,6,778,6409997,13776842,29021892,3367414,Approved
2007,2,Not Graduate,Yes,1514530,6195012,12,615,16946280,15360239,8427129,13523494,Approved
2008,3,Graduate,No,1110175,24256974,16,652,14947463,15975727,37812412,3615039,Approved
2009,1,Graduate,No,7425529,16322297,20,538,10501576,11425858,28291353,3959735,Rejected
2010,5,Graduate,No,5701188,306823,4,403,3466854,11721919,18094436,2734496,Rejected
2011,1,Not Graduate,Yes,6256095,27019366,16,328,22145042,2425974,11603007,2076942,Rejected
2012,2,Not Graduate,No,321701,5066637,2,388,29033456,6933655,35594885,1862994,Rejected
2013,5,Graduate,Yes,7880223,3014278,4,674,18813465,14241544,20919969,14307523,Approved
2014,4,Graduate,Yes,4141631,10748085,16,696,15958262,12064998,3895908,7475770,Approved
2015,0,Not Graduate,Yes,5374895,13362502,14,862,1042060,8094456,29410318,3436745,Approved
2016,2,Not Graduate,No,1264641,16013686,10,663,15279722,4918842,20832000,8964222,Approved
2017,2,Not Graduate,No,1633043,4095705,20,446,25631413,7030288,3255762,4573675,Rejected
2018,3,Graduate,No,6837056,24627389,4,613,5196145,5817182,37982751,7081209,Approved
2019,1,Graduate,Yes,6989177,18718257,18,847,14383056,9367491,4893170,14863864,Approved
2020,2,Graduate,No,448924,3832477,10,751,23546427,6119780,10175662,1799395,Approved
2021,2,Not Graduate,Yes,8345618,26054921,16,805,5212643,1238663,39120526,13004517,Approved
2022,4,Not Graduate,Yes,2290923,29749297,8,785,8917571,6734853,36930400,2255000,Approved
2023,4,Graduate,Yes,2140711,23585421,18,400,25964469,19024200,16046533,12183309,Rejected
2024,5,Graduate,Yes,1563307,13646313,20,406,25265450,8604841,4749813,11201565,Rejected
2025,0,Not Graduate,Yes,6125237,8478022,14,590,9450996,13068625,36948784,8083500,Rejected
2026,3,Graduate,Yes,6698391,22984189,4,648,4263960,6160086,20383136,11375672,Approved
2027,0,Not Graduate,No,3418451,27221305,6,887,28917639,10357828,19233058,1910782,Approved
2028,5,Not Graduate,Yes,3572021,15299046,4,526,23183599,11223921,39315479,5860533,Approved
2029,4,Graduate,No,390477,11917478,10,895,1284169,15802906,30565733,6407316,Approved
2030,1,Not Graduate,Yes,9803204,5330788,4,887,27669206,5698272,28019027,9605762,Approved
2031,4,Graduate,No,6413415,21394912,10,349,28556904,259578,14349012,4089186,Rejected
2032,3,Not Graduate,No,8005819,14335020,18,457,2260418,15495610,2907801,8495172,Rejected
2033,4,Not Graduate,No,5115782,3460408,4,627,3227736,18537367,8631581,7197900,Approved
2034,3,Graduate,No,8767962,17078919,18,376,3407553,14923826,24354830,5397049,Rejected
2035,3,Not Graduate,Yes,6058893,19333543,14,753,6574056,3164308,33759054,8466073,Rejected
2036,3,Graduate,Yes,9981536,28262121,14,609,14238188,2836382,36952938,5826318,Approved
2037,5,Graduate,Yes,5890912,21587248,10,626,9980005,19932746,25639802,12384112,Rejected
2038,3,Not Graduate,Yes,2382931,16944389,16,807,11572259,8490075,31111432,9301381,Approved
2039,3,Graduate,No,1251636,19709934,14,406,19593627,10850671,17803981,14181462,Rejected
2040,1,Graduate,No,7141550,28450286,12,540,15029371,14094247,22344830,11062097,Rejected
2041,0,Graduate,No,7815907,14317848,4,734,23890716,15340099,18594073,5321282,Approved
2042,2,Graduate,Yes,6831430,23626063,12,327,14633130,4339434,6040668,9321881,Approved
2043,0,Graduate,No,8113436,8722654,4,548,9967745,8568681,36249930,7794760,Rejected
2044,3,Graduate,Yes,2847765,2392007,2,663,16777180,4865109,24342161,9068051,Approved
2045,1,Not Graduate,No,3237253,4650642,18,832,8144665,9264490,12174003,11732650,Rejected
2046,4,Graduate,No,9573551,19700467,10,771,6804674,14382014,33052117,9749403,Approved
2047,1,Not Graduate,No,8944039,6835714,20,838,15759588,6921783,14744042,6945271,Rejected
2048,3,Not Graduate,No,215141,5002021,20,888,21382104,17592343,25541438,3687719,Approved
2049,1,Graduate,No,4724361,7579773,8,712,15736966,16959515,13257093,6123421,Approved
2050,1,Not Graduate,Yes,8186378,12271896,16,868,6100266,16020969,29518714,8203477,Approved
2051,3,Not Graduate,No,3982700,20615134,10,464,8344235,18658132,30216921,8014973,Rejected
2052,5,Graduate,Yes,3761669,24077351,14,875,7630620,14534630,37974553,3401504,Approved
2053,1,Graduate,Yes,9163287,28823678,6,347,6987210,12584990,2809421,11085185,Rejected
2054,2,Graduate,Yes,1893152,24274207,16,783,15823154,8007729,3171469,14619827,Rejected
2055,2,Not Graduate,Yes,6173300,27983887,16,457,17742572,5487317,37496958,5638081,Rejected
2056,1,Not Graduate,Yes,2537099,2852878,6,450,6512867,6670724,2795063,14884056,Rejected
2057,5,Graduate,Yes,7355738,24789951,18,524,26892653,4889519,13527020,14525313,Rejected
2058,4,Graduate,Yes,2144741,4419020,16,559,21615499,13969164,35614788,14331180,Rejected
2059,3,Not Graduate,Yes,9472702,16887123,2,686,27170010,5289725,36609736,3155029,Approved
2060,2,Not Graduate,No,1024255,4268142,16,555,7021095,7491150,33603132,14609876,Rejected
2061,4,Not Graduate,No,9621172,5176561,8,360,4290613,10310646,10558881,9516243,Approved
2062,1,Not Graduate,Yes,6204327,12191404,12,695,19905426,19405274,31670807,10670373,Rejected
2063,4,Graduate,Yes,9770205,4745399,20,696,19426412,11868915,33912934,3829187,Rejected
2064,0,Not Graduate,Yes,9162292,3199815,18,461,4745140,19393437,21808580,2488632,Rejected
2065,2,Not Graduate,No,3377640,7999405,10,679,15113332,19282712,28150595,14969850,Approved
2066,1,Not Graduate,No,9102284,22578811,14,742,17490811,19038619,22335292,3651929,Approved
2067,3,Not Graduate,Yes,9079521,16635498,2,648,11463552,763203,39541103,3519886,Approved
2068,5,Graduate,Yes,5487267,13648613,18,330,4538940,17419662,6255813,12035926,Rejected
2069,1,Graduate,No,2575804,1460247,12,370,8039172,19476670,25756916,4278270,Rejected
2070,3,Not Graduate,No,5750616,6324984,8,696,946677,5755464,16687560,6608034,Approved
2071,5,Not Graduate,Yes,2930689,18836828,12,737,5188889,15034173,22695292,11787707,Approved
2072,5,Graduate,Yes,5223331,18696289,10,301,9776505,3314163,19784346,1569123,Rejected
2073,1,Graduate,Yes,8729297,19065373,6,861,19019930,17941295,6690288,1547376,Approved
2074,4,Not Graduate,Yes,8008516,12633279,14,434,4453610,3288497,32495781,1495489,Rejected
2075,4,Not Graduate,No,1485801,4231980,6,445,22467562,3646916,25829857,14669811,Rejected
2076,5,Graduate,No,4270161,27945792,4,478,12916620,14216633,14423957,7566124,Rejected
2077,4,Graduate,Yes,433725,1121983,8,563,12042881,2491517,37210367,2488078,Rejected
2078,0,Graduate,Yes,6768056,18570711,14,610,8897522,9984264,25080616,11582299,Approved
2079,5,Graduate,Yes,1358175,22410039,10,503,3467663,19303602,11190246,12506615,Rejected
2080,5,Graduate,No,8413140,1926650,18,329,10240153,15560147,5102334,5955602,Rejected
2081,3,Graduate,Yes,9412964,13646755,20,358,20301636,16405471,6022708,1995781,Rejected
2082,4,Not Graduate,Yes,9399280,18859383,14,308,6300141,18609594,18416477,7070640,Rejected
2083,5,Graduate,Yes,6840981,22520758,18,623,8744252,19150775,23406215,9002328,Approved
2084,0,Graduate,No,2568524,281532,18,466,689522,19196821,39153393,8240574,Rejected
2085,3,Graduate,Yes,7299574,16185601,4,636,28429892,19713251,9870795,3948795,Approved
2086,1,Graduate,No,6077675,26634804,2,678,13276596,4002539,32522260,5431392,Approved
2087,5,Not Graduate,Yes,9234660,20168893,8,541,25088375,16855185,39865719,7183713,Rejected
2088,0,Not Graduate,Yes,8749906,23428345,8,459,26473337,15530224,20952223,11768896,Rejected
2089,2,Graduate,Yes,521243,11003699,4,534,6622600,12885666,11637540,11963911,Rejected
2090,0,Not Graduate,No,4218920,5617967,6,752,7106583,3899417,21753980,6722044,Approved
2091,0,Not Graduate,Yes,4936605,23336528,6,498,18940587,86467,23074079,13274147,Rejected
2092,3,Not Graduate,Yes,8085766,16340484,10,776,6594290,10618985,32878406,236529,Approved
2093,1,Not Graduate,No,2281530,29843673,2,332,21674062,11935571,36004592,3978198,Rejected
2094,2,Not Graduate,No,3188793,8709707,18,707,15747502,15682977,29655116,12398135,Rejected
2095,4,Not Graduate,No,7217191,22846904,16,388,5469538,1417547,36939626,4544063,Approved
2096,4,Graduate,Yes,4657005,28834742,16,520,24477712,13728655,20333444,717518,Rejected
2097,0,Graduate,No,4293898,26413146,6,368,6579500,18650153,11111852,2205999,Rejected
2098,3,Graduate,Yes,3000212,26939936,4,593,7727706,17218906,4891532,1892148,Rejected
2099,3,Graduate,No,330878,15701504,2,536,1338984,3149537,22928647,272381,Rejected
2100,4,Graduate,No,7114887,20711470,12,459,9071899,9560874,22260554,4571106,Rejected
2101,2,Not Graduate,No,2962108,6679327,20,589,9390447,8357151,5573031,1892864,Rejected
2102,1,Graduate,Yes,2092508,9126896,2,853,20090130,5860075,1866345,14120510,Approved
2103,2,Graduate,Yes,3093713,24281217,10,877,9577837,706406,22232282,510743,Approved
2104,5,Not Graduate,Yes,6688574,20444528,18,832,29852775,16886718,2564539,7993996,Approved
2105,5,Not Graduate,Yes,5192332,11178579,18,634,9262229,3470368,30228736,1558573,Approved
2106,1,Graduate,Yes,7081099,26877785,8,881,1326680,15964254,26382439,6392101,Approved
2107,4,Not Graduate,Yes,3543473,20189000,14,801,16648855,11172859,13798533,9634660,Approved
2108,1,Not Graduate,Yes,2147012,24792395,14,545,17455039,19078764,26164025,3061820,Rejected
2109,3,Not Graduate,Yes,6978105,26227619,8,622,21964790,14407709,11001663,2876502,Approved
2110,5,Not Graduate,Yes,6565898,24413548,10,628,12623668,11245833,39177549,4773572,Approved
2111,0,Graduate,No,5071482,11071075,18,846,16179057,14617184,36159654,10080090,Approved
2112,0,Not Graduate,No,2209326,777510,14,638,27030287,18485286,28146498,7647604,Approved
2113,4,Graduate,Yes,4393513,7331021,14,470,8745261,19058860,7873249,158827,Rejected
2114,3,Graduate,Yes,3925614,25497768,20,409,16640623,10777335,1415733,13042445,Approved
2115,2,Not Graduate,Yes,7049502,7496822,14,309,29241527,15130273,13341365,2846554,Rejected
2116,3,Not Graduate,Yes,4521613,22972224,18,501,12047056,8839859,23629977,721014,Rejected
2117,0,Not Graduate,No,6676137,7193536,10,556,6276755,16231014,16243746,5995245,Rejected
2118,0,Graduate,No,3900568,24279027,12,561,9304076,4503760,19146061,6123103,Rejected
2119,5,Not Graduate,Yes,603552,4400675,6,729,12142250,15166090,24055591,5213770,Approved
2120,3,Not Graduate,No,8099151,19273184,2,806,16171867,14307541,20261923,14764489,Approved
2121,3,Not Graduate,No,3389291,24548501,4,365,13260956,3886218,26990126,532457,Rejected
2122,0,Not Graduate,Yes,9655545,16806665,16,878,21688547,9128607,16181773,3109660,Rejected
2123,2,Not Graduate,Yes,9711653,25672826,2,888,21342969,8269394,37045702,10494939,Approved
2124,4,Graduate,Yes,4016707,12121588,20,334,11053325,1512223,24274583,11696733,Rejected
2125,4,Not Graduate,Yes,8822903,27110647,14,856,2525732,19489343,15523691,2529247,Approved
2126,3,Not Graduate,No,5011071,4185198,10,790,29726019,5418139,16043964,7495802,Approved
2127,4,Not Graduate,Yes,4274973,28294274,12,879,23344768,552435,18049512,4539528,Approved
2128,0,Graduate,No,208798,29098335,16,553,23874655,16637951,6666759,9044441,Rejected
2129,0,Not Graduate,Yes,5074807,7932728,8,316,22405485,480297,23846621,1419425,Rejected
2130,3,Graduate,No,7327583,28603688,12,560,27863014,1551654,20440051,3500013,Rejected
2131,3,Graduate,Yes,5868843,4512176,6,555,21530345,13109248,30881209,13171430,Approved
2132,5,Not Graduate,Yes,8308262,27710260,14,723,10700698,9481119,29766644,1945712,Approved
2133,3,Not Graduate,No,4100275,29094747,4,800,5541985,15357906,38928177,6292503,Approved
2134,2,Not Graduate,No,7793832,19547938,16,585,15233026,10079356,9419742,1177247,Rejected
2135,4,Graduate,No,4928007,17529955,14,306,14211252,14509119,29667669,7199091,Rejected
2136,3,Graduate,Yes,2177165,21979299,16,796,19113927,2785485,33253367,10143399,Approved
2137,1,Graduate,No,3753952,25973898,4,498,28329929,6925726,23801468,3104087,Rejected
2138,5,Graduate,No,3957654,18648187,6,717,24050663,8277235,13399045,8318579,Approved
2139,1,Graduate,No,8579702,23192486,8,351,5040077,6871629,35478485,898883,Rejected
2140,0,Graduate,No,3803019,19129529,18,542,13252767,7095949,18574035,6022756,Rejected
2141,4,Not Graduate,No,7941368,18916458,10,518,9733105,1649879,15425087,11754438,Rejected
2142,3,Not Graduate,No,8259777,11034807,12,817,7694568,4175375,5156978,1933733,Approved
2143,1,Graduate,No,4410563,29361802,2,408,5059784,11127748,29171297,4090802,Rejected
2144,4,Not Graduate,No,6775699,26396073,8,650,9797411,18525749,13437657,13384248,Approved
2145,0,Not Graduate,No,1389297,14307716,8,365,10312237,3431803,24902086,6804002,Rejected
2146,2,Graduate,Yes,5572274,6478252,20,309,7560749,15491150,24756333,2284808,Rejected
2147,5,Graduate,Yes,1213295,9573660,16,501,21732495,16831102,19726696,4853204,Rejected
2148,4,Not Graduate,No,7861434,14675275,16,513,18526084,4576925,15631348,5723323,Rejected
2149,4,Graduate,Yes,3517837,15437193,20,367,2994463,18684694,36667650,1835726,Rejected
2150,2,Graduate,Yes,5716829,27667398,12,626,11469683,14678348,3394771,5841959,Approved
2151,4,Not Graduate,No,9680331,18103858,16,349,6574524,4688159,18231853,5210584,Rejected
2152,0,Graduate,No,8957529,27294802,18,316,14441623,15934554,9265063,7265494,Approved
2153,0,Not Graduate,No,8024641,14533554,10,822,628878,18061153,24728941,8639129,Approved
2154,2,Not Graduate,No,1897590,28123371,2,605,15489524,1900332,18569811,13413102,Approved
2155,5,Not Graduate,No,2373367,17003475,2,691,20295998,3096736,31271120,1836192,Approved
2156,3,Not Graduate,No,6080077,5747061,4,423,7419391,19924369,2300071,12519751,Rejected
2157,1,Not Graduate,Yes,1606085,4190798,4,803,18088840,8977307,22239329,369334,Approved
2158,3,Graduate,No,3618857,938628,10,524,24500966,12022525,28093165,10558339,Approved
2159,4,Graduate,Yes,7814567,1509399,14,617,13164380,5128793,23449864,10762325,Approved
2160,1,Graduate,No,8885116,13910845,14,772,25299254,15952183,2462568,14922697,Approved
2161,2,Graduate,No,4738847,3114445,8,840,16670699,6141601,15329082,513647,Approved
2162,2,Not Graduate,Yes,2811212,20209515,8,657,4027651,16161924,24517811,14547537,Approved
2163,5,Not Graduate,No,2521554,21615228,20,782,26366639,8103412,32164165,3390371,Approved
2164,1,Graduate,No,4961515,7596340,6,728,26106169,2201597,19400733,14627239,Approved
2165,0,Not Graduate,Yes,8504932,13475562,4,796,26151228,17202986,11141291,4032169,Approved
2166,1,Graduate,No,2987352,224283,6,771,15135484,5349123,23894729,8602899,Approved
2167,4,Graduate,Yes,9970488,4737412,16,870,4696997,2874465,18263925,6108989,Approved
2168,0,Graduate,No,5571045,23898063,2,599,24794308,9645224,34532049,705027,Rejected
2169,2,Not Graduate,No,2698544,27593437,8,383,11700032,5632310,38227590,11809199,Rejected
2170,1,Not Graduate,Yes,8884281,3834073,14,676,8138750,5446998,11042110,13989387,Approved
2171,3,Not Graduate,No,725957,22985137,10,612,27538253,11816491,20963820,3971945,Approved
2172,5,Not Graduate,Yes,6346685,20755211,4,619,10526684,9631219,2221061,9328408,Approved
2173,3,Graduate,Yes,3890339,23382874,2,503,28867144,2408196,26449364,14593834,Rejected
2174,5,Not Graduate,Yes,2527654,29602426,12,654,6604465,13521180,15573012,7432513,Approved
2175,4,Not Graduate,No,8070341,4941700,10,593,9953294,9956989,30179261,2770287,Rejected
2176,3,Not Graduate,No,501951,24138447,6,803,6232062,19649795,7366001,10052822,Approved
2177,1,Graduate,Yes,512499,19770846,18,444,2388143,707054,19718075,12100594,Rejected
2178,1,Graduate,No,9084263,10831787,6,838,15284743,12521826,22232014,7081040,Rejected
2179,3,Not Graduate,No,1886279,3101046,4,316,14228562,10565845,9685055,13305547,Rejected
2180,1,Not Graduate,No,3934049,27210177,10,874,17641389,6691632,2371973,2237246,Rejected
2181,4,Not Graduate,Yes,8295979,137117,18,875,22909446,16793799,9034775,9664975,Approved
2182,0,Not Graduate,No,6315790,11764316,16,338,7551715,10296148,10314104,14711810,Rejected
2183,4,Graduate,Yes,5629048,28285445,12,429,24067540,10700935,25828415,8713985,Rejected
2184,5,Not Graduate,No,1470242,18902774,6,414,16669056,16978867,14642773,1027590,Rejected
2185,4,Not Graduate,No,8296173,24197972,12,749,2990653,1895027,39162751,8058213,Approved
2186,5,Not Graduate,Yes,6778518,20232888,10,344,5973983,16535492,19353303,664832,Rejected
2187,1,Graduate,No,2490860,21259869,2,515,25370550,16241556,34893201,10311802,Rejected
2188,0,Graduate,Yes,3011318,12375075,10,899,956495,11980197,5634871,5755051,Approved
2189,1,Not Graduate,No,1389042,3698557,14,714,10867003,8048516,16431554,6701260,Rejected
2190,2,Not Graduate,Yes,1373077,12728364,18,564,16804121,15479125,2614400,7695399,Approved
2191,1,Not Graduate,No,5178820,16009801,2,739,12174246,11529745,23937366,14853800,Approved
2192,5,Not Graduate,No,5011102,22126750,6,680,18345289,8778404,26544448,7511200,Approved
2193,1,Not Graduate,No,9619257,17826000,16,600,25567401,11142782,10740557,6863908,Rejected
2194,1,Graduate,Yes,3227936,13918701,12,470,12722787,4536718,19256384,9047526,Rejected
2195,0,Graduate,Yes,4954895,23291991,10,705,7652171,14163365,30208483,5524337,Approved
2196,1,Graduate,Yes,751741,21963598,20,654,24084485,13443629,9429020,2464007,Approved
2197,0,Not Graduate,No,9483926,21290535,4,460,760492,12724781,8839903,6029111,Rejected
2198,3,Graduate,Yes,6290007,18738807,6,851,25885044,6519994,28256317,10850361,Approved
2199,2,Graduate,Yes,923809,10310577,4,325,4090176,3676661,21848959,1402537,Rejected
2200,0,Graduate,Yes,356837,10155714,2,382,2371463,16723575,26822147,6730332,Rejected
2201,5,Not Graduate,Yes,719676,5218168,14,472,25851003,15059587,13560969,13023431,Rejected
2202,3,Not Graduate,Yes,1810921,13261168,6,369,10954870,18778058,30592522,6955211,Rejected
2203,0,Graduate,Yes,4663593,13342015,14,305,2552639,9746962,6795691,6797839,Approved
2204,0,Not Graduate,Yes,7116950,27526199,14,494,3809566,5159698,16615342,567211,Rejected
2205,2,Graduate,Yes,2894670,27494566,16,824,10178767,6758441,5757481,11117205,Approved
2206,5,Graduate,Yes,7170746,10864556,2,362,17650596,8039003,9682549,10433973,Rejected
2207,4,Graduate,Yes,5859848,22591773,10,312,1437916,9403652,33962844,3201122,Rejected
2208,4,Graduate,No,9745322,18563194,20,504,2409753,5803928,6153014,14020849,Rejected
2209,0,Not Graduate,No,4361460,25511439,18,339,940281,2090946,35093290,12985188,Rejected
2210,1,Not Graduate,Yes,9325272,26041316,14,464,16051206,749337,25445200,5423672,Rejected
2211,5,Not Graduate,No,7602072,13671427,2,330,11673849,12291517,11807885,1467091,Rejected
2212,3,Not Graduate,No,6075836,9901817,16,828,12917922,12781788,24880301,1652094,Approved
2213,1,Graduate,Yes,9093396,8723145,6,697,12924855,3106412,33137046,11428980,Approved
2214,1,Not Graduate,Yes,1706440,5516300,8,758,12853012,9158278,19967305,6138895,Approved
2215,5,Graduate,Yes,8381494,7951801,8,522,4636929,11846571,36494029,12117013,Rejected
2216,0,Not Graduate,No,4611045,21148277,20,377,1100609,15445229,16443123,11414234,Rejected
2217,0,Not Graduate,Yes,1677482,18474475,16,899,8577523,18192538,17312238,14084037,Approved
2218,0,Not Graduate,No,9822286,17010623,2,727,5205526,2444201,17260486,1750671,Approved
2219,0,Graduate,Yes,6821504,1774842,16,724,12721789,176968,26018593,12489139,Approved
2220,4,Graduate,No,6728925,22583424,18,686,10215369,3681335,9461603,13346285,Approved
2221,0,Graduate,No,1325664,15024412,18,538,20613683,5060994,2101572,4548019,Rejected
2222,4,Graduate,Yes,2867107,755860,10,389,4842440,16094077,23468537,12319236,Rejected
2223,4,Not Graduate,Yes,3925563,5991709,8,684,26299633,14155461,8875573,4593421,Approved
2224,0,Graduate,No,7431445,11857619,8,438,4701189,11121978,29198116,10304701,Approved
2225,2,Graduate,No,6357703,12428851,18,823,26586419,3780645,17772452,8294154,Approved
2226,3,Not Graduate,Yes,3580635,25634566,16,543,442533,4220244,11366335,5823124,Rejected
2227,1,Not Graduate,Yes,3159532,6603784,20,804,19828761,7043800,7464971,2174920,Approved
2228,4,Graduate,No,4350122,25664583,20,721,11208024,12460262,14414470,693747,Approved
2229,5,Not Graduate,Yes,8398344,20009306,14,481,8390729,19188163,10091410,9830886,Rejected
2230,5,Graduate,No,1306136,29397868,6,494,23268763,5171456,2903331,7024094,Rejected
2231,3,Not Graduate,Yes,1101495,9895499,8,352,28381368,2117840,13113206,9756260,Rejected
2232,5,Graduate,Yes,3320847,14376199,18,478,22878408,12498120,8438553,4072190,Rejected
2233,2,Graduate,Yes,5331131,13427988,16,592,15845192,15809076,32900198,14554556,Rejected
2234,5,Graduate,No,4674445,630901,2,674,18090146,2289033,6377535,2397550,Approved
2235,1,Graduate,Yes,5368811,5190769,6,358,11801611,1384019,26995604,9646712,Rejected
2236,1,Graduate,No,3349407,18123727,20,353,24608074,14887756,28522041,13953516,Rejected
2237,4,Not Graduate,Yes,6979697,28321020,4,544,13965389,14884497,32866167,11338871,Approved
2238,0,Graduate,No,3910324,17739850,4,448,839896,19171345,32492626,2260718,Rejected
2239,2,Graduate,No,7746128,10480943,16,667,10157810,2843253,26333402,7229047,Approved
2240,4,Graduate,Yes,7186658,1670925,12,315,6467561,19599938,27205433,10259353,Rejected
2241,2,Graduate,No,9571520,29545794,12,475,5171538,17933341,7622629,3039609,Rejected
2242,0,Graduate,No,7478492,2743508,8,839,27169572,16907336,9872972,2979826,Approved
2243,5,Not Graduate,No,2744306,17712705,2,705,8561909,17891450,14027582,4452056,Approved
2244,5,Not Graduate,No,729983,5099682,14,766,2142312,2249704,29510286,2306615,Approved
2245,0,Graduate,Yes,2523964,11261667,16,428,27781120,8700890,19683420,6666034,Rejected
2246,4,Not Graduate,Yes,782787,4903829,4,522,13125038,10495203,30867663,8157577,Rejected
2247,0,Graduate,Yes,223382,28397604,4,543,28426231,4002129,9254220,12204720,Rejected
2248,3,Not Graduate,No,5817492,8756521,2,725,24316669,6755764,21563148,11578204,Approved
2249,1,Not Graduate,No,7546796,3925971,8,653,6174211,19784581,8936924,4990243,Approved
2250,4,Graduate,Yes,5140560,8025660,12,625,9847193,16607270,34117971,6139799,Approved
2251,2,Not Graduate,Yes,1542643,13810687,10,302,21109702,12906392,39326547,10811753,Approved
2252,3,Not Graduate,No,9892217,3349950,8,778,663397,10738345,10669675,8680308,Approved
2253,4,Graduate,Yes,2130719,27596907,8,380,6002414,9396005,30313234,8982392,Rejected
2254,0,Graduate,Yes,9499953,29626362,20,343,2607429,10456572,37750000,2114213,Rejected
2255,0,Not Graduate,No,8459150,6873060,14,454,23800006,4162407,38524509,5439805,Rejected
2256,0,Not Graduate,Yes,3628811,14734916,14,835,12380627,19745544,8672953,10699260,Approved
2257,0,Not Graduate,No,9880956,19007802,4,398,12093301,7059712,17708690,1363178,Rejected
2258,2,Graduate,Yes,9655984,21880054,14,696,7671074,7428047,23556349,12692522,Approved
2259,3,Not Graduate,No,2713614,13753024,4,470,21661332,17561445,27906891,13159834,Rejected
2260,5,Not Graduate,No,5046113,3978979,8,447,29653308,7746170,39394883,3561423,Rejected
2261,1,Not Graduate,No,2743173,5447519,2,422,24033916,13855175,34340564,2937914,Rejected
2262,2,Graduate,No,3344720,17320820,10,411,1878557,4880430,37495605,9101362,Rejected
2263,2,Graduate,No,3991343,11947006,2,429,3626814,4345163,28367777,1617397,Rejected
2264,5,Graduate,Yes,1822512,1303307,8,367,17774220,5580943,25647910,8729083,Rejected
2265,5,Graduate,Yes,650067,27079567,18,844,18871777,554856,32048887,4736474,Approved
2266,1,Not Graduate,Yes,6392072,6496119,16,585,22696322,592921,36488829,7645211,Rejected
2267,1,Graduate,No,8944250,27213012,12,304,19661004,12692494,30150987,11133027,Rejected
2268,5,Not Graduate,Yes,5210500,7826409,16,417,27881320,16698767,34801628,11645828,Rejected
2269,0,Not Graduate,No,6261782,16900304,10,529,26797749,2805966,34289402,477525,Rejected
2270,2,Not Graduate,No,6661029,5411344,14,459,426994,1410648,30081137,1995928,Rejected
2271,4,Not Graduate,Yes,7597239,2040929,16,593,5731217,18562656,32803928,12909810,Rejected
2272,1,Graduate,No,5577168,26112254,14,485,17301033,2567053,39186879,11222832,Rejected
2273,1,Graduate,Yes,8217464,18752606,8,851,1117069,11726039,31235153,7010001,Approved
2274,5,Graduate,No,6621472,24507576,10,523,14830388,10298869,15918348,10579015,Rejected
2275,3,Graduate,No,1897152,23319843,20,451,10213808,7356674,8362165,1377027,Rejected
2276,4,Graduate,Yes,1359149,24155986,12,439,9354466,11616709,14865150,13152246,Rejected
2277,4,Not Graduate,No,320730,8185898,12,666,20462472,13902622,32747693,5628433,Approved
2278,1,Graduate,Yes,4281093,6089520,18,427,17842627,4901327,18059938,9995562,Rejected
2279,0,Graduate,No,9701370,5380619,20,650,29053343,10489930,9233143,1352217,Approved
2280,3,Graduate,Yes,2039968,12548705,4,446,23320802,1204465,7335533,8119469,Approved
2281,4,Graduate,No,4413085,9676645,12,584,20891033,922640,2466388,160428,Rejected
2282,1,Not Graduate,Yes,1486793,21088872,6,768,28252908,3802800,36244630,1044889,Approved
2283,4,Not Graduate,Yes,8055506,12809700,4,517,9836680,6544642,27180859,2066927,Rejected
2284,3,Not Graduate,No,2141042,29874492,12,735,18192957,4177206,22732226,12759611,Approved
2285,3,Not Graduate,Yes,2851222,12190452,8,444,9297654,3549417,9579783,12274507,Rejected
2286,2,Not Graduate,No,9955715,6983784,10,576,18247067,736199,26216609,3648648,Rejected
2287,5,Graduate,No,4018067,5270428,10,359,25439846,9298416,7411804,11810270,Rejected
2288,5,Not Graduate,Yes,8849769,12656150,6,674,14954556,18603875,30550273,9788422,Approved
2289,1,Not Graduate,Yes,6557722,16185063,8,703,17404135,19221543,9557334,5112585,Approved
2290,3,Not Graduate,Yes,7935491,7534462,6,413,18587497,12727745,25703473,2531164,Approved
2291,2,Graduate,Yes,5575653,3997619,14,794,2565696,16589526,8333030,8873594,Approved
2292,2,Graduate,Yes,4057469,11036090,2,635,12730586,8128285,23726672,3644592,Approved
2293,4,Not Graduate,No,4051526,24126887,12,868,22512563,5867288,13169029,5112529,Approved
2294,4,Graduate,Yes,535983,13323157,8,584,5369724,8568326,32767817,185240,Rejected
2295,2,Graduate,No,2666993,4836340,2,428,9609020,19744689,27258531,4902969,Rejected
2296,4,Not Graduate,Yes,1315059,14420539,2,614,26305364,9735775,8078831,8188966,Approved
2297,3,Graduate,Yes,8988377,29575286,10,897,16719220,10121728,2537050,8754202,Approved
2298,0,Graduate,Yes,2854965,9756773,10,370,23960466,9594851,36801872,2205570,Rejected
2299,3,Graduate,No,7751506,22316450,20,644,28932939,15295920,32908123,6833390,Approved
2300,2,Not Graduate,Yes,5538888,14485092,14,397,7961750,10330118,15396645,7998895,Rejected
2301,2,Not Graduate,No,9681532,23884392,8,599,17538175,11114615,29718590,866164,Approved
2302,3,Not Graduate,No,5120851,5615270,18,475,15526412,2607490,18009747,3900592,Rejected
2303,4,Graduate,No,4663721,15021915,8,374,13385645,11289949,17736564,5702284,Rejected
2304,4,Not Graduate,Yes,3672108,6450851,14,442,26309700,1155712,32765169,1000441,Approved
2305,5,Graduate,No,5125233,12322182,10,322,10590018,12463794,10166207,12191810,Rejected
2306,2,Graduate,Yes,8723215,28835108,10,480,3861082,10712161,38561102,11879834,Rejected
2307,1,Graduate,No,5968076,22073898,12,344,21255863,13199542,27070401,7466483,Rejected
2308,5,Not Graduate,Yes,5695179,7836334,16,768,7774352,17914552,9646522,6394611,Approved
2309,4,Not Graduate,No,3546953,29682271,10,391,26875744,10973748,21557765,5745206,Approved
2310,3,Not Graduate,Yes,1356928,19760769,6,568,25545229,134883,19181131,3203940,Rejected
2311,4,Not Graduate,Yes,3441695,28164268,12,333,8869925,8025760,23568829,13498792,Rejected
2312,3,Graduate,Yes,6842589,4694927,4,881,6967440,15699178,574493,2061942,Approved
2313,5,Not Graduate,No,412628,20047879,16,663,11803235,16527205,35573603,228529,Approved
2314,2,Graduate,No,6843509,27863205,16,432,901573,2845619,17617669,9504234,Rejected
2315,4,Not Graduate,Yes,7963412,27936343,6,681,7335712,13686996,17277659,13948298,Approved
2316,3,Not Graduate,No,4527261,8522719,16,576,1237660,8554981,30423157,5388111,Rejected
2317,2,Not Graduate,No,4971873,11428742,18,455,16453832,17663961,1592745,1708263,Rejected
2318,1,Graduate,No,7845447,10792529,10,686,29410494,136973,38528189,13096186,Approved
2319,3,Graduate,No,1285110,4776637,10,834,21164739,12519591,19845033,6646753,Approved
2320,5,Graduate,No,9730218,1639605,12,499,21614600,4576121,39654897,3971254,Rejected
2321,1,Graduate,No,7598129,19192376,14,574,16199253,19657634,13793354,2531700,Rejected
2322,1,Graduate,No,4823527,8303419,6,800,29775372,4898473,18121743,2956329,Approved
2323,0,Not Graduate,Yes,5915574,25306389,10,758,6515574,4845137,25930890,4787653,Approved
2324,4,Graduate,Yes,6106512,7459315,2,349,18124734,14213947,31753142,11840799,Rejected
2325,3,Graduate,No,1174687,8292934,20,831,25659807,15665288,17766059,14042330,Approved
2326,1,Graduate,Yes,7901349,1379938,10,391,11600444,3376379,15469979,2504675,Rejected
2327,0,Graduate,Yes,1024726,711204,8,755,3010576,2680300,6670160,3080859,Approved
2328,5,Not Graduate,Yes,6040445,5422432,2,638,7830644,18621728,27436215,2856324,Approved
2329,2,Graduate,No,8593302,1138734,14,352,25295394,11346435,19936428,8899094,Rejected
2330,3,Not Graduate,No,2879590,29498361,2,795,7635801,5109626,30274181,13493322,Approved
2331,1,Not Graduate,No,4940148,22641506,16,303,17085561,19223215,28887046,11645867,Rejected
2332,4,Not Graduate,No,6410239,21356359,20,580,5815004,9864187,21608167,9303823,Rejected
2333,0,Graduate,No,9262875,26273816,4,589,22081445,8217871,23881921,13922579,Rejected
2334,1,Not Graduate,Yes,2237775,10187912,20,372,25909683,15228334,18115368,14531156,Rejected
2335,4,Graduate,No,9816743,29633934,10,436,10671886,8651801,37778528,4149645,Rejected
2336,1,Graduate,Yes,2186373,25609225,12,692,17391068,12858437,5824273,4193325,Approved
2337,3,Graduate,No,5018060,11373697,18,507,467533,6228260,37232469,8820435,Rejected
2338,3,Graduate,Yes,3116971,10460051,14,559,10385196,8904085,27654858,511731,Rejected
2339,3,Graduate,No,6035770,15746276,12,562,15567240,16491753,14783760,2290958,Rejected
2340,5,Not Graduate,No,9613054,10891518,10,804,23392438,4442342,19237913,9933159,Approved
2341,5,Not Graduate,No,2813456,11635346,12,849,17553134,13339561,34707170,13185402,Approved
2342,0,Graduate,No,7414554,25510124,8,502,10775693,2168393,15978076,13887876,Rejected
2343,3,Not Graduate,No,4466660,28916554,2,646,26829502,18662520,34075398,6328796,Approved
2344,4,Graduate,No,6284010,24872096,18,351,24511651,15780216,31108098,4733000,Rejected
2345,1,Not Graduate,Yes,6751381,4445237,10,892,21844124,10602382,1108903,113332,Rejected
2346,2,Not Graduate,No,808919,3663069,16,655,25680490,9243060,39178080,306511,Approved
2347,4,Not Graduate,Yes,6927830,13462382,14,818,29254933,18220753,34449700,5523159,Approved
2348,5,Not Graduate,No,9421838,25930553,16,662,792289,15095428,29011602,11604930,Approved
2349,5,Not Graduate,Yes,6124216,16684465,2,344,11367983,6176600,19758220,7877067,Rejected
2350,4,Graduate,Yes,8929430,24281760,18,677,22457362,3374883,837450,11299270,Approved
2351,5,Graduate,Yes,4904863,9612840,2,711,15697854,3187657,35299605,4018832,Approved
2352,3,Not Graduate,Yes,7552236,10278303,6,441,8426319,15791277,10944554,10639662,Rejected
2353,0,Graduate,Yes,7285282,27722806,16,557,23659398,14136982,17418689,9284238,Rejected
2354,1,Not Graduate,Yes,4640768,3420938,2,336,7090378,453207,14244660,4703252,Rejected
2355,0,Graduate,No,5476473,16013132,2,344,1350283,9590268,32488121,8070529,Rejected
2356,1,Not Graduate,Yes,6699716,11571353,12,345,8767139,14484233,19644267,10933927,Rejected
2357,1,Not Graduate,No,315064,6669089,10,864,26166621,4203829,11195752,11558683,Approved
2358,0,Not Graduate,No,2789644,2256941,12,600,122319,7469260,28511350,2013956,Rejected
2359,4,Graduate,Yes,7409403,3839941,6,587,11241531,6859092,4597129,10373757,Rejected
2360,1,Graduate,Yes,3258321,7751879,20,568,16635801,6402165,11875492,6583805,Rejected
2361,0,Not Graduate,No,2400852,10017886,20,361,29021487,2853752,39289561,2306812,Rejected
2362,1,Not Graduate,Yes,6647726,28488177,12,865,11484294,15814670,23885865,14443552,Approved
2363,2,Graduate,Yes,4547864,16722607,4,880,28165112,5965121,18896749,8782237,Approved
2364,4,Graduate,Yes,8233907,14507294,16,541,26193437,4065273,6077929,11688687,Rejected
2365,3,Graduate,Yes,3303800,8153620,12,653,25725932,18429946,39759959,4805577,Rejected
2366,1,Graduate,Yes,1538618,23690236,8,370,26738788,3093390,36811741,14806718,Rejected
2367,2,Graduate,Yes,7935167,8657770,8,712,11839293,13999440,8803345,9701401,Approved
2368,3,Not Graduate,Yes,786901,10090277,14,360,17288416,9643539,10397764,6967273,Rejected
2369,3,Graduate,No,8962529,24836514,6,751,18084324,934577,25533896,2825789,Approved
2370,1,Not Graduate,Yes,9592247,15611053,6,692,7037589,389893,25610015,13384650,Approved
2371,0,Not Graduate,No,8112798,29855899,12,828,15434669,5533052,36229637,5621689,Approved
2372,1,Graduate,No,607650,12208865,18,604,20454634,5659536,28804533,10386091,Approved
2373,2,Graduate,No,5872745,11581567,2,490,26883137,3702903,38552924,8173854,Rejected
2374,3,Not Graduate,No,3929046,7567870,10,377,1268823,19306521,9409940,9228807,Rejected
2375,1,Graduate,Yes,9783105,11176042,2,857,19636924,8977941,31244434,10109274,Approved
2376,0,Not Graduate,No,3815383,2573301,2,824,11423726,1677000,35294338,7517924,Approved
2377,1,Graduate,No,970448,19776866,6,600,26327949,19853375,37665812,6300136,Rejected
2378,4,Graduate,No,4019128,11245841,6,316,7423800,8122827,37500659,3806378,Rejected
2379,0,Graduate,No,8326710,10401598,8,873,14789885,15710521,3339844,5787086,Approved
2380,2,Not Graduate,No,5474033,19767104,6,733,24252812,12369111,16768712,11288246,Rejected
2381,3,Graduate,Yes,2040220,11877277,12,342,27111905,6888903,9646884,10362954,Rejected
2382,1,Not Graduate,Yes,8723019,28978807,8,367,9544466,314232,22392707,717292,Rejected
2383,0,Graduate,No,4351910,21412427,16,679,16589255,8564703,22920659,11992944,Approved
2384,4,Not Graduate,Yes,2877678,20849838,2,511,11302266,9991125,18673456,5302134,Approved
2385,0,Graduate,Yes,612610,25124036,16,502,28823957,17248048,5917049,5757210,Rejected
2386,5,Not Graduate,No,7378560,8036154,2,408,14751376,16854728,8715027,2422854,Rejected
2387,4,Not Graduate,No,252055,8462469,2,583,10791615,1681986,14669848,11636456,Rejected
2388,2,Not Graduate,No,5547389,19347535,14,524,10596531,7597528,17551386,6763889,Rejected
2389,3,Not Graduate,Yes,7143122,14752442,2,417,4617940,14171494,31665459,11080150,Rejected
2390,2,Not Graduate,No,1336263,16796299,18,639,9449837,3744893,14640774,12421553,Approved
2391,1,Not Graduate,Yes,2697838,21713579,16,580,3923322,14565288,25647101,13788413,Rejected
2392,0,Graduate,Yes,5329584,10588349,2,790,6611810,8939181,21333935,2719115,Rejected
2393,5,Not Graduate,Yes,5962726,10972927,4,318,12192720,16115030,35134049,11218233,Approved
2394,4,Not Graduate,No,2499820,24647542,4,474,27375212,7223094,12393003,916401,Rejected
2395,4,Not Graduate,Yes,3743244,16060257,4,768,24793080,3592586,18842183,7243124,Rejected
2396,0,Graduate,No,2038346,6446374,12,441,19272433,14414307,33955616,13708168,Rejected
2397,5,Graduate,No,7602633,27245505,8,762,6678176,13464217,39443289,2298568,Approved
2398,0,Graduate,No,7766169,8496319,16,597,6522694,2752967,27975530,2088896,Approved
2399,1,Not Graduate,No,7111542,26532372,2,769,23314396,12185809,1602676,4022474,Approved
2400,2,Graduate,No,6098131,21393094,20,672,14144342,7103465,13465192,5972909,Approved
2401,4,Graduate,Yes,359876,2915839,8,767,15784548,3063550,25768624,6854742,Rejected
2402,1,Not Graduate,Yes,9253883,13961802,20,737,2736673,11736043,36060178,7580633,Rejected
2403,2,Not Graduate,Yes,5716182,850506,10,742,23432701,18005067,6105874,2874525,Approved
2404,1,Graduate,Yes,9988041,3086189,18,755,20600752,12545045,32166610,8518697,Approved
2405,5,Not Graduate,Yes,3610331,4553293,10,547,27589948,4194363,1638806,9805499,Rejected
2406,4,Not Graduate,No,6389152,7771711,6,441,12894228,12988801,28955934,6039469,Rejected
2407,0,Not Graduate,No,3711449,17750218,8,701,21046281,17225783,7416443,4050034,Approved
2408,0,Not Graduate,Yes,1614447,23289987,20,521,26413603,17914023,12123927,14949945,Rejected
2409,2,Graduate,Yes,3658332,5247984,14,483,14684008,16192923,23255866,12087017,Rejected
2410,3,Not Graduate,Yes,2380122,28785807,2,663,11219807,15928012,24352544,10120496,Approved
2411,5,Graduate,No,916177,29764002,12,487,24417268,14952929,25798598,9296193,Rejected
2412,2,Graduate,No,5612199,16304024,16,412,8631449,14346134,29246030,12787605,Rejected
2413,3,Graduate,No,9640105,22788841,2,480,10011883,16520758,25222964,3405229,Rejected
2414,1,Graduate,Yes,3219332,15951892,16,498,17313579,17742163,9302459,11954233,Rejected
2415,5,Not Graduate,Yes,679177,28548574,14,369,22781905,7050107,31461536,11509905,Rejected
2416,1,Not Graduate,Yes,721317,18682382,2,897,3681123,4913927,32079155,12332097,Approved
2417,4,Not Graduate,Yes,4026562,1353159,18,784,6099676,13694210,35941395,12509843,Approved
2418,5,Graduate,No,8367399,7361969,6,698,25896571,15387997,8610968,2715506,Rejected
2419,3,Graduate,Yes,1708797,8380934,4,850,15050344,4469981,20532968,12052919,Approved
2420,4,Graduate,Yes,4126888,3139933,14,309,6096903,3298716,32329488,1563518,Rejected
2421,0,Not Graduate,Yes,2224676,295507,6,302,958418,7401454,8013907,9783303,Approved
2422,3,Graduate,No,9236545,8389069,2,777,21900951,15076833,1273699,4298981,Approved
2423,2,Not Graduate,No,5402753,8954326,20,366,16966783,18730584,7228350,9018035,Rejected
2424,0,Not Graduate,Yes,2352304,22227533,6,396,1966060,1843152,26116432,1992774,Rejected
2425,0,Not Graduate,No,7760105,26441194,12,830,21526017,2863255,3154388,12314392,Rejected
2426,2,Not Graduate,No,4752939,25600091,6,617,1553138,19797309,1536070,12865356,Approved
2427,5,Graduate,No,6714849,28846521,10,397,29124589,14508003,27602600,7526081,Rejected
2428,0,Not Graduate,No,8675177,7405626,18,356,20824228,4979250,38101809,5943861,Rejected
2429,3,Graduate,No,8398931,8440133,14,406,25119098,14703894,1275819,2516710,Rejected
2430,4,Not Graduate,Yes,1184131,19848629,4,387,9347643,17637933,652135,4176064,Rejected
2431,0,Graduate,Yes,5075436,6444661,2,670,28836253,19617613,27580433,9519525,Approved
2432,3,Graduate,Yes,7949611,16984164,14,674,25996409,10973801,25034788,5996975,Approved
2433,1,Not Graduate,No,5078154,22442050,8,351,23120937,3020571,33203750,2439783,Rejected
2434,3,Not Graduate,No,8140312,2572385,14,340,13575415,19675503,38349230,595212,Rejected
2435,4,Not Graduate,No,7881147,1737346,12,390,6788435,4346854,38421474,5855414,Rejected
2436,3,Graduate,No,9810401,26645736,14,338,16412015,16020912,20709957,8222001,Rejected
2437,2,Not Graduate,Yes,5404369,9100050,8,312,7938480,1270767,12281657,5154477,Rejected
2438,4,Not Graduate,Yes,6561293,3856082,6,403,11427040,15251151,5771973,6265809,Rejected
2439,5,Graduate,Yes,6105447,2415632,10,342,26344475,18120843,30824282,4109507,Rejected
2440,1,Not Graduate,Yes,1145424,27878961,6,508,6158004,2104796,8219475,14460846,Rejected
2441,2,Graduate,Yes,2158754,10220874,6,899,20115029,296727,11762368,9526692,Approved
2442,5,Not Graduate,Yes,839068,14140843,8,775,29264398,11588896,11136394,5731028,Approved
2443,3,Graduate,No,1571242,12811426,16,408,4978512,18321613,37793373,4791437,Rejected
2444,4,Graduate,No,3863175,3016561,4,858,17259530,15052842,26771679,5205199,Approved
2445,1,Not Graduate,Yes,6350208,29465111,8,513,15168095,19504245,11021368,7731310,Rejected
2446,2,Graduate,No,2220148,17572485,6,708,3584195,16032772,36212424,3459242,Approved
2447,5,Not Graduate,Yes,1360675,17903142,14,852,15421337,8792270,38783794,14520737,Rejected
2448,5,Not Graduate,Yes,6118342,11829888,4,376,25438516,5528186,33520952,9607670,Rejected
2449,1,Graduate,No,4236589,16139813,2,394,10027607,19833176,18315462,3936695,Rejected
2450,3,Not Graduate,Yes,2926427,12311025,20,568,27964136,3241101,8632610,343709,Rejected
2451,1,Graduate,Yes,4972925,24864204,2,660,2028282,14191779,16054977,4777329,Approved
2452,5,Graduate,Yes,8279850,4462110,12,829,3193679,8440354,37708602,13673443,Approved
2453,0,Graduate,No,3338832,16657909,6,461,5863197,19989867,27028623,5809646,Rejected
2454,2,Graduate,No,2250276,2926866,14,764,24519531,18296753,24151034,11510955,Approved
2455,1,Graduate,No,3009858,16036166,16,863,3692081,11923790,33985867,5408858,Approved
2456,5,Graduate,No,6173721,20261970,10,847,25562005,16824330,36830195,13361050,Approved
2457,3,Graduate,Yes,2216142,741800,10,486,21149954,9488458,37294931,10905058,Rejected
2458,5,Graduate,No,4787826,25332610,4,351,9521809,12340146,30554601,8453951,Rejected
2459,3,Not Graduate,No,4744943,27629878,16,787,28323531,4447120,3631712,8842947,Approved
2460,1,Not Graduate,No,2891207,1513387,20,830,11652477,4758213,22527843,2028047,Approved
2461,3,Graduate,Yes,3450060,22581011,2,695,16297548,11258708,36150786,11119461,Approved
2462,4,Not Graduate,No,8207599,8072439,20,391,27124992,15401735,17916206,13845601,Rejected
2463,4,Not Graduate,No,4171586,24579549,18,656,24623299,11096949,19090776,5813273,Approved
2464,4,Not Graduate,Yes,574344,4376977,2,443,26848071,13334515,558697,13206421,Rejected
2465,0,Not Graduate,Yes,7221982,16188423,2,498,16982098,13222623,21507423,9842728,Rejected
2466,1,Not Graduate,Yes,3051957,2350056,2,622,12528317,1825401,16662826,6159211,Approved
2467,5,Not Graduate,Yes,6672345,27622087,14,631,14471609,5332553,5522943,12795595,Approved
2468,5,Graduate,No,1748496,4933461,8,563,1200132,16008654,6117376,9498586,Rejected
2469,0,Not Graduate,Yes,495863,12078217,14,516,27841674,17744267,37250972,10106935,Rejected
2470,3,Not Graduate,No,9405053,1393520,10,855,5240088,45738,31858611,5081630,Approved
2471,0,Not Graduate,No,8396722,2632230,14,733,798142,9845156,9447427,3356126,Approved
2472,3,Not Graduate,No,1589068,29742000,20,759,14175127,7659883,23029529,2887533,Approved
2473,3,Graduate,No,426884,20912918,14,802,22277463,19623127,25288021,10812304,Approved
2474,2,Graduate,No,9805032,12514333,8,768,11429788,6446180,27966494,6618824,Approved
2475,5,Graduate,Yes,3617932,533073,4,665,27461212,13948661,35531609,5472491,Approved
2476,4,Graduate,No,7539096,26735799,16,538,5194160,19173468,16329698,4263546,Rejected
2477,3,Not Graduate,No,7234926,17358753,4,880,10817904,16077065,35980480,4645225,Approved
2478,2,Graduate,No,4706371,12418178,18,860,14091777,19241165,1097925,4078602,Approved
2479,5,Graduate,Yes,278563,10575474,10,695,17122333,13532239,35415730,12016161,Approved
2480,4,Graduate,No,1338355,15931188,18,694,9874615,16947236,34783395,13432574,Approved
2481,3,Graduate,No,5331547,13078292,18,374,19424537,14267481,11145067,841915,Rejected
2482,3,Not Graduate,Yes,2396856,12017769,16,397,25733504,15056435,18396536,8385327,Rejected
2483,0,Graduate,No,5704637,11071700,16,682,8298142,13713781,8607873,10845914,Rejected
2484,0,Not Graduate,No,1572407,10305997,8,669,8272419,6952721,2673113,14492149,Approved
2485,5,Graduate,Yes,2333643,14122700,8,584,17190440,5730397,35393637,5830812,Rejected
2486,4,Not Graduate,No,3201519,6016645,4,555,12502561,4575263,5316651,8532128,Rejected
2487,3,Not Graduate,No,7413741,10064293,8,608,9208898,9547764,24761502,6894014,Approved
2488,5,Graduate,No,1269024,29777362,8,475,25631685,10046412,26204592,1911477,Approved
2489,5,Graduate,No,1562270,18341524,12,527,17817932,12078300,12746656,12523905,Rejected
2490,1,Graduate,No,8113614,18853769,6,646,20352814,16079580,25373475,10615659,Rejected
2491,0,Graduate,Yes,6775046,22952982,4,641,19696266,17373937,24980499,4473178,Approved
2492,4,Not Graduate,Yes,4733027,26488002,16,538,8467017,1556430,37304673,11342358,Rejected
2493,3,Not Graduate,Yes,7232205,12676692,4,649,11152930,8009262,11807253,5859446,Approved
2494,5,Graduate,No,1101111,29406770,16,754,29483166,8664971,19652301,6993851,Rejected
2495,3,Graduate,No,2314253,6647652,14,740,6202942,6695051,28648283,4687891,Approved
2496,1,Not Graduate,No,8878768,23011000,6,887,21880403,12243990,21184007,10091665,Approved
2497,4,Graduate,Yes,8214324,17100842,12,814,12358984,1012633,34605007,7369707,Approved
2498,5,Not Graduate,No,7977901,25217385,12,380,28466904,8603187,9814686,10797754,Rejected
2499,3,Graduate,No,5009073,6602160,20,660,1693385,19931913,5126117,7545334,Approved
2500,0,Not Graduate,No,7068546,2433731,10,587,24543700,7622822,20964699,8765216,Rejected
2501,1,Not Graduate,Yes,4604309,12620921,16,307,14480152,13823126,35612861,8834075,Rejected
2502,4,Not Graduate,Yes,1820706,13625214,10,386,8609239,16833034,1460981,9754778,Rejected
2503,1,Not Graduate,No,4440843,27757055,14,585,12457974,456667,26899826,10311178,Rejected
2504,0,Not Graduate,No,970569,2737588,12,698,26122219,6812231,25219433,3032609,Approved
2505,4,Graduate,No,2713384,6478001,14,373,22770791,9153012,31290966,3077771,Rejected
2506,1,Not Graduate,Yes,8013516,17980251,18,738,15703124,2714495,35299045,11483902,Approved
2507,2,Graduate,Yes,315042,23907377,6,422,1429492,4834278,32479545,3668816,Rejected
2508,0,Not Graduate,Yes,292447,12504992,20,676,12842047,14548315,38532760,1606789,Approved
2509,0,Not Graduate,No,5747631,15108397,14,442,2040304,17943981,25785442,4639375,Rejected
2510,0,Graduate,Yes,7698725,1665831,20,457,27909973,8130478,11930515,8450994,Rejected
2511,2,Graduate,No,7552855,6792801,6,729,13913412,16232030,31932305,1935675,Approved
2512,2,Graduate,No,9667170,21163474,4,747,3195511,2986216,10881577,6538853,Approved
2513,3,Graduate,Yes,2943122,16484443,14,709,4168615,9998895,38218565,1608774,Approved
2514,5,Not Graduate,No,3934341,1044545,8,670,15567729,14275791,5542252,11650226,Approved
2515,1,Graduate,Yes,3735797,4907971,2,408,28700842,12705220,21520261,2184734,Rejected
2516,3,Not Graduate,No,7597803,25549021,12,335,8092763,13604578,10395435,9170451,Rejected
2517,1,Graduate,No,6477609,982816,12,389,3925801,12950364,17072205,10285023,Rejected
2518,5,Graduate,Yes,8365571,596626,12,714,21054329,9864410,21747024,6090457,Approved
2519,2,Not Graduate,No,3927904,20191220,4,595,29634958,17128295,18837021,8791752,Rejected
2520,5,Not Graduate,No,3432567,27012000,2,345,10928229,16760912,33828376,10205569,Rejected
2521,2,Graduate,No,4561909,4526719,6,787,4493842,4451876,20765406,7560612,Approved
2522,5,Not Graduate,No,9601322,7304563,4,469,12957430,18090597,21445401,11139988,Rejected
2523,3,Not Graduate,No,7008210,17331534,12,445,6442441,13767358,3210499,743780,Approved
2524,4,Not Graduate,No,6416618,11773699,12,719,16646084,1770012,3941509,8183691,Approved
2525,3,Not Graduate,No,1349707,8203974,10,872,3854075,10901305,12195460,6474153,Approved
2526,1,Not Graduate,No,5772618,17155645,20,302,14018415,11197180,37722556,5384675,Rejected
2527,3,Not Graduate,Yes,5080779,21395253,20,893,9945963,5006586,32382109,8579598,Approved
2528,0,Not Graduate,Yes,9572378,14794008,10,562,18231129,17026462,8603690,858153,Rejected
2529,1,Not Graduate,No,3983938,9113937,18,620,25527028,6425685,26238274,9812443,Approved
2530,5,Graduate,No,6596930,27189708,10,875,20295130,5117144,37951286,4726558,Approved
2531,1,Not Graduate,Yes,9446875,7273449,20,545,19033399,4135933,32476340,4163005,Approved
2532,4,Graduate,No,3943382,18504471,12,888,5386043,19253443,34072004,4350737,Approved
2533,2,Not Graduate,Yes,4372975,12684519,8,776,11460548,17263586,12432699,7487031,Approved
2534,5,Not Graduate,Yes,4431874,22380410,20,558,19894080,12100904,30135867,6466020,Rejected
2535,1,Not Graduate,Yes,681193,11637289,2,392,22357025,1231793,1091145,14166188,Rejected
2536,5,Not Graduate,No,2959127,6069709,8,832,20036740,5097515,25418490,14101379,Approved
2537,5,Graduate,No,7578343,9483034,4,873,15298363,9550216,12806407,7316648,Approved
2538,5,Graduate,No,827475,11433875,20,638,17293102,16070074,24755060,5052209,Approved
2539,2,Not Graduate,Yes,740027,22626837,6,559,21357984,5204945,21504232,13984578,Approved
2540,3,Graduate,Yes,6557658,12359914,14,536,7722250,10063930,11899803,11872638,Rejected
2541,5,Not Graduate,Yes,1997355,3227813,14,440,23449809,8184286,38902492,10871159,Rejected
2542,0,Not Graduate,No,955724,13578932,2,779,19029698,12946025,3920576,4032138,Approved
2543,4,Graduate,Yes,5359253,5332829,16,878,8914815,10597135,32547542,9092643,Approved
2544,2,Graduate,Yes,7841646,25125760,14,649,2998587,13880368,22061508,7915336,Approved
2545,1,Not Graduate,No,3682837,22393394,2,869,13746231,1406328,37599054,10496796,Approved
2546,2,Not Graduate,Yes,1636052,26177798,16,429,25187678,19878943,34183875,8923083,Rejected
2547,1,Graduate,Yes,3737553,10150001,4,836,15952931,18971224,7118482,177049,Approved
2548,2,Not Graduate,No,4131067,5549826,16,310,14597463,14007263,33369654,5282377,Rejected
2549,1,Graduate,No,6081468,16128477,6,556,11658636,9652754,3412337,11700393,Rejected
2550,5,Not Graduate,Yes,4694445,5008394,20,668,23279560,6030338,15028630,4783880,Approved
2551,3,Not Graduate,No,896084,20284036,14,693,22226914,6997922,9287580,3500297,Approved
2552,1,Graduate,Yes,2681498,2548466,12,892,28624335,17526001,16737870,572008,Approved
2553,1,Graduate,No,3304379,26733908,10,718,23240181,10698309,19959286,1651872,Approved
2554,0,Graduate,Yes,9354838,16325943,20,318,20514009,19658322,31064379,10349909,Approved
2555,1,Not Graduate,No,7433646,11155159,4,409,26529478,8684204,36915464,11140655,Rejected
2556,0,Not Graduate,Yes,6458588,28355933,4,736,14219416,9178308,39400209,4700313,Approved
2557,4,Not Graduate,No,5711598,17346113,2,804,28607638,6896473,34872120,2025421,Approved
2558,5,Not Graduate,No,236051,28637877,18,333,25485712,18967970,31203809,14553989,Rejected
2559,0,Graduate,No,6507365,29761763,16,587,18971832,17859856,22702809,4190445,Rejected
2560,3,Not Graduate,No,4877202,22693720,16,554,16704475,11673200,33687649,7589767,Rejected
2561,5,Not Graduate,No,5520218,3262633,2,433,13116559,1742457,2102595,8531190,Rejected
2562,0,Not Graduate,No,6302744,24247521,10,798,27419412,17756671,19760709,2130774,Approved
2563,5,Graduate,No,3866279,18050983,12,696,19258357,19643576,38231214,6748126,Approved
2564,5,Not Graduate,Yes,3636005,16206720,4,786,10620815,10246634,10866048,3411249,Approved
2565,5,Not Graduate,Yes,4052659,20180250,20,897,12036430,7989520,13597656,7276283,Approved
2566,4,Graduate,No,2900502,16943754,10,886,16363137,19986020,13950739,103706,Approved
2567,3,Not Graduate,No,4767994,13836058,12,512,27457011,7957006,18792143,5096883,Rejected
2568,2,Not Graduate,Yes,2222862,21759453,18,649,24582531,4002943,22698353,13175392,Approved
2569,2,Graduate,Yes,9335055,18805563,20,318,8743556,4792529,32419915,5494495,Rejected
2570,0,Not Graduate,No,7856575,27625001,2,418,6754438,9323119,28634579,14354923,Rejected
2571,5,Not Graduate,Yes,5206034,4489696,20,601,3387804,6956813,16407713,4540282,Approved
2572,0,Not Graduate,Yes,877551,26443393,6,584,1924154,5510285,18665596,5351775,Rejected
2573,4,Graduate,No,1412740,2994914,18,526,28769819,1249452,34270438,4094218,Rejected
2574,4,Not Graduate,No,6580863,6201865,2,806,26216718,1458936,21958334,7331372,Approved
2575,1,Not Graduate,No,7746361,29607211,2,800,5895568,15623471,19342728,13109142,Approved
2576,4,Graduate,Yes,697165,26397937,2,511,25080191,5097916,31185255,12434019,Rejected
2577,1,Graduate,No,3932529,4879577,14,655,14858185,9042029,12183488,14515320,Approved
2578,3,Not Graduate,No,5231833,14272820,10,786,14371539,4745625,19643919,12007013,Approved
2579,0,Not Graduate,Yes,7439239,25697332,12,620,4432252,17837657,19902876,4561557,Approved
2580,3,Not Graduate,No,2760390,21718112,16,522,11027080,19941880,28218666,386776,Rejected
2581,4,Not Graduate,Yes,9862479,236322,4,862,23029711,3130826,839411,850636,Approved
2582,3,Graduate,Yes,9624310,358116,4,490,23641023,14256390,5602998,6534679,Rejected
2583,3,Not Graduate,Yes,3293348,20832665,6,799,5695799,16125597,16698572,7617269,Rejected
2584,3,Graduate,Yes,8458103,19007455,6,794,25047586,14523509,38271290,4873868,Approved
2585,4,Graduate,Yes,1178536,22866151,6,536,26958613,6135197,32547415,2947781,Rejected
2586,5,Not Graduate,Yes,5444899,19010736,8,321,1168954,10767043,29428381,1941333,Approved
2587,3,Not Graduate,No,805743,10182120,6,626,25523271,6207289,12453913,12640067,Approved
2588,1,Graduate,No,9329207,7248703,4,844,14614966,7037750,10804719,6486420,Approved
2589,4,Graduate,No,2446928,11725029,18,426,10555686,15519245,6001223,4238818,Rejected
2590,3,Not Graduate,Yes,1397678,6376839,12,664,24466206,16015820,29057713,8490520,Approved
2591,5,Graduate,No,2686179,13266100,6,343,24828868,15570037,20211548,1054493,Rejected
2592,4,Not Graduate,Yes,7347333,6144806,18,818,16984230,11405004,16425369,14001006,Approved
2593,2,Not Graduate,No,203420,22498726,8,427,14246781,31611,19119158,14550954,Rejected
2594,5,Graduate,Yes,7337763,11286286,8,429,10092268,2823339,27575619,8732673,Rejected
2595,1,Graduate,No,6670181,6613638,16,828,24172529,9075077,5052229,1588470,Approved
2596,3,Not Graduate,Yes,4935332,27519381,14,620,15499774,1840255,21549415,8580400,Approved
2597,2,Graduate,No,9601976,10356666,14,485,5397941,19583349,22401879,1723547,Rejected
2598,2,Not Graduate,Yes,5376367,18547879,20,647,15379949,19374733,6909382,4435574,Rejected
2599,4,Not Graduate,No,4838952,23299688,14,780,6940145,10376071,14411260,2554113,Approved
2600,2,Not Graduate,Yes,8068451,16057787,20,886,28546434,9724647,17182194,4233332,Approved
2601,1,Graduate,No,6949645,25214318,10,660,18287152,13277606,11381251,7083812,Approved
2602,1,Not Graduate,No,7785321,16441185,14,586,14607282,13655216,1503232,8156186,Approved
2603,0,Not Graduate,No,6580798,6134478,8,481,27358718,11314713,22643428,4956819,Rejected
2604,1,Not Graduate,Yes,9854385,4694641,16,750,1153478,10628969,22442758,4080112,Approved
2605,5,Not Graduate,Yes,1508396,11255797,18,396,19485460,698996,8972025,10709659,Rejected
2606,2,Not Graduate,Yes,1435340,23880593,6,862,7171011,12991033,15945652,2688989,Approved
2607,1,Not Graduate,Yes,8647149,24182953,14,613,16546734,458182,5182557,9202912,Approved
2608,4,Not Graduate,Yes,2432821,7915157,20,845,1410142,14827641,35354804,13404518,Approved
2609,0,Not Graduate,No,4556164,19848209,18,320,24040252,4919454,38941930,5092124,Rejected
2610,2,Not Graduate,Yes,3279676,13769152,2,875,11946203,16854926,11870985,9087074,Approved
2611,0,Not Graduate,No,9686661,5210662,4,796,17199959,9495640,38882816,13233657,Approved
2612,2,Not Graduate,No,2929701,1656610,14,702,20230215,13857518,32218976,6914927,Approved
2613,4,Graduate,Yes,9215362,18713517,4,423,24493359,16713576,23446895,14420939,Approved
2614,0,Not Graduate,No,8883823,19914315,14,418,1524032,6533710,28671908,14791816,Approved
2615,3,Not Graduate,Yes,3800867,26812877,2,889,4990200,628568,6133709,676120,Approved
2616,5,Not Graduate,Yes,9368288,411356,6,776,2857647,19784025,9275231,1677101,Approved
2617,5,Graduate,Yes,3796436,11587395,10,402,24541757,12062535,12402248,12292747,Rejected
2618,2,Not Graduate,No,3684634,20098220,12,632,18529688,7316846,9600897,13433977,Approved
2619,3,Graduate,Yes,5609351,8239023,18,758,21047041,16752757,30938571,13926906,Approved
2620,0,Not Graduate,Yes,7005751,6456687,18,429,448097,8585919,27886081,12114136,Approved
2621,3,Not Graduate,Yes,8536484,5975445,6,433,2575623,13957436,8894894,4861903,Rejected
2622,3,Graduate,No,9825695,13901604,16,456,2006987,6278027,31806435,5624112,Rejected
2623,0,Not Graduate,Yes,5969537,5626771,8,724,4397450,19371358,38930386,9805003,Approved
2624,4,Graduate,No,5814987,28124792,14,734,8379461,10190017,36286805,14688547,Approved
2625,3,Graduate,No,7768661,14198213,12,688,16055250,5703656,12140296,7704816,Rejected
2626,3,Not Graduate,Yes,3084112,12632709,16,617,23795291,15613319,25136236,1474048,Approved
2627,4,Not Graduate,No,9672293,12057681,12,804,9043889,19018170,13675081,3782333,Approved
2628,3,Not Graduate,No,8078239,24479429,8,489,296868,5919620,3798733,2896920,Rejected
2629,3,Not Graduate,Yes,5752522,20913670,4,710,11238286,14323961,5948258,5080052,Approved
2630,3,Graduate,Yes,1566528,19072215,14,351,24029767,9578405,26994626,10167914,Rejected
2631,5,Graduate,Yes,3033304,16456670,8,860,23940517,13365933,33541007,11738002,Rejected
2632,1,Not Graduate,No,8134761,877725,18,745,16402411,7782805,5487720,3803478,Approved
2633,4,Graduate,Yes,2673139,23217175,18,743,12392210,8748647,22385133,14855985,Approved
2634,3,Graduate,No,2803927,15594703,14,681,8120235,4327790,35158197,9552385,Approved
2635,5,Not Graduate,No,9973748,6893832,10,673,22236843,16912144,8693468,9309576,Approved
2636,4,Graduate,No,3767850,1443961,6,865,7931624,8984695,3249092,12838651,Approved
2637,2,Graduate,No,1618167,16746202,6,674,18487959,16383479,996056,5847016,Approved
2638,2,Not Graduate,No,2761854,6328556,18,688,20262965,6857136,26293763,3966795,Approved
2639,3,Graduate,Yes,9740615,11992651,18,778,29380207,14823606,6809623,11931997,Approved
2640,5,Not Graduate,Yes,615162,29081746,8,703,20933201,17459958,16238707,1839806,Approved
2641,5,Graduate,No,1819884,5817209,2,892,9806754,18812958,2259718,13584652,Approved
2642,4,Not Graduate,No,8199317,17137182,20,767,28481583,10832848,9737027,8863663,Approved
2643,4,Graduate,Yes,4084036,24072406,10,896,19204013,10959375,23047610,9575166,Approved
2644,5,Graduate,Yes,6317250,1831126,16,804,17673695,6960400,31903664,9202300,Approved
2645,4,Not Graduate,No,684469,21144352,20,382,26463511,7687552,5113081,11667180,Approved
2646,5,Not Graduate,No,4042640,18209319,8,618,28853475,18863983,28662984,7786294,Approved
2647,1,Not Graduate,Yes,3664143,29177886,20,366,13121242,9921607,536738,8623917,Rejected
2648,5,Not Graduate,Yes,5190533,19360803,20,713,14250273,17667776,19188018,8125857,Rejected
2649,2,Graduate,No,4466246,12576500,8,752,907798,9449281,8658119,13417049,Approved
2650,4,Graduate,Yes,7816141,12670325,18,497,513961,15719022,4008281,12562207,Rejected
2651,5,Graduate,Yes,9913061,13472018,18,558,4480646,7719716,1305286,9957883,Rejected
2652,5,Not Graduate,No,4840743,9913428,14,597,25932537,8538519,13531174,12082559,Rejected
2653,4,Graduate,No,3735054,10277584,20,579,21883032,4697939,36069187,4899159,Rejected
2654,1,Graduate,No,1768366,12053218,16,599,10604548,10261309,11988978,13045904,Rejected
2655,1,Not Graduate,Yes,9270894,13775282,8,428,9441081,314132,21678003,13435831,Rejected
2656,4,Not Graduate,No,884143,8484640,16,797,7238521,4244073,5655941,1080772,Approved
2657,0,Graduate,Yes,807648,27296758,12,737,10975365,15329828,5558525,13300924,Approved
2658,4,Not Graduate,No,7211612,20151488,6,591,22781115,6424997,25915635,12273299,Rejected
2659,4,Graduate,No,4684735,2118422,14,506,14027553,9842868,34041699,6361545,Approved
2660,1,Graduate,Yes,8225828,10623315,6,593,9148129,6785678,22548833,6884529,Rejected
2661,1,Not Graduate,Yes,1597636,18636360,14,328,1896475,9082993,2315342,696098,Rejected
2662,4,Graduate,No,1864069,17696054,10,478,4803544,17954029,34193405,11041900,Rejected
2663,4,Not Graduate,No,8820929,6220632,8,340,955446,16752553,5825974,1095596,Rejected
2664,4,Not Graduate,Yes,337837,29447321,6,769,21034604,19270749,38726821,13332745,Approved
2665,1,Graduate,No,644842,28104997,16,491,12142516,19082346,10163253,1725756,Rejected
2666,4,Graduate,Yes,9332675,16245072,8,643,5529862,18135462,6125828,4139617,Approved
2667,4,Graduate,Yes,6190842,27824309,16,577,3822648,12428310,14032227,10255578,Rejected
2668,3,Not Graduate,No,302903,12370832,20,654,7933913,235368,27599370,1568335,Approved
2669,0,Graduate,Yes,615874,19266796,6,828,9132952,19443673,29562858,10138531,Approved
2670,2,Not Graduate,Yes,5175279,28038507,20,385,23506512,3206283,38895624,9013970,Rejected
2671,0,Not Graduate,Yes,4262175,2025635,18,616,17066092,1967487,16097514,1102628,Approved
2672,3,Graduate,No,2871744,18857629,12,636,22745134,13040209,14190977,12041542,Approved
2673,2,Not Graduate,Yes,2100600,29883879,10,444,13153595,8414584,19412264,3211720,Rejected
2674,4,Graduate,No,7519797,4383327,10,614,18677858,1090545,19076286,4770468,Approved
2675,3,Graduate,No,3706319,14987076,6,524,15794294,19305909,36978943,1231143,Rejected
2676,4,Graduate,No,1812850,23147070,4,722,25722147,3685531,30809962,5650817,Rejected
2677,1,Graduate,Yes,9728778,12847684,12,353,25863249,19869202,24791890,9224341,Rejected
2678,5,Graduate,Yes,550425,16305439,2,367,596571,12457540,7861217,6691671,Rejected
2679,3,Graduate,No,8130471,9578700,14,633,29004893,1122239,29804599,12402744,Rejected
2680,1,Graduate,No,6302910,3204490,10,376,2005346,11230347,24819213,10081018,Rejected
2681,3,Not Graduate,Yes,8354678,12938535,8,838,26687238,13950916,33517755,11418707,Approved
2682,3,Graduate,No,702939,11125063,18,454,7786471,2179206,5695138,1063379,Rejected
2683,1,Not Graduate,No,9810804,14871168,20,371,17868106,13987222,25998268,2083366,Rejected
2684,2,Not Graduate,Yes,6629512,16205196,2,800,28025080,6370049,21083724,11239260,Approved
2685,0,Not Graduate,No,2983993,23522556,8,746,3858325,2156637,8577429,8148611,Approved
2686,4,Graduate,Yes,5012585,10289828,6,858,13058777,15669107,11757905,14396543,Approved
2687,3,Not Graduate,Yes,2568410,21032251,12,658,5807880,7636208,22620213,11278964,Rejected
2688,4,Not Graduate,No,1026278,28826004,10,576,3174739,9979628,29347284,3256782,Rejected
2689,5,Graduate,Yes,9327634,25232903,14,612,1198699,14528836,38339390,3438622,Approved
2690,1,Graduate,Yes,5699685,21400304,2,404,3621604,5422739,14307087,7180785,Rejected
2691,4,Not Graduate,Yes,9931924,20630422,10,394,13395768,8240345,20495567,6925281,Rejected
2692,1,Graduate,No,5602066,10580470,4,518,2405560,12676011,10323477,12049498,Rejected
2693,4,Graduate,No,8351473,17840424,4,427,10311192,1745515,25019257,419469,Rejected
2694,0,Graduate,No,546990,13904929,4,499,3502786,5431526,13250366,1026185,Rejected
2695,0,Graduate,Yes,2085249,14390494,18,631,29391452,17032545,18804229,7559972,Approved
2696,0,Not Graduate,Yes,4036813,1235583,20,846,12434185,17885027,35930787,5678411,Approved
2697,0,Graduate,No,8562089,12315602,6,591,27191673,16043688,35758274,5171273,Rejected
2698,0,Graduate,No,7818523,26007827,8,365,24188447,19742521,38563712,9879449,Rejected
2699,0,Graduate,Yes,1777127,29970086,10,867,4732649,9617810,9111394,5186268,Approved
2700,1,Not Graduate,No,7636391,5209661,8,703,20847095,11148319,39770079,5922001,Approved
2701,3,Not Graduate,No,2951691,17934937,8,895,20551234,14553472,37202856,12468891,Approved
2702,4,Graduate,No,5936967,25284050,10,445,12292028,1776091,9838285,14285893,Rejected
2703,0,Graduate,No,3814670,28676498,20,829,24982372,16779823,19386994,5151867,Approved
2704,1,Not Graduate,No,2754137,11134167,18,701,16553911,15016324,15358423,14148478,Approved
2705,1,Graduate,Yes,7187659,9600744,18,424,10942898,4609546,25719127,4015189,Rejected
2706,1,Graduate,No,227690,23166172,12,813,22481229,13362925,20372722,930123,Approved
2707,3,Not Graduate,No,7018738,11880077,6,631,18771147,12862229,3952665,1070647,Approved
2708,4,Graduate,Yes,3413274,29159633,12,779,26331752,14637808,5449273,6335519,Approved
2709,3,Graduate,Yes,5843473,21456665,20,697,3831097,19432918,4070235,3448798,Approved
2710,2,Not Graduate,Yes,8929324,12089678,8,329,29188920,12503743,8672671,5225115,Rejected
2711,1,Not Graduate,Yes,4945059,25861753,6,355,8945602,2090507,24754078,6823808,Rejected
2712,2,Graduate,No,9359486,151712,12,431,25464465,4293428,22584591,5597254,Rejected
2713,5,Not Graduate,No,855408,13128317,12,530,23667267,17028114,11673371,12972587,Rejected
2714,0,Graduate,No,9102280,1075288,4,694,2218797,8779607,7567863,10365790,Approved
2715,0,Graduate,No,1199078,12288709,18,451,23718303,3076957,34545017,7083526,Approved
2716,3,Graduate,Yes,4230272,21401949,16,801,29442007,8767809,39505103,2624936,Approved
2717,4,Not Graduate,Yes,6040582,21186798,12,805,6129957,64314,15391752,10452371,Approved
2718,2,Not Graduate,No,904582,13192184,2,685,22414015,9850849,1338206,12959470,Approved
2719,4,Graduate,No,7063859,24915557,4,832,15308473,5273346,35439767,11565558,Approved
2720,3,Graduate,No,1076038,2362353,8,747,8224302,12699063,25553058,9699979,Approved
2721,0,Not Graduate,No,1303183,28173920,14,879,12484510,2475891,23247270,4651020,Approved
2722,4,Not Graduate,Yes,1699202,3872093,18,425,12101200,8891385,9863379,1865923,Rejected
2723,4,Not Graduate,No,3367724,834391,20,854,21331326,18099773,22032605,9080809,Approved
2724,0,Graduate,Yes,5366729,15236834,10,788,6662871,14167996,25646369,11346747,Approved
2725,2,Not Graduate,Yes,9945350,18190000,20,745,1580996,18592494,30427563,10768087,Approved
2726,0,Not Graduate,Yes,1026580,4914206,4,769,29616412,12687216,9390671,10307074,Approved
2727,4,Graduate,Yes,8418365,20205583,2,648,3059412,7560269,13010667,8227735,Approved
2728,2,Graduate,No,4256926,24509403,20,807,15196761,6857664,16035924,5708348,Approved
2729,2,Graduate,No,4633494,18259088,2,756,22619908,18546317,1632233,12453970,Approved
2730,0,Not Graduate,No,2306040,14791024,10,684,12131442,10809448,8947929,10474670,Approved
2731,4,Graduate,No,1992602,27849720,14,747,27850221,13235460,26160739,9270397,Rejected
2732,3,Graduate,Yes,4302391,24339037,18,414,10680771,3533406,18341620,6722907,Rejected
2733,4,Graduate,Yes,5396134,17198280,18,751,11569668,10579166,18330749,9748665,Approved
2734,1,Graduate,Yes,1470008,23976491,16,418,10043306,10830813,20545782,6498486,Rejected
2735,5,Not Graduate,No,6384858,13091452,2,392,20585914,3502563,17381812,13029126,Rejected
2736,3,Graduate,Yes,2576629,2785400,10,820,18380449,4695741,7441798,7476924,Rejected
2737,2,Not Graduate,Yes,760643,17000210,12,884,28340449,4184192,39224790,12105205,Approved
2738,3,Not Graduate,Yes,430487,8429315,12,837,24960883,885442,35836716,12295298,Approved
2739,2,Not Graduate,Yes,5378066,9831956,8,732,27165579,19945980,32425627,10449624,Approved
2740,2,Graduate,No,3071042,5202005,2,444,23170575,6296303,19886005,705245,Rejected
2741,3,Not Graduate,Yes,4643738,21801976,6,367,266416,8868074,23321911,11731546,Rejected
2742,2,Graduate,Yes,7381058,18759676,20,430,2823853,16303700,36684764,4692687,Rejected
2743,2,Graduate,No,5780699,7218986,8,580,5691558,12857949,12848548,8166414,Rejected
2744,1,Graduate,No,791952,15474659,8,865,4941294,6827357,30242073,12998257,Approved
2745,4,Not Graduate,No,3963632,26663405,8,812,15553405,10983876,18476253,6441154,Approved
2746,4,Graduate,Yes,4167445,8516557,10,300,21876271,9265004,39555346,6653133,Rejected
2747,5,Graduate,Yes,9893533,26517084,18,731,9898247,7458300,29303082,2946240,Approved
2748,5,Graduate,Yes,7950781,24108208,8,690,9165409,12231078,28751237,14997478,Approved
2749,1,Not Graduate,Yes,1150128,19310049,18,565,28567486,16240559,25845135,425897,Rejected
2750,5,Not Graduate,No,2748965,478147,18,698,6815775,13195269,30781309,7515511,Rejected
2751,3,Not Graduate,Yes,4174603,5555945,2,555,12825494,19059145,7752739,9738616,Rejected
2752,0,Graduate,Yes,5046936,27096486,10,694,11275811,518697,591084,14058319,Approved
2753,0,Not Graduate,No,8192339,26290307,18,473,1096442,7306809,28229062,9179851,Rejected
2754,0,Graduate,No,335024,5748399,8,344,24738265,14866953,3297264,7833466,Rejected
2755,1,Graduate,No,3271536,17452205,10,440,18621524,1391704,22379500,7472925,Rejected
2756,1,Not Graduate,Yes,4577577,9325551,8,838,20784760,14593134,4414281,2734609,Approved
2757,2,Graduate,Yes,2941894,23249336,4,349,4362613,10106252,17867324,8210021,Rejected
2758,0,Not Graduate,Yes,8962927,2608648,20,360,18176745,3329702,3225314,9845786,Rejected
2759,3,Graduate,Yes,2601756,20062371,4,542,9040273,16345098,37812099,8927198,Rejected
2760,5,Not Graduate,Yes,3499596,21168700,4,568,19294848,5616112,20507299,5532624,Rejected
2761,3,Graduate,No,2459970,17505054,2,439,20270607,10988559,13123203,8754932,Rejected
2762,5,Graduate,No,2777153,12558807,6,456,28338699,13712416,971464,1055432,Rejected
2763,0,Graduate,Yes,4181917,8364197,20,896,20513755,11971304,31270181,10801522,Approved
2764,0,Graduate,Yes,1405605,18003744,2,895,21952893,14518760,4586200,11077121,Approved
2765,0,Graduate,Yes,9194437,12748958,8,575,8809981,5413599,9175227,14003398,Rejected
2766,1,Not Graduate,Yes,8085612,27136032,2,330,24807215,18434511,11791542,1833994,Rejected
2767,5,Graduate,Yes,1633414,5672466,8,307,3171304,16664618,36487019,12684854,Rejected
2768,1,Not Graduate,No,9304695,5797767,6,332,17911664,12227098,39032958,14398380,Rejected
2769,1,Not Graduate,No,9684230,11201118,18,751,3009282,7553591,19716251,7919625,Rejected
2770,4,Not Graduate,No,4354238,16411096,2,748,20433243,4079736,13939039,9318414,Approved
2771,3,Graduate,Yes,1258335,9323362,16,336,13252369,9706096,34400985,3996500,Rejected
2772,3,Graduate,Yes,1269626,22071008,18,333,28303182,2564411,6518322,7735931,Rejected
2773,2,Graduate,No,2173915,7346656,14,754,19859374,5731442,34549239,2056933,Approved
2774,1,Not Graduate,No,686383,11704582,2,743,4597470,8540127,13111424,14577112,Approved
2775,5,Graduate,Yes,4145747,16522892,8,536,979387,8776303,26732803,442603,Rejected
2776,4,Graduate,No,2528481,2737023,20,511,8073088,8828423,2115847,13042274,Rejected
2777,4,Not Graduate,No,6084902,26659264,2,439,1355358,5253080,36986735,5318223,Rejected
2778,3,Not Graduate,Yes,8456568,8937039,8,660,29294400,17400570,36484577,2942387,Approved
2779,1,Not Graduate,No,6629368,10217397,6,603,14131907,4045533,15817703,4079752,Approved
2780,2,Not Graduate,No,6988042,8887933,4,595,12349468,19576193,30329132,4676489,Rejected
2781,1,Not Graduate,No,2852880,5582165,2,451,22943020,8156304,33993213,4404701,Rejected
2782,0,Not Graduate,Yes,6002351,27684877,12,522,5175261,16795651,9664480,5061708,Rejected
2783,1,Graduate,No,8197781,15573155,14,495,9236835,6339353,27002000,3520990,Rejected
2784,0,Not Graduate,No,5033107,9800566,12,899,19608886,2859204,18556006,8601913,Approved
2785,0,Graduate,No,2625595,11231318,18,598,26665063,1505668,9864207,12397509,Rejected
2786,2,Graduate,Yes,4090549,13588555,18,828,19819436,3890815,14139949,7408635,Rejected
2787,5,Graduate,Yes,1209589,25280888,4,787,9592823,3611226,24163323,3834626,Approved
2788,3,Not Graduate,No,1888367,22282283,4,510,23132871,3436356,11588487,4110859,Rejected
2789,1,Graduate,Yes,4470358,20683924,18,531,17094717,2529026,37088975,6555656,Rejected
2790,0,Not Graduate,No,7077486,24058089,2,666,19776539,9312165,23269528,6399560,Approved
2791,1,Not Graduate,Yes,8031144,25925654,10,780,13106045,13600000,39639392,704010,Approved
2792,5,Graduate,Yes,769503,26205331,2,881,22109112,17225683,1205824,750369,Approved
2793,3,Not Graduate,No,5436889,14676563,14,871,2030696,17959409,19095735,2950310,Approved
2794,5,Graduate,No,8374321,5105404,18,478,11037497,6386951,20240526,10157086,Rejected
2795,3,Graduate,No,3823687,18265195,12,783,26623927,15805853,17885708,14738696,Approved
2796,4,Not Graduate,Yes,5546471,25902304,4,888,16849920,2892144,12590493,1467960,Approved
2797,3,Graduate,No,7789077,1507296,12,794,29155704,5436327,31691124,13956562,Approved
2798,2,Graduate,Yes,8110549,19604137,18,846,7464339,9047630,26631180,4023505,Approved
2799,5,Graduate,Yes,2192719,16726577,6,315,27105548,11910521,10377891,7672191,Rejected
2800,0,Not Graduate,No,6341018,9700302,18,765,13656686,9122559,34954432,5340203,Approved
2801,4,Graduate,Yes,455931,5544929,16,701,19075292,15256958,23158934,7130964,Approved
2802,2,Not Graduate,No,9797180,8959079,14,593,512136,12382880,11033129,3436778,Rejected
2803,1,Not Graduate,Yes,5909065,9374965,16,470,25172623,4002504,24472600,7148969,Rejected
2804,5,Graduate,No,5735128,15387833,20,331,142928,10231664,3120620,12640092,Rejected
2805,0,Graduate,Yes,4384094,7916584,12,562,25748040,16069427,34083343,6226774,Rejected
2806,3,Not Graduate,Yes,964948,1471028,6,514,26811237,1710456,9130659,11703810,Rejected
2807,0,Not Graduate,No,1024026,17333651,14,857,14531507,16663072,19643033,5056739,Approved
2808,1,Graduate,Yes,8336992,7936606,8,488,14519115,6215752,15219187,6479689,Rejected
2809,4,Graduate,No,8223582,6916874,20,882,487855,7756749,11431847,12826593,Approved
2810,4,Not Graduate,Yes,7212849,638359,10,899,16771227,6738423,17314755,12630859,Approved
2811,5,Not Graduate,Yes,654377,8311981,16,560,18696244,250565,20992458,615690,Rejected
2812,4,Not Graduate,Yes,7219993,27735360,14,481,17779630,16673092,28202423,4714509,Rejected
2813,5,Not Graduate,No,852692,13209318,14,804,6020678,5902723,9914759,8457998,Rejected
2814,5,Not Graduate,No,5644544,3308136,16,641,10081481,13949755,15314595,13913837,Rejected
2815,5,Graduate,No,5737923,27382134,20,321,6497628,39887,20179603,5185436,Rejected
2816,3,Not Graduate,No,2838681,25034767,6,373,7279011,214089,22327712,6328203,Rejected
2817,2,Not Graduate,No,3129795,14868178,6,465,24697143,13057037,13040123,14065404,Rejected
2818,5,Graduate,Yes,3933488,21780001,4,533,23428898,13473083,7631607,14034209,Rejected
2819,5,Graduate,Yes,6696776,23690030,2,674,22371601,17018947,28925179,4535638,Approved
2820,2,Not Graduate,No,3288413,9032770,20,732,11910176,16677401,15822564,10719937,Rejected
2821,0,Not Graduate,Yes,231346,12922051,12,633,12025213,15746967,26557311,8590464,Approved
2822,5,Graduate,Yes,5126788,21941395,12,839,6399020,6653623,29145469,4427214,Approved
2823,3,Not Graduate,Yes,2137916,16393749,20,334,12162261,11690274,38947209,5105173,Rejected
2824,4,Not Graduate,Yes,3494742,5982843,16,743,24148935,10137193,19421295,3197471,Approved
2825,4,Graduate,No,2084175,11957062,12,530,23841822,10582039,33175015,7429257,Rejected
2826,1,Not Graduate,Yes,1022805,12805515,12,617,24943658,12796318,13969023,4365753,Approved
2827,1,Graduate,No,5290749,17859423,2,642,16540924,6806465,17931832,13587443,Approved
2828,4,Graduate,No,3347744,26729321,14,729,17095587,9095848,17645794,5981344,Approved
2829,4,Graduate,Yes,1163813,29005221,14,765,5617592,17898531,30660410,13888120,Rejected
2830,3,Graduate,No,731562,14629720,20,378,1766403,17102948,17886740,7859456,Rejected
2831,2,Not Graduate,Yes,4410052,13180733,18,872,9797699,9835041,14813401,12145910,Approved
2832,1,Graduate,Yes,8037958,14124437,14,748,15113055,10434598,4641357,3412458,Approved
2833,2,Not Graduate,Yes,5978994,20198669,16,581,12200220,1325266,38975516,2375579,Rejected
2834,3,Not Graduate,No,2292332,15648514,8,356,22944843,5096165,8704461,2240155,Rejected
2835,4,Not Graduate,No,5643961,21958544,18,490,11127239,1980182,26893376,5325835,Rejected
2836,5,Not Graduate,No,9480663,24046730,2,762,19781708,1409615,36654574,13993134,Approved
2837,2,Not Graduate,Yes,372507,24827753,16,341,28019751,18318061,3988829,1859373,Rejected
2838,4,Graduate,Yes,4076105,17656089,6,785,24257524,8769900,20220510,12435414,Approved
2839,4,Graduate,Yes,3690978,17343764,2,472,26362050,6566254,14124119,14830624,Rejected
2840,0,Graduate,No,4062965,27697919,4,549,22184523,14624493,677390,6510016,Rejected
2841,2,Graduate,Yes,1565358,4618633,12,809,13291569,14870823,2373357,14052311,Approved
2842,5,Not Graduate,Yes,7609104,28883081,10,801,12305102,16501341,37523870,12329910,Approved
2843,2,Graduate,No,9090383,27666658,6,492,7338296,15907571,10470907,13382869,Rejected
2844,4,Not Graduate,No,385639,22926871,18,464,8583565,15226484,30705544,3792889,Rejected
2845,5,Not Graduate,No,4260003,2696057,16,389,1381448,9765128,6228160,1020962,Rejected
2846,3,Graduate,Yes,6002494,28623022,6,357,439460,13094411,11090155,9050061,Rejected
2847,0,Graduate,Yes,2040087,28846000,4,562,22684255,19283609,6040425,1032086,Rejected
2848,4,Graduate,Yes,3729284,16997242,16,542,3520093,18723877,28523430,10421541,Rejected
2849,1,Graduate,No,6054508,23402929,10,518,24762652,1286525,35827405,13484167,Rejected
2850,1,Not Graduate,No,6796349,5395986,18,308,15737358,15936736,7193437,14124435,Rejected
2851,0,Not Graduate,No,8182512,8340786,2,729,26551271,10200206,4226414,8529464,Approved
2852,3,Graduate,No,8405697,5424107,20,312,21020406,7496074,29743253,2990990,Rejected
2853,4,Not Graduate,Yes,4663588,546295,6,524,7481506,10795640,930035,12145840,Approved
2854,2,Not Graduate,Yes,5768250,11266148,10,366,4512395,8075382,8680801,6684219,Rejected
2855,0,Not Graduate,Yes,7253905,28977975,4,802,19538756,19690454,26909794,7840319,Approved
2856,3,Graduate,Yes,5850997,15423951,6,483,19092350,2436681,24469635,9690108,Rejected
2857,2,Not Graduate,Yes,9463855,13436989,8,507,21339080,4639928,7765487,7682486,Rejected
2858,1,Graduate,Yes,3852461,3329198,8,827,4309555,4332006,25930251,11027848,Approved
2859,1,Graduate,Yes,8717709,2965530,18,599,24637538,14072440,37106840,14752303,Rejected
2860,2,Not Graduate,Yes,1690496,17971742,2,540,9530358,6828752,30335875,4402175,Rejected
2861,0,Not Graduate,No,6964482,20734027,18,754,14714439,2799999,38608139,12115769,Approved
2862,1,Graduate,No,856228,2475521,18,829,26765300,3476267,21452166,4140189,Rejected
2863,4,Not Graduate,Yes,6911070,25759290,12,543,14498924,4937655,1017555,765504,Rejected
2864,5,Not Graduate,No,6704106,22076147,2,862,2456615,12651569,37239765,8991577,Approved
2865,2,Graduate,Yes,4753804,24004296,12,537,12367396,4006812,34012386,14135887,Rejected
2866,2,Graduate,Yes,5818735,4374015,16,545,17394872,16061291,27023044,10082546,Rejected
2867,1,Graduate,No,7299134,2338275,10,644,6708422,6270455,20786969,13917398,Approved
2868,0,Graduate,Yes,351633,23371172,10,783,1347652,5110743,37280435,3462216,Approved
2869,4,Not Graduate,Yes,9671696,4025300,2,609,25186332,8514770,12712566,12695261,Approved
2870,0,Not Graduate,Yes,6716682,6657049,2,860,17587876,8871439,25567093,3626032,Approved
2871,3,Graduate,Yes,3554195,22030119,16,583,21115175,12021415,37867110,9302533,Rejected
2872,3,Graduate,Yes,3141449,20707494,10,337,14651019,18011433,22390047,8104749,Rejected
2873,5,Graduate,Yes,7432540,24314317,16,331,1237667,8099977,4457057,14058317,Rejected
2874,1,Not Graduate,Yes,6955631,6024381,20,542,19117384,13683621,37043555,11535069,Rejected
2875,1,Graduate,No,9185040,333597,4,852,25528283,5838225,23892435,9679686,Rejected
2876,1,Not Graduate,No,4313853,19522564,8,591,27573717,17854943,37853128,7551439,Approved
2877,5,Graduate,Yes,1365939,4661295,20,591,28579381,10799673,39027425,10153734,Rejected
2878,3,Graduate,No,8901417,19881710,18,681,11365101,15865193,16557604,2731707,Rejected
2879,0,Graduate,Yes,4575979,19752996,6,898,2295986,6723649,23029660,10925299,Rejected
2880,5,Not Graduate,Yes,5594990,24118498,12,877,21489004,10374571,33175049,12138651,Approved
2881,5,Not Graduate,Yes,7109286,4213942,14,437,14364674,744275,7251111,11841317,Approved
2882,0,Not Graduate,Yes,1087743,2997596,6,499,16141795,8412873,31163292,12248794,Rejected
2883,1,Graduate,No,2464116,2214564,2,634,9470656,4509192,13191297,1614585,Approved
2884,4,Not Graduate,No,594969,3210806,4,746,3709237,15049135,32831642,9428709,Approved
2885,0,Not Graduate,No,1055243,5715054,20,647,12199264,16635814,38377812,6499910,Approved
2886,3,Graduate,No,3259867,14542577,14,577,2048810,17063016,36784235,14362456,Rejected
2887,2,Graduate,Yes,2413889,8756408,14,831,3406767,9970776,2509555,3002587,Approved
2888,2,Not Graduate,No,2753188,22260135,2,698,27978595,17125976,4201375,7941424,Approved
2889,5,Not Graduate,Yes,8851576,2675326,20,690,14186492,14723077,4465340,5652295,Approved
2890,2,Not Graduate,Yes,842006,9946164,14,861,5704395,11088029,7314733,11913441,Approved
2891,4,Not Graduate,No,3710940,1767349,20,309,4063621,8953210,12719908,12301842,Rejected
2892,1,Graduate,Yes,4319586,6238695,12,890,14092663,1857865,33501209,7363355,Approved
2893,3,Graduate,No,1980655,3689974,12,848,14600083,18781866,24668815,1211252,Approved
2894,4,Graduate,No,6216288,24416127,14,358,14581416,9634336,25357114,11548501,Rejected
2895,3,Not Graduate,No,6344328,24743143,14,387,191897,9476604,16119523,13248230,Rejected
2896,3,Not Graduate,No,4666430,4444899,2,758,16419175,6766260,18043682,12749003,Approved
2897,1,Graduate,No,4337736,10635517,20,403,11776493,8509623,10762941,8210931,Approved
2898,5,Graduate,Yes,4540015,884402,10,403,14349038,4746326,31771139,3287906,Approved
2899,2,Not Graduate,No,9646879,13981983,16,553,15246740,8096324,25852328,14259416,Rejected
2900,1,Not Graduate,No,5491462,22868982,16,634,22201181,2335257,30068768,12024771,Rejected
2901,4,Graduate,Yes,1541814,25072881,6,762,15955701,18472855,30727222,6044376,Rejected
2902,5,Graduate,No,6158875,26705309,6,848,22441092,9596597,18656354,8048970,Approved
2903,4,Graduate,No,1532907,9477500,14,600,21800878,3373350,34492351,531403,Rejected
2904,5,Not Graduate,Yes,9241617,15571958,8,854,15936933,12028918,21206764,7163869,Approved
2905,4,Not Graduate,Yes,5025275,8867584,12,640,11899040,3349887,913725,4056082,Approved
2906,1,Not Graduate,No,8327678,5505747,18,791,28431496,13447993,7285995,11748082,Approved
2907,5,Not Graduate,Yes,4913686,15505230,20,383,11621955,703791,20489244,2882012,Approved
2908,5,Not Graduate,No,9597333,23622997,4,558,15109921,13209915,27128135,10176426,Rejected
2909,3,Not Graduate,Yes,7452441,14870091,4,659,15026661,2006809,27433434,3937772,Approved
2910,3,Graduate,No,6638505,27413504,12,386,29389217,11356839,35703390,2866199,Rejected
2911,0,Graduate,No,5880935,28709926,6,727,7460130,12921685,32890959,11723584,Approved
2912,4,Not Graduate,No,1699666,4342546,2,666,22352550,14491002,34769915,12548357,Approved
2913,3,Graduate,Yes,3709312,17336315,4,642,12186099,18932172,39425179,1687701,Approved
2914,0,Not Graduate,No,4288770,11749024,14,646,535952,7568439,10095203,3173400,Approved
2915,3,Graduate,Yes,8824602,3737310,8,395,6358367,15256358,19519654,2704143,Rejected
2916,4,Not Graduate,No,6154481,11111831,4,554,20806613,17289187,31561034,2341089,Rejected
2917,5,Graduate,No,3550301,2225542,16,435,26000840,9325473,24012104,3814669,Rejected
2918,2,Graduate,No,3406209,22783873,8,547,4672786,17823102,7104098,4503831,Rejected
2919,4,Not Graduate,No,8389792,17997894,8,798,1806456,12237567,14924917,9703350,Approved
2920,1,Not Graduate,No,6432489,20302514,4,785,10789637,3800344,28493246,3805585,Approved
2921,3,Graduate,Yes,7459603,7470782,2,701,3207153,3389784,9711940,8969296,Approved
2922,3,Graduate,Yes,3842461,19556844,2,711,1538014,2635541,16304791,1459507,Approved
2923,5,Not Graduate,Yes,7839172,15053080,6,747,4357280,2008854,6297761,3145617,Approved
2924,1,Graduate,No,5081841,26932919,12,546,17021624,11242904,26901045,12209810,Rejected
2925,5,Not Graduate,No,3992212,14123492,14,720,15495536,4105933,29594580,736125,Approved
2926,1,Not Graduate,Yes,3411854,9192054,18,423,13198413,1061837,8448412,2404782,Approved
2927,2,Graduate,No,8614727,22711154,10,559,28129070,1192857,10430039,4309601,Rejected
2928,3,Not Graduate,No,842032,331360,18,468,20823396,17218265,11414003,5137341,Rejected
2929,3,Graduate,No,4826269,24442688,16,410,3338544,14032230,8829687,13290104,Rejected
2930,2,Graduate,Yes,1293565,23030686,2,589,26307380,6395041,13245452,8232927,Rejected
2931,0,Not Graduate,Yes,2052139,26135770,6,898,23690580,9431768,12370707,13876192,Approved
2932,5,Graduate,Yes,7546585,19717905,16,312,20349654,656611,21701706,11008679,Rejected
2933,2,Not Graduate,Yes,1790745,8130112,18,562,9384054,4904156,26738340,477907,Rejected
2934,5,Not Graduate,Yes,552935,12569178,8,322,5490698,7871209,25178017,3852959,Rejected
2935,4,Not Graduate,No,5810688,3904379,12,499,6121769,9286030,22327192,13777709,Rejected
2936,3,Graduate,No,2366458,24422404,8,541,954224,12349914,3721442,11752921,Rejected
2937,5,Not Graduate,No,3223744,7552840,18,538,12002136,13105033,39780239,9648554,Rejected
2938,1,Graduate,No,3773258,21181611,4,602,20378336,6292603,1763059,4022746,Rejected
2939,5,Not Graduate,Yes,2575646,28248680,12,464,15907012,11095818,27647720,9489143,Rejected
2940,4,Not Graduate,Yes,5542479,9062289,6,475,23849743,6613935,5995941,7727935,Rejected
2941,3,Not Graduate,No,3951413,9606954,20,328,10327974,12485228,34987556,4381304,Approved
2942,2,Graduate,Yes,5784533,14544640,8,834,17543915,12491823,37485148,2188749,Approved
2943,4,Graduate,No,9130665,11608917,4,593,6947783,7194718,30504023,1396411,Rejected
2944,3,Not Graduate,No,6443246,899800,16,776,29317969,19298336,14294149,8811695,Approved
2945,5,Not Graduate,No,2923024,29645513,20,682,22927773,8142467,10120342,9730505,Approved
2946,0,Graduate,No,9945693,8274433,16,855,17530528,14884090,2893881,4642310,Approved
2947,0,Graduate,Yes,512329,25314662,2,595,5586739,11748510,39435615,7341999,Rejected
2948,1,Graduate,No,1906722,19507390,20,633,4049419,9549470,19704925,2976515,Approved
2949,3,Not Graduate,Yes,3740564,2828627,12,547,25326910,8880922,29433583,1521195,Rejected
2950,0,Graduate,No,3365317,12782241,2,540,21257699,12079279,19099854,12413803,Rejected
2951,2,Not Graduate,No,5707906,27883122,12,405,9740921,17178915,8597783,6899549,Rejected
2952,3,Graduate,No,5047828,28816965,14,860,20207019,3112880,31220237,3238081,Approved
2953,2,Not Graduate,No,4812044,955327,4,422,22299957,12755434,16345450,700357,Rejected
2954,2,Not Graduate,Yes,9204603,5053225,18,334,27077408,18598648,38630163,8369694,Rejected
2955,0,Not Graduate,No,4354967,20143368,16,715,5252381,10210731,27611691,9928307,Approved
2956,3,Graduate,Yes,1564981,3171487,18,626,27812000,6834300,803046,6018638,Rejected
2957,5,Graduate,No,8319363,12522023,20,594,20008482,11169082,1075063,5711470,Rejected
2958,4,Graduate,No,858197,8808825,8,731,23865620,6700310,38948782,8701365,Approved
2959,0,Not Graduate,No,6827735,6071165,8,646,15643243,4820803,7426141,3439607,Approved
2960,0,Not Graduate,Yes,8538983,8732650,16,336,4521109,13849179,9331698,8477090,Rejected
2961,5,Graduate,No,2926465,6078728,2,811,18580276,16659497,22652263,5425568,Approved
2962,3,Not Graduate,No,8809029,8714291,16,834,20628396,10309004,34271251,4849364,Approved
2963,3,Not Graduate,No,3252911,1364123,14,317,20966748,11998848,30187534,4273503,Rejected
2964,2,Not Graduate,No,1493073,26558003,14,326,22624556,3473898,36888661,14020939,Rejected
2965,5,Graduate,No,3768485,14437150,18,835,22989576,7737511,24439807,6527694,Approved
2966,5,Not Graduate,Yes,5377580,22406555,20,328,14231963,1449561,13468091,7039634,Rejected
2967,3,Graduate,Yes,4290582,18205358,14,416,11864731,19555062,12826450,13214789,Rejected
2968,2,Graduate,No,2341549,10658423,4,431,12638784,15156397,33878976,1644894,Rejected
2969,0,Graduate,No,3160669,29561344,2,588,27883045,1998829,24021348,2590832,Approved
2970,1,Graduate,Yes,7341753,16794376,2,535,1590200,10366323,38568278,9015496,Rejected
2971,4,Graduate,No,8382420,28137864,14,341,13591606,11861590,6807924,8096308,Rejected
2972,0,Not Graduate,Yes,1704137,1405068,10,459,21812727,15337328,32029900,8957004,Rejected
2973,3,Graduate,No,477132,21366407,8,424,17990916,2167957,2641000,7052942,Rejected
2974,4,Graduate,No,2205187,5835642,10,559,18854435,5273848,2052975,1548943,Rejected
2975,1,Graduate,Yes,5700533,14140340,20,575,8133637,10487410,33156091,8827948,Rejected
2976,1,Not Graduate,No,4219489,24701348,20,512,338242,274611,11843783,882529,Rejected
2977,2,Not Graduate,Yes,8535334,25800220,12,772,543376,6389787,7382288,2328289,Approved
2978,4,Not Graduate,Yes,6019452,26519106,20,869,12372842,18003764,38300252,9366877,Approved
2979,2,Not Graduate,Yes,2341572,12194804,12,730,10243331,3889268,11001283,13023480,Approved
2980,0,Graduate,No,5908593,23449699,2,379,14940088,17787536,9010064,2174075,Rejected
2981,5,Graduate,Yes,5876594,15348752,4,527,20611635,4985093,34301101,6077775,Rejected
2982,5,Not Graduate,Yes,7309171,5519951,6,394,20495264,10317453,24522383,9457168,Rejected
2983,5,Not Graduate,No,9834425,23740911,8,723,21848829,10758769,12531738,762553,Rejected
2984,4,Not Graduate,No,1189862,24617624,12,815,14234038,17632016,24163191,4489986,Approved
2985,5,Not Graduate,No,2323120,4087422,18,464,16954754,7303364,3347843,7035003,Rejected
2986,0,Graduate,No,960151,5756025,4,725,7316489,4976140,2418071,10576092,Rejected
2987,2,Not Graduate,No,8258612,6212445,16,341,20761909,11071087,15142324,13283737,Rejected
2988,4,Not Graduate,No,4769883,21738003,18,702,10372094,12821940,32318952,161434,Approved
2989,2,Not Graduate,Yes,1333942,16205890,4,715,22182621,2621064,3084358,2075158,Approved
2990,4,Not Graduate,No,9732608,24900965,18,599,18519328,16612011,23827746,9331165,Approved
2991,2,Not Graduate,Yes,3948688,16685568,14,354,19103578,8853118,35467951,5920128,Rejected
2992,1,Not Graduate,No,1912189,10538479,18,635,5276899,13993369,31949155,9102381,Approved
2993,2,Not Graduate,Yes,6283645,29784206,12,729,401970,17244079,19535629,6153557,Approved
2994,5,Graduate,Yes,5568229,2013894,4,633,17852605,15977936,38248917,1920584,Approved
2995,1,Graduate,No,4969561,25296705,16,705,381472,7428815,4313900,11850075,Approved
2996,2,Graduate,No,5356219,16633481,20,329,5426127,7062685,23591388,9045707,Rejected
2997,4,Graduate,Yes,3420756,24141592,18,834,22912434,8502431,12831707,4981207,Approved
2998,4,Graduate,No,6264733,3343899,16,816,11888926,9227597,33802360,1546497,Approved
2999,4,Graduate,No,5313262,8425518,4,874,12996468,6649583,32162734,5492224,Approved
3000,3,Not Graduate,Yes,9523634,22373285,16,520,1756213,10599799,35041158,3277562,Rejected
3001,0,Not Graduate,Yes,1697060,19922529,6,893,9269713,1734500,26023502,11844584,Approved
3002,4,Graduate,Yes,805599,12900727,6,793,21998177,380746,16476688,1230124,Approved
3003,1,Not Graduate,No,9516514,27674071,18,552,7748389,6009028,7997879,4553789,Rejected
3004,4,Graduate,No,9584722,10856656,18,863,29098591,17820791,16715376,6714836,Approved
3005,3,Not Graduate,No,7096525,741627,18,620,22608436,19212023,23528433,5283227,Approved
3006,5,Not Graduate,No,6003695,24623904,8,338,21582386,3788426,15998115,13363567,Rejected
3007,1,Not Graduate,Yes,4970773,15873504,14,764,19981178,5900882,6853473,13945170,Approved
3008,3,Not Graduate,No,3241658,25970875,16,710,21155908,5912089,22471969,3556809,Approved
3009,5,Not Graduate,Yes,8750162,16424963,10,711,475102,11293406,29722396,10055225,Approved
3010,1,Not Graduate,No,379300,23255347,2,791,9425724,11687930,38203227,10813924,Approved
3011,2,Graduate,No,3953281,9486415,18,737,19005275,19929624,25084559,11511565,Approved
3012,0,Graduate,Yes,1298702,12967399,12,778,14875771,10602788,20558666,2193274,Approved
3013,0,Not Graduate,No,8347009,8712928,6,371,17268545,15803595,6474620,6756462,Rejected
3014,3,Graduate,No,3400842,13226873,6,881,3761952,11190127,10348033,13894139,Approved
3015,5,Not Graduate,Yes,4600726,13917258,20,519,20862927,13223616,4009159,14280866,Rejected
3016,0,Graduate,No,9301769,11991504,2,303,21545720,8244737,4426996,4608928,Rejected
3017,5,Not Graduate,Yes,321284,15282921,16,589,9147934,15253705,22252894,13572960,Rejected
3018,5,Graduate,Yes,1443045,17646699,4,679,207412,19502945,15110431,9734418,Approved
3019,3,Not Graduate,Yes,6390505,14533704,2,654,11819841,3714249,25134283,3868389,Rejected
3020,3,Graduate,Yes,1390866,29498207,14,379,25942585,10143409,10629421,11563114,Approved
3021,3,Not Graduate,No,9970919,3289948,18,365,6544067,15736479,30953901,14672925,Rejected
3022,0,Graduate,No,9201137,27475854,12,435,25037698,19274443,22187915,7108049,Rejected
3023,3,Not Graduate,No,7722647,11750919,16,698,29257526,2277490,17989697,3409391,Approved
3024,0,Not Graduate,Yes,4698448,148720,16,646,4233456,9681617,11989752,12252535,Approved
3025,3,Not Graduate,No,5998089,16060516,18,358,5406414,19256541,18814763,1682906,Rejected
3026,4,Graduate,No,361686,18464798,14,818,28628617,19581698,25576919,11786111,Approved
3027,5,Graduate,No,6159429,12063149,18,536,14816619,12108244,22524508,13884905,Rejected
3028,3,Graduate,No,9130497,16676289,18,378,2818355,15255079,24206003,9810398,Rejected
3029,1,Not Graduate,Yes,1866196,29951695,2,857,18198406,2278209,39393481,10924984,Approved
3030,5,Graduate,Yes,5121207,6754268,12,414,19799226,6273508,25352742,11228713,Rejected
3031,5,Not Graduate,No,4283746,7073648,16,761,20228745,331786,16024686,3630060,Approved
3032,3,Graduate,Yes,6872604,19946690,20,425,1463644,4457856,31470440,2105632,Rejected
3033,2,Graduate,No,6202740,20775702,18,872,26545988,7032217,3579235,13749506,Approved
3034,3,Graduate,No,3230948,21477600,8,799,27337075,8968233,23318629,10337709,Approved
3035,5,Graduate,No,9537622,13724049,4,401,28254675,19633853,4011003,9647156,Rejected
3036,1,Not Graduate,Yes,7670471,6399633,18,473,27159786,18478028,11585870,3051663,Rejected
3037,5,Graduate,No,5682571,28064451,18,751,21458171,10461787,34971829,7775065,Approved
3038,1,Graduate,Yes,8881135,9921646,16,391,14212317,8142307,38145755,8945043,Rejected
3039,0,Not Graduate,Yes,9780041,6104475,6,684,5510711,1753300,37649074,12224928,Approved
3040,4,Not Graduate,No,1010713,19419538,10,504,27873067,12775066,21595447,11124211,Rejected
3041,5,Graduate,Yes,1308731,26949833,4,662,26591279,13789890,38682654,10338711,Approved
3042,3,Graduate,Yes,4712761,27243748,6,797,21968673,17792923,5003187,8084772,Approved
3043,0,Not Graduate,No,4387586,24946738,2,836,11571832,13155314,3575681,2457735,Approved
3044,4,Not Graduate,Yes,3863681,10074890,8,533,21836189,719466,9434638,3707083,Rejected
3045,3,Not Graduate,Yes,4129605,13897414,10,315,27226205,10262164,29631034,952959,Rejected
3046,2,Graduate,No,7276884,11591908,4,440,15078879,18674822,8666841,5238112,Rejected
3047,3,Graduate,No,8438152,24162131,6,719,8873660,16085489,23764555,6958732,Approved
3048,1,Graduate,Yes,4913289,27975339,12,755,17380987,666620,31906172,14576793,Approved
3049,1,Not Graduate,No,3771194,12137458,12,599,5045097,8695933,38489952,11061384,Rejected
3050,2,Not Graduate,No,1018408,22032974,14,638,24636300,16708566,10446486,12732575,Approved
3051,0,Not Graduate,Yes,3450133,19301739,18,602,29824246,11420989,11250637,13562775,Rejected
3052,4,Graduate,Yes,3923760,13088963,8,891,10312959,14954507,8040707,4386567,Approved
3053,3,Not Graduate,No,7018217,7719709,10,375,6216126,8877349,6671511,2879692,Rejected
3054,1,Graduate,Yes,2960620,14239454,4,615,20608086,7673271,28430346,9531099,Approved
3055,0,Not Graduate,No,8093035,10025451,12,799,20860864,9672486,24823820,2972897,Approved
3056,2,Graduate,No,2541978,9376497,8,374,11670427,12722691,29233421,12487038,Rejected
3057,5,Graduate,Yes,3599584,28781200,10,665,29598320,311087,28049493,9608398,Approved
3058,1,Not Graduate,Yes,9108245,5746319,14,845,9545043,12168582,25279818,10490765,Approved
3059,2,Graduate,No,6219676,12282826,12,695,16058115,10418491,16080499,8710162,Approved
3060,3,Not Graduate,No,9620626,6926017,16,530,6290995,11515559,19631544,8122041,Rejected
3061,4,Graduate,No,9277330,12192143,12,327,6362344,4041735,4587850,5521448,Rejected
3062,1,Not Graduate,No,5497484,17556736,20,774,4470853,12819963,15195124,556498,Approved
3063,1,Not Graduate,Yes,4902714,13150513,16,594,15966498,19506299,1220603,6592765,Rejected
3064,3,Graduate,No,8114871,5827288,8,726,19859797,1928563,11072408,13039373,Approved
3065,5,Not Graduate,Yes,858561,24397308,14,390,14539105,18962745,14921330,9812388,Rejected
3066,0,Graduate,Yes,6727595,20426508,6,414,17901233,9538082,3548782,13692829,Rejected
3067,4,Not Graduate,No,5532762,25873572,2,458,27956509,13860722,18960180,8564166,Rejected
3068,1,Not Graduate,Yes,3613553,8737400,18,557,19452274,10036748,838865,3853795,Rejected
3069,4,Not Graduate,Yes,6593438,7020215,18,672,4934310,18466854,37818571,10324532,Approved
3070,1,Not Graduate,No,2344022,21700476,12,389,26902594,2025774,8679484,6906269,Rejected
3071,4,Graduate,Yes,2510480,1163205,4,597,24199323,5974273,15572353,12051200,Rejected
3072,2,Not Graduate,Yes,2102211,17712704,16,330,169745,7375389,22134778,1646777,Rejected
3073,1,Not Graduate,No,2456376,20820649,20,657,188915,3037823,17983078,2634503,Approved
3074,4,Graduate,No,1822925,24337732,12,769,19972254,2656716,1197264,5525766,Approved
3075,0,Graduate,No,4976827,7537307,14,427,29871347,19064923,5610670,10170602,Rejected
3076,2,Graduate,No,6267202,8627574,2,569,18165256,10699945,24434856,14686452,Rejected
3077,2,Graduate,No,6057241,7486105,6,797,14871151,16062235,11641068,12108943,Approved
3078,0,Graduate,No,6290713,22826922,2,712,12157189,2057949,21628991,10382197,Approved
3079,4,Graduate,No,1784081,14542263,20,508,964348,8693096,30248639,3862288,Rejected
3080,3,Not Graduate,Yes,5214477,6958839,2,605,18459787,11283297,18082957,5606359,Approved
3081,0,Graduate,Yes,1440962,5505126,2,490,17556955,843186,14095610,8936026,Rejected
3082,4,Not Graduate,No,9900736,9456913,8,656,3296005,18370136,28984579,14056196,Approved
3083,0,Graduate,Yes,6010071,2319540,14,756,28240012,16316493,34217514,8735129,Approved
3084,0,Not Graduate,Yes,307042,16069427,14,748,11313562,1685961,10344687,12645670,Approved
3085,1,Not Graduate,No,5162317,10789268,10,367,6210743,18922057,6940449,8747593,Rejected
3086,4,Not Graduate,Yes,6875789,9113678,12,766,3038340,16022919,543937,3780908,Approved
3087,3,Graduate,No,5027860,24999555,4,659,12374652,6932517,20200949,6901491,Approved
3088,1,Graduate,Yes,5512514,7679375,10,686,10571902,4133279,28209690,8739182,Approved
3089,0,Graduate,No,7919602,3681870,14,427,27443724,8804596,2561854,886149,Rejected
3090,5,Graduate,Yes,2231143,29270574,18,784,22199955,16083436,11971166,11551235,Approved
3091,0,Not Graduate,Yes,5848035,2629195,12,543,16189254,14949983,36754902,12446292,Rejected
3092,0,Graduate,Yes,5461106,15412615,20,318,9860907,4417858,25315804,11175885,Rejected
3093,4,Not Graduate,No,3371050,12072327,8,695,17782525,7656699,26701891,13727320,Approved
3094,4,Not Graduate,Yes,2093223,7874449,6,528,21144404,5518396,13276743,5842140,Rejected
3095,1,Graduate,Yes,2204358,9826853,18,667,25987295,4158582,21084345,1637240,Approved
3096,3,Graduate,No,891572,20389601,14,357,13378211,19976419,11071281,1032407,Rejected
3097,1,Graduate,No,3600755,18915947,12,580,25520381,2488110,38646126,9105596,Rejected
3098,2,Not Graduate,Yes,273079,21725209,14,856,7324708,2220654,10000117,12080398,Approved
3099,0,Graduate,Yes,6479066,13828131,16,401,24810415,17528390,15557514,4538107,Rejected
3100,5,Not Graduate,Yes,9485773,22591916,10,347,2313658,14212019,29073119,13570349,Rejected
3101,0,Graduate,Yes,3352981,23318384,6,861,15346467,19784164,17103334,11283555,Approved
3102,0,Not Graduate,No,4473615,29819966,6,892,20347111,1551175,33623518,7923973,Approved
3103,1,Graduate,Yes,1181835,17069743,4,358,27847119,3874840,9940487,13852390,Rejected
3104,5,Graduate,Yes,7436592,28971976,16,460,14343719,6629142,5638985,2792620,Approved
3105,5,Not Graduate,No,7850541,26245753,2,402,1601776,1737952,15942967,2726960,Rejected
3106,5,Graduate,Yes,3937609,27419515,16,711,8268959,15360778,39848830,10619196,Approved
3107,1,Graduate,Yes,1154940,312736,6,482,23540045,7388669,3883226,6917872,Rejected
3108,0,Graduate,Yes,1398061,25683982,18,716,24651211,11488026,17031538,13943555,Approved
3109,1,Graduate,No,2523985,26382763,4,415,28355170,17428084,15104904,9773298,Rejected
3110,4,Graduate,No,1447880,14969732,20,698,3175034,16205358,12295004,6473593,Rejected
3111,4,Graduate,Yes,9951225,24514647,18,736,24894163,8955569,2358116,1208851,Approved
3112,1,Graduate,Yes,1253580,16021841,12,617,20442783,4258998,39586056,1812876,Approved
3113,5,Not Graduate,No,7954757,578739,2,549,28908481,17413196,25418868,11736860,Rejected
3114,0,Not Graduate,Yes,1237140,8082529,10,746,4986973,18805161,21963515,13625192,Approved
3115,1,Graduate,Yes,7658147,8731331,20,796,11886476,578195,37984366,13697697,Approved
3116,1,Graduate,No,1090648,2128366,18,642,27055540,13551085,7053830,4116701,Rejected
3117,1,Graduate,No,378475,21728523,12,726,13651082,19993676,19875666,2431667,Approved
3118,2,Not Graduate,No,2595661,18828124,14,539,20247479,4140823,11762641,3080822,Rejected
3119,4,Not Graduate,Yes,6174300,9298769,8,358,494283,1056648,17952930,1345905,Rejected
3120,5,Graduate,Yes,7603503,15784191,2,826,12175889,16623064,35328418,11479639,Approved
3121,3,Not Graduate,Yes,6901828,21879770,10,502,172445,14855823,2323462,10685945,Rejected
3122,5,Graduate,Yes,6886317,5408435,4,765,24894024,9141494,21652127,14970707,Approved
3123,3,Graduate,No,5930681,29034819,16,595,19840572,18896310,29159568,11488312,Rejected
3124,2,Graduate,Yes,3986491,14501597,8,586,2711558,10462919,27288782,6871773,Approved
3125,1,Graduate,Yes,3290007,12954513,2,372,23527717,3651307,19326512,5296048,Approved
3126,2,Not Graduate,No,250151,17067917,20,822,17061079,964921,25414274,8135110,Approved
3127,2,Not Graduate,No,6034552,5745916,14,636,26471597,4179263,24832387,11906448,Rejected
3128,0,Graduate,Yes,4756313,1574542,4,617,7123281,2189531,37321722,2277786,Rejected
3129,4,Not Graduate,No,8661455,20393210,6,502,6183021,1316210,16980059,14901929,Approved
3130,3,Not Graduate,No,3039611,19076388,18,530,21374724,4475342,16173546,11446618,Rejected
3131,1,Graduate,Yes,2508963,2431770,18,862,27918675,18602065,30706996,4944440,Approved
3132,3,Not Graduate,Yes,7328843,24730711,4,356,24167031,6082124,17176037,12617997,Rejected
3133,5,Graduate,Yes,9082178,12327486,6,719,7492716,1771218,12159375,9203899,Rejected
3134,3,Graduate,Yes,9565054,18800629,18,579,10228128,8085999,13650588,8452729,Rejected
3135,5,Graduate,No,4083755,1002562,2,604,11444139,5954372,6673426,2345067,Approved
3136,4,Graduate,No,4817663,29625621,4,765,6029842,13912736,13896921,4385500,Approved
3137,5,Not Graduate,Yes,7433469,10391654,4,473,14631945,10894116,32044091,5006041,Approved
3138,3,Graduate,Yes,892101,11359077,20,565,14239799,15035480,22035056,159888,Approved
3139,3,Not Graduate,No,299919,4507577,6,546,24289988,13155686,23658097,12370930,Rejected
3140,5,Graduate,Yes,9853930,28998165,20,377,1691763,17517853,843853,6646683,Approved
3141,2,Graduate,Yes,3931784,21359264,6,552,12127595,19239208,1495549,12053558,Rejected
3142,4,Not Graduate,Yes,3744450,16775538,20,774,17077876,16553219,19506451,2745965,Approved
3143,0,Graduate,Yes,4939197,27573670,4,475,23087010,9656146,36380344,2825119,Approved
3144,1,Not Graduate,No,6781831,19236419,16,720,29367610,8266202,37675984,11686940,Rejected
3145,3,Not Graduate,Yes,7617155,28840939,16,871,14398861,17002227,33304836,7398192,Approved
3146,1,Graduate,No,2048523,16583539,16,760,20985812,19113582,29135253,5832942,Rejected
3147,0,Graduate,Yes,1597931,3569398,4,553,10573059,8685478,35033549,8187892,Rejected
3148,1,Graduate,Yes,9020446,10311992,18,819,20677552,6396439,36931066,1809861,Approved
3149,0,Graduate,No,2051608,5356029,14,406,5708048,11976241,19470942,4194354,Rejected
3150,5,Graduate,Yes,2187881,2358618,10,470,12599053,2012196,16637804,13639615,Rejected
3151,2,Graduate,No,6660223,28557020,14,357,6296878,11639988,12975479,11012732,Rejected
3152,3,Not Graduate,Yes,9248574,14148028,16,636,624966,2838046,13238443,7726965,Approved
3153,0,Not Graduate,Yes,7937726,9488817,18,641,1665955,5805403,17866093,11258035,Rejected
3154,1,Graduate,Yes,3984396,25377992,4,589,25951536,110629,6761150,10326533,Rejected
3155,3,Not Graduate,Yes,5919912,7947058,12,383,5126533,13167161,14266738,2138501,Rejected
3156,2,Not Graduate,Yes,6954635,24571171,18,416,12298794,12835051,3265788,2850015,Rejected
3157,5,Graduate,No,6341092,10842720,12,833,21735339,11584692,3651877,5140064,Approved
3158,3,Graduate,No,4550851,7339976,4,518,9838222,9431153,15535072,5926770,Approved
3159,0,Not Graduate,Yes,7344065,4952858,2,401,2683583,1677617,11934640,10596170,Rejected
3160,2,Graduate,Yes,9789369,11901269,6,755,22480442,19392643,21384410,9238713,Approved
3161,1,Not Graduate,No,4450050,27841887,10,825,9878091,7102811,7713506,4832166,Approved
3162,2,Graduate,No,4043941,7767143,14,565,21141962,10863795,4492720,5439937,Rejected
3163,2,Not Graduate,Yes,6266130,10301486,20,586,21079418,4228054,7724321,9206083,Rejected
3164,4,Not Graduate,Yes,2465545,27555182,20,440,6703952,11894349,21549190,2422821,Rejected
3165,2,Not Graduate,No,6774909,8749649,6,705,28720903,19118733,2838016,11804740,Approved
3166,2,Not Graduate,Yes,9181775,22322054,18,592,27265788,15030656,8066265,11693789,Rejected
3167,3,Graduate,No,5789752,6752437,20,330,10919784,15070250,31805941,6291189,Approved
3168,1,Graduate,Yes,7760116,3401777,8,470,21454282,12432501,11677902,14094996,Approved
3169,3,Not Graduate,No,8497530,4396271,20,654,18295330,9918010,24749219,1797352,Approved
3170,3,Not Graduate,No,9237451,493345,4,504,15987078,15185980,32974277,7848074,Rejected
3171,0,Graduate,Yes,3701174,9859011,6,777,3620254,6054340,3777782,13845023,Approved
3172,3,Graduate,No,9497448,20330419,10,590,23834868,4657129,1098348,3276507,Rejected
3173,4,Not Graduate,Yes,8083150,19223087,6,410,26856130,10668878,33915456,7868540,Rejected
3174,4,Not Graduate,Yes,7756929,8261090,10,367,10904340,13319081,16599453,10860511,Rejected
3175,0,Not Graduate,Yes,990023,2638871,8,672,19220815,12787151,1514940,4016465,Approved
3176,5,Not Graduate,Yes,5536758,258621,20,495,1662057,13361315,933724,290515,Rejected
3177,1,Not Graduate,No,7665439,12170966,6,425,2326086,17968925,32433471,4471088,Rejected
3178,1,Graduate,Yes,6749172,29234401,12,561,26748536,2146405,32240177,1456603,Rejected
3179,3,Not Graduate,Yes,7299283,7123330,16,454,26436151,14245130,10954316,14256876,Rejected
3180,3,Graduate,Yes,6414566,17584825,8,880,17377715,10443928,22458155,4040470,Approved
3181,5,Graduate,Yes,3362466,15800732,18,407,20559918,11855276,7399987,11284848,Rejected
3182,3,Graduate,No,1382279,16591716,12,722,2765044,4027058,22041894,12458837,Approved
3183,1,Not Graduate,Yes,1921841,13478177,10,334,12562196,7452074,29796474,7432345,Rejected
3184,2,Graduate,No,8050273,2702807,6,343,10319881,19987009,13110551,14565660,Rejected
3185,4,Graduate,No,7131060,17107315,10,715,13772651,4276759,9361126,216888,Approved
3186,2,Graduate,No,7182263,18971485,10,584,10482481,17529592,9530954,1157809,Rejected
3187,2,Graduate,Yes,3924434,1018241,8,746,10063963,13793257,27427200,7418591,Approved
3188,1,Not Graduate,Yes,9412230,6224277,12,817,973174,18433700,34267700,13863056,Approved
3189,2,Not Graduate,Yes,226014,16792791,6,326,5402262,1275485,8621119,2070254,Rejected
3190,5,Graduate,Yes,3085364,16679126,20,526,6208776,5774282,3605099,2081178,Approved
3191,0,Graduate,No,684859,11111347,2,724,29237756,15234902,1919468,5399001,Rejected
3192,3,Not Graduate,No,9303226,9786424,14,867,2274248,1028219,6343947,12530396,Approved
3193,0,Not Graduate,Yes,4884643,7079736,14,667,26321411,1317212,8475866,6354034,Approved
3194,4,Not Graduate,Yes,8630800,13130964,8,609,19455204,13329977,14764679,134421,Approved
3195,3,Graduate,Yes,9479915,4467757,18,404,2110598,14519879,37600039,6562542,Rejected
3196,2,Not Graduate,Yes,9596616,17253646,4,317,3667577,18725870,18069837,5258636,Rejected
3197,4,Graduate,Yes,1609849,17879691,2,504,18586014,143606,7188261,8715750,Rejected
3198,3,Graduate,Yes,8632531,8807050,6,342,1973126,4862432,20340879,6516042,Approved
3199,5,Not Graduate,Yes,1862060,27256413,14,388,8743786,2381921,2174809,6962311,Approved
3200,5,Graduate,No,6489272,4027526,18,885,950281,15178056,18234824,4104695,Approved
3201,5,Not Graduate,No,7904625,5988203,4,456,22067242,12349428,17620377,8469238,Rejected
3202,5,Graduate,No,1147226,15224804,12,565,19150743,16735824,3510808,8711466,Rejected
3203,2,Not Graduate,No,7940359,27879006,6,433,4309400,982439,31257876,5775607,Rejected
3204,0,Graduate,Yes,9355359,9909153,10,763,28097978,19305476,27858376,13930788,Approved
3205,3,Graduate,Yes,5059648,3361365,18,431,21399555,16213981,20690255,12951129,Rejected
3206,2,Not Graduate,Yes,2263632,25526870,6,333,2729872,8331722,25447423,992966,Rejected
3207,5,Not Graduate,Yes,3176760,26250237,2,382,1557492,9636635,11791717,6591311,Rejected
3208,0,Not Graduate,Yes,5698195,5865102,10,431,15429142,10961488,39418131,6742141,Rejected
3209,4,Not Graduate,No,7829100,14805596,2,727,15298436,6554097,16835002,13290735,Approved
3210,4,Graduate,Yes,4889491,2305349,16,503,5661886,15075414,5549902,6129331,Rejected
3211,4,Not Graduate,No,7775867,26445260,14,635,23062796,12732817,23184108,7358332,Rejected
3212,5,Not Graduate,Yes,2101563,8548893,4,796,12780098,7804196,3499668,9813488,Approved
3213,4,Graduate,No,3697720,19779666,18,741,408762,5144474,4785206,2637746,Approved
3214,1,Not Graduate,Yes,3091838,20685897,10,557,16725311,19586328,22631913,13378361,Rejected
3215,3,Not Graduate,No,3050467,4565943,14,591,6975402,11866308,19086050,13967470,Rejected
3216,3,Graduate,Yes,3593757,29706258,8,424,12251936,9792251,31092637,14689336,Rejected
3217,5,Not Graduate,Yes,8515523,22390077,2,474,20406139,1932370,7514219,10618158,Approved
3218,1,Not Graduate,Yes,6856625,20755012,16,791,4422385,5373978,24748896,1075098,Approved
3219,2,Not Graduate,Yes,330509,6279064,2,379,24092880,14611870,33078655,8930429,Rejected
3220,2,Not Graduate,No,3059224,614938,6,604,27186376,12758242,2316471,11085108,Approved
3221,4,Not Graduate,Yes,5737987,3170132,12,809,246451,19313731,31064713,12892226,Approved
3222,0,Not Graduate,No,2824713,4553054,16,643,9067494,16122942,11936488,9128090,Approved
3223,2,Graduate,Yes,739618,16343686,16,869,19278532,18767702,23269792,4233509,Approved
3224,0,Not Graduate,No,2449718,19266858,4,390,3778589,16339915,14577417,2358547,Rejected
3225,3,Graduate,Yes,1108521,12791533,18,468,11001391,15820478,31551209,9103876,Rejected
3226,0,Graduate,Yes,203212,7434806,8,633,12639942,13507500,4863051,9651050,Approved
3227,3,Graduate,No,8820739,4775919,8,535,7244556,11395979,24879370,3274294,Rejected
3228,1,Graduate,Yes,676657,8607441,4,698,24531020,871815,35828872,14424203,Rejected
3229,1,Not Graduate,Yes,7672184,22544116,2,887,28787534,17092853,10027645,4251590,Approved
3230,5,Not Graduate,No,5464887,14845270,20,776,21574070,1372506,33020058,8151144,Approved
3231,5,Not Graduate,Yes,838093,2208086,14,834,1411664,4328272,18739939,5385009,Approved
3232,4,Graduate,No,3690513,10878627,20,884,28810608,15551544,11579667,10427277,Approved
3233,2,Not Graduate,Yes,8160135,24891356,6,387,12080666,1134751,37872012,6925726,Approved
3234,4,Not Graduate,No,5227551,27040526,8,552,18227378,18537184,9600871,13707335,Rejected
3235,3,Not Graduate,No,2035647,15481837,18,657,8746761,2944606,3974639,10687119,Approved
3236,4,Graduate,No,525737,24160666,12,357,18100353,18570150,35562000,4181819,Approved
3237,0,Graduate,No,6569494,24077092,2,698,18626413,2668831,1952622,5025375,Approved
3238,3,Not Graduate,Yes,9993227,29942019,18,820,28183010,5353891,22306167,8541682,Approved
3239,5,Graduate,Yes,7556505,2438782,18,824,27645254,3370879,3079854,11759613,Approved
3240,1,Graduate,No,5047363,6277772,10,716,10548187,11884047,31668177,9569369,Rejected
3241,5,Not Graduate,Yes,5568681,24715825,16,692,23503530,13365387,2333284,3749778,Rejected
3242,2,Graduate,Yes,6394403,1709387,14,521,21535440,8835778,27484818,9198446,Rejected
3243,3,Graduate,Yes,1094030,20910526,16,628,13370926,2370522,5667014,1360971,Approved
3244,3,Not Graduate,No,5667977,17260310,18,671,12884511,10727304,32072065,14847389,Approved
3245,0,Graduate,Yes,9917742,5269501,4,810,1418866,16440848,20812159,7914091,Approved
3246,2,Graduate,Yes,7929554,17044020,20,452,1612618,5937540,1329340,14901153,Rejected
3247,1,Graduate,No,2994937,28977486,10,779,6055790,5939710,19939580,6916328,Approved
3248,3,Graduate,Yes,6500843,6019261,16,882,28108421,2777625,16173389,4464322,Approved
3249,3,Graduate,No,7092559,6615766,6,319,29316206,11193216,19860633,9655072,Rejected
3250,0,Graduate,No,4946176,11876360,12,892,26787996,13889314,28231998,1803611,Approved
3251,4,Graduate,No,4963375,18944355,12,527,22643560,12600357,26733239,14685950,Rejected
3252,1,Graduate,Yes,1943745,6648932,14,645,14481266,487656,30273174,7225211,Approved
3253,5,Not Graduate,Yes,3985830,20862152,6,318,13051511,12861747,25354414,14383052,Rejected
3254,2,Not Graduate,No,450139,21352780,16,743,19695292,3830509,28622771,11861276,Approved
3255,3,Not Graduate,No,9088836,29401065,16,667,26307421,12745974,35867609,475844,Approved
3256,3,Not Graduate,No,7351476,11747194,18,446,16017243,9765167,32335084,995750,Rejected
3257,5,Graduate,No,978639,3989359,16,803,3853796,19405142,33688540,11268143,Rejected
3258,1,Not Graduate,No,5172863,22613309,6,729,28550558,2299326,17869963,10475857,Approved
3259,4,Not Graduate,No,1732239,4370924,12,739,9894709,7296037,7419049,8186669,Approved
3260,3,Graduate,Yes,9193870,24130947,18,497,17109164,8851251,11457398,12630656,Rejected
3261,1,Graduate,No,4799731,8910580,2,586,25634323,15082326,21009638,3784485,Rejected
3262,5,Graduate,No,4135806,25348428,6,864,6839952,17743067,38345624,14599260,Approved
3263,0,Graduate,No,9299339,23787412,4,668,13686350,5313766,14694479,10426676,Approved
3264,4,Graduate,Yes,4118139,25137671,16,539,5438477,16870977,24682670,12623401,Rejected
3265,2,Not Graduate,Yes,2602112,10347166,12,586,12080956,1713100,29356454,8683045,Rejected
3266,3,Graduate,Yes,1554832,24384844,20,694,11636463,8097829,31084067,2076577,Approved
3267,1,Not Graduate,Yes,2220991,22567918,16,817,306691,992410,17146897,8293062,Approved
3268,0,Not Graduate,No,8270838,11309939,4,860,7109552,12091496,9715922,522192,Approved
3269,2,Graduate,Yes,5575730,14326003,12,359,9163059,14084583,26617702,11695034,Rejected
3270,1,Not Graduate,No,2293787,27648332,14,844,23047533,833469,38460812,6368727,Approved
3271,1,Not Graduate,No,6300038,2499414,16,602,15167761,4514316,3901148,3401901,Approved
3272,2,Graduate,No,7227656,6157914,18,543,22398117,4694385,29486141,1005622,Rejected
3273,0,Not Graduate,No,1222805,18467620,10,506,13634997,5451877,9409969,306182,Rejected
3274,5,Not Graduate,No,1144793,2384533,6,674,11384711,15223699,25000399,10050069,Rejected
3275,0,Not Graduate,No,4701236,3966491,4,582,2663720,10789527,5319323,2375705,Rejected
3276,4,Graduate,Yes,6758347,29269439,16,777,17409855,5259240,21037508,10575988,Approved
3277,3,Graduate,Yes,1780622,29054973,2,321,28796919,16063063,28366950,4184584,Rejected
3278,2,Graduate,Yes,4125413,4747193,20,858,25674688,13863452,27379461,9435773,Approved
3279,5,Not Graduate,Yes,9500116,10472364,12,648,22439788,14125036,13861116,3398584,Approved
3280,2,Graduate,Yes,1927373,17313276,4,788,16986754,3198066,21127425,14648951,Rejected
3281,2,Not Graduate,No,8556295,7373668,6,557,1503717,17205969,8649755,1832618,Rejected
3282,0,Graduate,Yes,340926,896184,16,346,20522960,10508229,7279494,10334530,Rejected
3283,3,Not Graduate,Yes,383148,5555500,2,326,6585351,2062470,27252360,12460374,Rejected
3284,4,Graduate,Yes,9431990,10005111,12,326,18167301,1286087,37214668,2100835,Rejected
3285,1,Graduate,No,8291620,17311102,6,696,23144495,5486429,856348,3315331,Rejected
3286,1,Not Graduate,No,6119588,7638707,12,444,2629385,16380881,8473626,13589100,Approved
3287,2,Graduate,No,9083104,8908263,6,886,24256501,13916106,20628944,8984232,Approved
3288,3,Not Graduate,Yes,4413759,15732315,16,821,8432249,16987625,21714967,10467003,Rejected
3289,5,Graduate,Yes,6414405,7163240,10,420,1379757,17933436,4298702,10961366,Rejected
3290,0,Graduate,Yes,5908019,8351796,8,761,16964183,18004005,24013752,5220685,Approved
3291,3,Not Graduate,Yes,7771929,1571602,18,681,25418820,5771573,4265402,10552431,Approved
3292,3,Not Graduate,Yes,6923965,22924830,10,717,4853456,811563,7024555,1533214,Approved
3293,0,Not Graduate,No,8032678,26642780,8,626,1423213,1854688,37693366,3633301,Approved
3294,2,Graduate,Yes,5007144,16193134,16,690,21076857,7556337,5996080,10860773,Approved
3295,3,Not Graduate,No,8971213,24121017,16,596,13794769,6476172,13523787,7976378,Rejected
3296,1,Graduate,Yes,9536327,9450825,16,383,28951875,6789272,31839132,6533545,Rejected
3297,0,Not Graduate,No,2955916,14174250,8,445,4279379,1149463,20373431,14193974,Rejected
3298,5,Not Graduate,No,4081819,13463108,2,470,20373942,17198715,37134054,10412340,Rejected
3299,4,Not Graduate,No,9421049,19763848,4,633,338913,1011484,39260284,11899980,Approved
3300,2,Not Graduate,No,5404497,16602140,8,723,23406470,4295651,36835412,5205277,Approved
3301,0,Not Graduate,Yes,5571704,27265194,20,608,9223302,7138245,27169270,12614490,Approved
3302,4,Not Graduate,Yes,7264658,20606138,4,825,23177746,18865553,15795817,6305482,Approved
3303,4,Graduate,Yes,7307493,438781,20,868,29290869,743259,37040559,3185922,Approved
3304,5,Not Graduate,No,6397953,25557746,6,646,6418363,7319300,10699393,2064806,Approved
3305,3,Graduate,Yes,1101334,22278593,18,601,1367173,16630929,19522104,3576669,Approved
3306,5,Not Graduate,Yes,1943579,28101724,18,646,21438387,14175422,26465889,9123529,Approved
3307,3,Not Graduate,Yes,5145849,21192438,18,707,17410128,7248764,551111,9265920,Approved
3308,3,Not Graduate,Yes,5440266,27190868,14,432,12938072,2113188,32006821,10114467,Rejected
3309,0,Graduate,No,8422496,3697120,8,405,7906673,1150902,8959327,12360057,Rejected
3310,0,Graduate,No,327319,16234530,2,470,15724824,2531528,4255803,495197,Rejected
3311,2,Not Graduate,Yes,712193,13138530,6,549,2338679,10313739,4846120,3590439,Rejected
3312,3,Graduate,Yes,1727965,12640571,16,843,2440960,4412467,38644005,7493107,Rejected
3313,4,Not Graduate,Yes,4501264,12143661,8,561,26456666,8267704,25534740,6648112,Rejected
3314,1,Not Graduate,No,8627623,24438227,20,793,27122454,10647399,13972656,12698788,Approved
3315,2,Graduate,No,928165,6293437,20,543,5262777,7287703,27613826,6524510,Rejected
3316,0,Graduate,No,9521086,26038617,4,750,8561714,17930760,31291852,9208336,Approved
3317,5,Graduate,Yes,1133671,16889173,16,589,13752975,16898147,31205782,6385192,Rejected
3318,2,Graduate,No,6713231,20882020,14,562,100617,1904100,32260298,6986535,Rejected
3319,2,Not Graduate,No,3024665,9459728,20,613,7551020,19831944,37264897,9089181,Approved
3320,2,Graduate,No,7168350,14631214,18,384,17264745,8180582,20182366,2227366,Rejected
3321,2,Graduate,No,3206374,25283653,4,714,18032605,8159597,35720348,12252868,Approved
3322,1,Not Graduate,No,2121086,22388077,10,628,1785885,9428851,15238705,12684931,Approved
3323,5,Graduate,Yes,7596911,14188845,12,344,21733165,14433813,2960245,2562274,Rejected
3324,5,Graduate,Yes,2887279,27509080,4,632,657512,8258192,28400113,1844775,Approved
3325,5,Graduate,Yes,9666940,3345498,4,764,16812180,11313312,25978336,10920420,Approved
3326,3,Graduate,Yes,5062347,28962192,20,499,2123306,8183982,1907725,9318564,Rejected
3327,4,Not Graduate,No,9817741,10615975,8,500,14056071,15748494,7458007,4739504,Rejected
3328,5,Not Graduate,Yes,9866487,1598111,16,628,10506155,17520095,38610389,11250332,Approved
3329,2,Graduate,Yes,4349658,26834151,10,539,1775042,15694300,17087311,12796430,Rejected
3330,2,Graduate,Yes,874075,19704370,18,882,15589510,366874,3465731,1632985,Approved
3331,5,Not Graduate,No,9576209,16132031,8,658,22452749,14517985,24275797,4645470,Approved
3332,5,Graduate,Yes,4889587,3208958,6,659,27957574,2294716,8344453,10256186,Approved
3333,2,Graduate,No,942476,23822652,20,677,13419327,2679235,36523955,12901895,Approved
3334,3,Graduate,No,761032,4992712,16,684,15762822,19161072,27901006,5713542,Approved
3335,0,Graduate,No,6616153,9263082,2,764,18366125,15310929,28216486,6412048,Approved
3336,0,Graduate,Yes,2533180,15801804,18,521,9783947,5883092,31436010,12584043,Rejected
3337,5,Graduate,No,1255752,21278124,8,664,12613434,10828295,39244736,9442555,Approved
3338,1,Graduate,Yes,8417774,11176762,18,371,24958724,120965,698823,10777059,Rejected
3339,5,Graduate,Yes,4122381,6688919,16,539,28238043,3523006,4515876,3935635,Rejected
3340,5,Graduate,Yes,1706610,21714866,6,803,25578186,4900981,16416910,6745531,Approved
3341,0,Not Graduate,No,4907915,8766777,6,713,4555616,3093228,29598280,11426040,Approved
3342,2,Not Graduate,No,1293753,17686354,18,426,6297868,4039829,26945703,2037849,Approved
3343,5,Not Graduate,Yes,3871013,21769796,6,786,22424828,9148277,5495314,2189187,Approved
3344,2,Graduate,No,5355577,4456232,8,896,19875191,4227450,26962416,11586057,Approved
3345,2,Graduate,No,696184,27203998,18,826,16890518,13016005,12693242,3028194,Rejected
3346,1,Not Graduate,No,1234549,28420731,8,547,5870402,9304588,28333886,14023449,Rejected
3347,2,Graduate,Yes,7135923,25959807,6,781,29073406,5394071,8344867,7919934,Approved
3348,0,Not Graduate,No,2544591,9161555,14,611,22310793,12071787,27868641,709636,Approved
3349,3,Graduate,No,7487613,2876245,12,743,15636530,14373977,30247460,8154027,Approved
3350,3,Not Graduate,Yes,295287,23950242,2,582,880638,7700867,38410907,6371670,Rejected
3351,4,Not Graduate,No,8530512,6872978,20,301,12006214,4749394,37699334,9624708,Approved
3352,5,Not Graduate,Yes,1596167,24840959,16,373,18520883,5205753,27320703,10727940,Rejected
3353,0,Graduate,No,4241682,7563108,2,363,4437922,11544447,7759851,1026723,Rejected
3354,2,Not Graduate,No,9980472,23303719,8,646,11265599,7975307,23564274,2577533,Approved
3355,3,Graduate,No,6215673,20277421,12,623,21632245,18999956,4122216,7923480,Approved
3356,0,Graduate,No,4358433,10923042,12,538,7100683,15225471,22803868,2091397,Rejected
3357,3,Graduate,No,9829773,11286583,14,696,29076569,11362403,20273198,4036041,Approved
3358,2,Graduate,No,6322005,12651436,10,636,17489493,3338696,36215331,7679109,Approved
3359,3,Graduate,Yes,4883024,25439050,10,640,6241556,18477036,29925326,5385082,Approved
3360,5,Graduate,No,9641274,27874535,8,578,23448075,6281543,14270497,6117717,Approved
3361,5,Graduate,No,6350158,22731090,12,652,6191986,1151049,31620068,13165493,Approved
3362,4,Not Graduate,No,1666737,25382729,14,762,29406685,1272137,35329319,5494688,Approved
3363,4,Not Graduate,Yes,2300895,1177406,20,761,6596798,5598894,32170493,943055,Approved
3364,3,Not Graduate,Yes,1279500,20919452,20,592,28087388,16825911,34369679,11252229,Rejected
3365,0,Graduate,Yes,4262320,16293982,2,706,5068217,4125168,25625394,3334707,Approved
3366,5,Graduate,No,3676732,16792889,18,461,2193508,14827554,19380861,957617,Rejected
3367,0,Graduate,No,1158904,2489905,16,802,7192920,12085366,20651887,4732261,Rejected
3368,0,Graduate,Yes,3037689,21613209,14,747,20895795,12955191,525957,11169104,Approved
3369,3,Not Graduate,Yes,8818210,13103857,18,754,29682330,14757764,30781749,323819,Approved
3370,0,Graduate,Yes,3688271,989912,6,564,21766881,7945019,31405632,2913620,Rejected
3371,5,Not Graduate,No,6087136,7558310,20,431,23194676,347240,29332455,6595381,Rejected
3372,2,Graduate,Yes,6553056,800527,8,419,22919698,13803695,39953860,7760113,Rejected
3373,4,Not Graduate,No,4968614,21296773,14,518,17352926,11604559,3898596,11094697,Rejected
3374,2,Graduate,No,4004287,4089551,12,716,379986,16626850,24333013,3846583,Approved
3375,0,Not Graduate,No,7810073,8090863,4,804,3089283,6780170,36742204,345971,Approved
3376,2,Graduate,Yes,788829,23035414,4,599,1633403,7935278,28006700,2407723,Rejected
3377,5,Not Graduate,No,5982060,20641815,20,408,16772211,8343114,3070740,6554531,Rejected
3378,5,Graduate,Yes,3222927,12872155,14,537,22975236,19590074,35173689,10051145,Rejected
3379,0,Not Graduate,Yes,5869453,4775616,18,592,12603462,8258488,30047029,13134877,Rejected
3380,3,Not Graduate,Yes,4862608,17014935,18,878,15340547,8378494,34681195,4561956,Rejected
3381,2,Graduate,Yes,7130207,29350162,14,486,18053930,17274101,13811983,6298169,Rejected
3382,3,Not Graduate,No,2180343,23452322,16,335,17835286,13889096,5726861,3044739,Rejected
3383,3,Graduate,No,4858455,8733829,20,860,10593496,19991458,26031208,4892250,Approved
3384,1,Graduate,No,5276083,9561251,6,555,1721122,11777462,37514390,4580957,Rejected
3385,0,Graduate,No,3536460,24215043,2,734,13041860,10352776,16277033,11397689,Approved
3386,4,Not Graduate,Yes,1445175,6784419,14,307,14561395,2926353,29460303,14663410,Rejected
3387,5,Not Graduate,Yes,6685907,1658569,16,477,26883199,9218806,2024210,12218007,Rejected
3388,5,Graduate,Yes,7188087,12160680,4,541,28677902,12448916,30136340,6521509,Approved
3389,0,Graduate,Yes,8726915,25232007,18,340,10605108,10694319,38372867,14298935,Rejected
3390,4,Not Graduate,No,1337333,29714898,8,656,12738969,11090275,15090650,12991870,Approved
3391,5,Not Graduate,Yes,6788209,9042224,20,412,28054417,1518848,18500551,13411156,Rejected
3392,0,Not Graduate,No,3248558,21935664,18,465,1524079,6409114,22825693,6497702,Rejected
3393,5,Graduate,Yes,3801817,21124352,6,803,18043407,10720044,2674774,14263721,Approved
3394,3,Graduate,Yes,1968494,26357171,16,377,2697545,5477438,1101213,8082246,Rejected
3395,2,Graduate,Yes,8912985,29557549,4,495,1079712,11963420,3269367,7048309,Rejected
3396,2,Graduate,Yes,5816467,16832949,6,701,29878198,16723602,16729617,7632621,Rejected
3397,5,Graduate,No,1403049,15368890,2,363,22091786,18254391,26710805,14202939,Rejected
3398,1,Not Graduate,No,9382811,18911946,10,724,26594576,8367403,17107992,14634185,Rejected
3399,4,Graduate,No,6401719,10009378,8,341,3562551,7355072,31303031,1101021,Rejected
3400,4,Not Graduate,No,8007699,16130935,2,672,10320718,8713430,14361461,2101276,Approved
3401,4,Not Graduate,Yes,9061258,29068541,20,605,13891832,5863564,23973296,12431955,Approved
3402,3,Graduate,Yes,2661897,14077095,18,508,21441318,4351901,1965794,1393077,Rejected
3403,4,Not Graduate,No,3740886,16449781,12,766,16590488,13669882,13166186,1165272,Approved
3404,2,Graduate,No,4975634,22733816,12,603,7029913,9519730,28617333,12386815,Approved
3405,3,Not Graduate,Yes,9428780,12973211,4,884,19271621,11074037,19214603,1093674,Approved
3406,0,Graduate,Yes,6688401,13458729,14,691,24267918,7711934,17407383,7927341,Approved
3407,4,Graduate,No,1819888,8637968,18,452,23662030,1650374,24317794,3285182,Approved
3408,4,Not Graduate,No,1927386,3558460,12,661,16227394,16458402,23323984,1791627,Approved
3409,0,Graduate,No,8860809,27580999,16,563,13251437,16510602,34577490,3180195,Rejected
3410,4,Not Graduate,Yes,995415,15471509,10,515,24882141,10343026,30193254,12678924,Rejected
3411,0,Graduate,No,3044140,26309728,4,842,19988200,12728999,17491518,8987189,Approved
3412,3,Graduate,No,9059505,11121299,8,823,23108613,7138799,13789764,8369916,Approved
3413,2,Graduate,No,1287462,26416820,2,493,1357448,6787348,35874142,1694466,Rejected
3414,0,Not Graduate,No,7891201,29731895,2,326,17972096,878638,10802007,1609708,Approved
3415,1,Not Graduate,No,3872689,23386216,12,345,14267595,18845442,22576945,13749107,Rejected
3416,0,Graduate,Yes,1152394,9854043,4,357,2733631,8016087,20878473,12494066,Rejected
3417,4,Not Graduate,No,6306825,4562571,12,312,24804537,7626981,3013856,6550382,Rejected
3418,3,Graduate,Yes,8114726,9802389,2,348,15414735,11131202,27975356,6568210,Rejected
3419,5,Not Graduate,No,596904,1254969,20,393,6933412,2105149,38992748,4174457,Rejected
3420,3,Not Graduate,No,8133604,11364264,6,883,22784218,2469284,34164047,12346779,Approved
3421,5,Graduate,No,5980833,13571379,18,750,6226140,10377440,15546802,11503219,Approved
3422,0,Graduate,Yes,4365666,18227031,4,678,9163216,648478,31111225,4864220,Approved
3423,2,Graduate,Yes,9014324,27553666,16,309,21962301,11564844,7774347,10620931,Rejected
3424,1,Graduate,Yes,9148693,24114627,12,815,13383216,4019213,3766283,13770277,Approved
3425,3,Graduate,No,6183006,21939849,12,523,6599397,16236427,13620505,13525916,Rejected
3426,4,Not Graduate,No,6385430,12240067,14,680,26693209,19319158,3721943,3848035,Rejected
3427,5,Not Graduate,Yes,6080599,25645973,10,840,26575966,17746622,9150980,976805,Approved
3428,4,Graduate,Yes,7772307,4066974,8,601,26148444,15081804,23387707,13012961,Approved
3429,2,Graduate,No,4797158,10670901,12,502,22751326,4298917,24614748,2068547,Rejected
3430,5,Graduate,Yes,6250485,2688160,16,888,6404526,86132,34686584,12977297,Approved
3431,3,Not Graduate,No,381136,23900900,8,870,5958560,7808565,35186552,4468270,Approved
3432,0,Graduate,Yes,5566434,20716136,10,495,4121119,8373686,36830418,7034859,Rejected
3433,4,Graduate,Yes,2691807,3209668,14,621,27804225,6470088,20426923,1752007,Approved
3434,2,Not Graduate,Yes,2007853,16493445,12,717,23587100,10454983,546343,11537291,Approved
3435,3,Not Graduate,No,9511487,24381810,8,641,11211325,10007396,4058502,1915208,Approved
3436,3,Not Graduate,No,6713766,24771303,8,688,2201778,9360654,35927257,5639846,Approved
3437,3,Not Graduate,Yes,5201336,7486089,20,308,13780758,19972208,6380759,2345141,Rejected
3438,3,Graduate,No,6231778,23380490,8,831,23995871,17816591,17488084,11865831,Approved
3439,5,Not Graduate,No,4126365,1369343,2,448,6393748,14747863,3658913,2477203,Rejected
3440,3,Not Graduate,No,3193518,7382060,10,682,4673240,2318762,3508498,11088137,Approved
3441,4,Graduate,No,9594128,21767923,16,828,24201931,3499050,27868760,8662826,Approved
3442,2,Graduate,Yes,5090552,28760451,14,311,13484203,2788091,20754841,11326497,Rejected
3443,5,Graduate,No,6193265,8254410,10,775,25689625,14762817,24765839,10227901,Approved
3444,3,Not Graduate,No,8239224,267659,6,893,27314247,17611873,36695676,12064739,Approved
3445,1,Graduate,Yes,1257980,3511236,2,878,6788491,16818405,16304926,13935188,Approved
3446,1,Not Graduate,No,2232479,18967933,14,352,28370103,6010498,13541665,6955256,Rejected
3447,2,Not Graduate,No,3983203,9002601,6,735,10172458,19214720,2398352,855604,Approved
3448,0,Not Graduate,No,1096881,13670270,8,505,1130593,1888414,36151371,5690680,Rejected
3449,0,Graduate,Yes,1800548,29123000,10,353,16354208,4891447,4817054,6571752,Rejected
3450,5,Not Graduate,Yes,1841455,25776508,16,879,24673944,1673686,24387705,12112359,Approved
3451,5,Graduate,No,7921997,13284215,14,789,5814873,19558607,8785111,13167227,Approved
3452,5,Graduate,No,5127386,24355718,18,643,20000187,4204319,16021717,7113697,Approved
3453,0,Graduate,Yes,464826,16224308,6,468,14925283,10855504,4214633,10449908,Rejected
3454,1,Not Graduate,Yes,3064621,18275144,20,460,21318042,5981201,7443984,10202522,Rejected
3455,0,Not Graduate,Yes,3891848,23029736,2,826,19471387,13501123,20700405,6405072,Approved
3456,4,Not Graduate,No,8081317,24119369,2,826,8235098,2219298,5198165,10421889,Approved
3457,3,Graduate,No,5912978,2145481,20,586,10916454,6964583,12980158,14110326,Rejected
3458,5,Not Graduate,Yes,5483371,27912609,2,711,2338997,16803683,39621976,5090158,Approved
3459,1,Not Graduate,No,7390063,26662439,4,821,24147772,11152333,15707236,239674,Approved
3460,2,Not Graduate,No,5571448,9218303,4,868,12297976,1452337,31657461,14266273,Approved
3461,2,Not Graduate,No,1845589,22274221,14,498,25325417,13866276,5024235,13127099,Rejected
3462,3,Not Graduate,No,1294096,7172368,18,460,27519603,19238050,6206272,6700829,Rejected
3463,1,Graduate,No,8913671,28380908,16,688,12986477,8249058,11522863,13800116,Approved
3464,0,Graduate,No,7125613,20676254,8,773,22729856,17225171,12885945,10509129,Rejected
3465,0,Graduate,No,2885882,18926516,4,680,4452708,7991937,15354027,11964607,Approved
3466,4,Graduate,Yes,4131041,6789687,6,891,4601036,1050169,25445648,5792831,Approved
3467,4,Not Graduate,Yes,7139191,4171889,20,423,29336693,7868922,38934009,13570150,Rejected
3468,0,Graduate,Yes,8125797,10899020,10,371,18016283,5617297,630134,13412661,Rejected
3469,2,Not Graduate,Yes,5407149,25418847,18,467,14866480,783837,2353470,4516717,Approved
3470,5,Graduate,Yes,5620441,16188383,16,583,19552454,4814457,19278778,6843372,Rejected
3471,2,Graduate,Yes,5252039,12912263,6,793,7361095,16001727,32351834,5362356,Rejected
3472,4,Graduate,Yes,7740155,20835897,18,335,28034491,8851932,21615374,11439401,Rejected
3473,3,Not Graduate,Yes,1963655,17193791,20,474,16814740,1458042,3469193,7531232,Approved
3474,0,Not Graduate,Yes,1676470,774104,6,498,27148913,16508809,28681221,13432032,Rejected
3475,4,Graduate,No,7532129,3570966,20,415,6317370,4790099,9836322,4783586,Rejected
3476,4,Not Graduate,No,9105064,16633495,16,614,15098164,3469183,34120701,10515582,Approved
3477,5,Graduate,Yes,7679180,27739732,2,519,14848550,17825103,18077592,6339274,Rejected
3478,0,Graduate,No,9524118,8375104,8,877,12867676,10303109,4095935,2661906,Approved
3479,5,Graduate,No,5589003,18890707,8,433,10370771,14358352,36522602,9020204,Rejected
3480,0,Not Graduate,Yes,6888986,6919678,12,421,28500890,1795413,16305633,13317141,Rejected
3481,5,Graduate,Yes,1742549,26391345,4,720,12295759,17505759,31107065,919699,Approved
3482,2,Graduate,Yes,3282207,5211179,14,791,21413405,2515867,21511646,11582390,Approved
3483,3,Graduate,No,6354232,7012690,10,898,13364779,4538441,5560859,14092261,Approved
3484,3,Not Graduate,No,3355964,10157816,20,588,4301965,4006696,23443457,13417537,Rejected
3485,0,Graduate,Yes,2332720,239244,12,352,4461565,4363285,37233952,10182193,Rejected
3486,1,Not Graduate,No,2669484,22671742,12,504,13962854,10741979,3229418,5974659,Rejected
3487,4,Graduate,No,4653595,821673,12,647,11778465,127210,19690873,2168057,Approved
3488,4,Not Graduate,No,4833170,22249870,20,350,14996912,9247046,29372162,11973248,Rejected
3489,0,Graduate,Yes,2180115,20304851,16,339,2559082,8928369,32688147,14493087,Rejected
3490,5,Graduate,No,1108573,12600513,20,549,15732881,20063,25730451,6687296,Rejected
3491,1,Not Graduate,No,9110855,2691090,8,517,26457963,6025857,9664872,6451768,Rejected
3492,2,Not Graduate,No,546300,589922,20,478,16150943,6866194,7510459,7772115,Rejected
3493,5,Graduate,No,4660624,7526029,16,850,1968418,712060,36566002,12697904,Approved
3494,5,Not Graduate,No,824747,4536134,18,482,4487405,10579152,3213668,6118354,Rejected
3495,0,Graduate,No,9823106,20877351,8,463,8443374,9999953,36997899,2174498,Rejected
3496,0,Graduate,No,9082014,23307548,2,676,19533010,16972639,15800907,5481942,Approved
3497,4,Graduate,Yes,2518890,28391807,6,796,19320841,15006444,13999535,9468021,Approved
3498,0,Not Graduate,Yes,9493498,17842314,2,896,8495112,5060355,7395302,13775703,Approved
3499,0,Graduate,No,7351815,2406972,14,760,14087593,15383711,5207533,290070,Approved
3500,0,Not Graduate,Yes,2775228,9100085,2,773,7207699,14092325,24464565,6736144,Approved
3501,4,Graduate,No,4250338,12246131,8,336,17843926,5798005,801806,11376536,Rejected
3502,2,Not Graduate,No,8831334,25595493,2,898,5307090,18585989,14944950,4607971,Approved
3503,2,Not Graduate,No,9309810,12659402,4,618,16632297,9387831,1416035,2964570,Approved
3504,0,Graduate,Yes,3774787,2820688,2,854,12132784,19958439,17402041,5495035,Approved
3505,4,Not Graduate,No,9294776,13231804,10,711,22871965,19890552,23916104,14149338,Rejected
3506,2,Graduate,No,5866639,4148745,14,655,29038731,3709776,7633982,6527644,Approved
3507,5,Graduate,Yes,9054604,6356464,6,528,6646392,3258217,22872880,11169708,Rejected
3508,2,Graduate,Yes,1598962,6521172,16,563,24309980,3010935,7991720,7896029,Approved
3509,2,Graduate,No,6313924,6049089,10,786,29610490,11556420,3086842,14753533,Approved
3510,4,Graduate,Yes,4179062,2359071,10,860,2972288,10406634,4882405,2042781,Approved
3511,5,Not Graduate,Yes,1543763,16789918,10,651,6893162,15533097,16027874,9316686,Approved
3512,4,Graduate,No,6627799,20476869,16,741,29142572,16637397,8923095,10590370,Approved
3513,0,Not Graduate,No,1059299,21606488,4,758,18422368,15263703,29410609,2902196,Approved
3514,3,Not Graduate,No,2636385,20660740,4,324,19209726,9091529,24510735,12743431,Approved
3515,2,Graduate,Yes,5239481,16972835,16,430,21208733,12315777,20232180,11040224,Rejected
3516,3,Not Graduate,Yes,1179581,4349341,18,669,17204340,19103464,8274767,5642289,Approved
3517,4,Graduate,Yes,7730223,15404321,20,735,11527942,19888868,30869308,9896550,Approved
3518,4,Not Graduate,No,4012661,13842603,20,523,28411510,14426740,2331839,6411244,Rejected
3519,4,Not Graduate,Yes,3169554,10644674,4,651,961129,10897733,33017272,5837168,Approved
3520,3,Not Graduate,Yes,1535184,22801765,8,784,2853583,3627626,14940779,3764748,Approved
3521,4,Graduate,No,7789252,9644439,16,496,12831104,7690564,38353502,8442111,Rejected
3522,0,Not Graduate,No,1684632,23703309,4,408,25357301,3216105,37951277,5312252,Rejected
3523,4,Graduate,No,5360593,1616871,8,519,16064392,11920637,11814963,632012,Rejected
3524,1,Not Graduate,Yes,1793526,14185524,20,618,15459557,4110583,15791347,12470493,Approved
3525,3,Not Graduate,No,5198964,12888980,2,381,11506894,19353425,34835753,13913277,Rejected
3526,1,Not Graduate,Yes,6583244,15732121,4,836,13320846,1096077,28058034,7486058,Approved
3527,4,Not Graduate,Yes,4862543,17430029,14,731,12656809,16046661,22912202,9153965,Approved
3528,0,Graduate,No,6735893,9805276,2,307,24034648,15705389,21254876,9848916,Approved
3529,2,Graduate,No,9455180,13221698,2,448,21257455,528057,9054565,2192041,Rejected
3530,5,Not Graduate,No,3297619,24105167,4,397,6315692,15304966,33830503,634983,Rejected
3531,5,Not Graduate,No,6297890,12380206,8,400,25547922,4246523,15813511,14823486,Rejected
3532,4,Graduate,No,8774454,29429990,14,666,485468,1870115,4199940,7378085,Approved
3533,0,Graduate,Yes,9190124,21131310,8,761,14624217,3761003,39360425,949874,Approved
3534,3,Graduate,Yes,3492025,10612005,10,713,2539507,11863070,37933217,6523926,Approved
3535,1,Graduate,Yes,3680069,24348558,8,558,3046371,6090409,31978721,732338,Rejected
3536,1,Not Graduate,No,4775363,28300400,8,655,11242739,2214442,34819379,435371,Approved
3537,1,Not Graduate,Yes,620594,10048949,18,310,17742069,3362734,18756169,14856543,Approved
3538,3,Graduate,No,3200758,29323967,12,715,25464636,14048389,29336884,6733062,Approved
3539,5,Graduate,No,1129441,2796314,6,870,10572079,18182362,25552927,11680153,Approved
3540,0,Graduate,Yes,3412058,4598965,12,549,16872074,361470,33710103,8287635,Rejected
3541,3,Graduate,Yes,902726,7042362,14,849,28386526,3105217,5190389,3651057,Approved
3542,1,Graduate,No,9447362,13283085,14,421,13284430,9188616,1916540,12319830,Rejected
3543,4,Graduate,Yes,6331630,13253550,16,364,23803082,3337295,37383198,9933666,Rejected
3544,2,Not Graduate,No,8497696,22983707,8,601,18097206,14076364,13585463,12033960,Approved
3545,3,Not Graduate,Yes,7248527,23947211,2,424,14134077,9338897,23349921,1425562,Approved
3546,3,Not Graduate,Yes,9926360,24114450,12,611,1422168,3792127,31009997,7582240,Approved
3547,0,Graduate,Yes,1733755,4601461,16,490,26233277,14419188,28283020,14652489,Rejected
3548,0,Graduate,Yes,1241431,12722825,10,749,2359434,9241752,25442113,14579335,Approved
3549,3,Graduate,Yes,4193870,22428059,6,458,29878754,6702688,30716637,4577788,Rejected
3550,1,Not Graduate,No,5800350,6473624,8,652,28398167,7401971,25159880,8916566,Approved
3551,2,Graduate,Yes,3694029,1503400,16,562,3441847,4402873,6443394,1114448,Rejected
3552,0,Graduate,Yes,9030645,14726849,12,705,20278928,13471261,36054358,1780226,Approved
3553,1,Not Graduate,Yes,5718213,5314435,10,316,26212356,2015346,13977195,457474,Rejected
3554,4,Graduate,No,5912845,24574184,18,559,8269833,9085680,32552133,3189437,Approved
3555,0,Not Graduate,No,3877264,2917422,20,654,19170175,16904960,21268178,3218370,Approved
3556,1,Not Graduate,No,2754131,10216029,6,788,2470763,11639230,22908402,1631454,Approved
3557,1,Graduate,No,2084624,29856204,14,513,21098615,8880449,30659664,3838086,Rejected
3558,2,Not Graduate,No,7987727,149875,18,538,11218763,13726056,29766580,10642485,Rejected
3559,2,Graduate,Yes,5614835,26806489,8,479,24446319,13923858,1407495,9584202,Rejected
3560,4,Not Graduate,Yes,1805919,12494715,20,718,16129791,7127873,39531383,5990075,Approved
3561,1,Graduate,Yes,4069819,17935378,20,442,22905153,14525672,18622462,11932465,Rejected
3562,5,Not Graduate,No,8858202,27414962,6,616,18044354,17265587,23490030,6606783,Approved
3563,1,Graduate,No,2770419,16704920,2,543,24133887,508062,22831751,7102363,Rejected
3564,2,Not Graduate,Yes,250272,4722410,18,531,2997201,5309763,4226754,5432129,Rejected
3565,5,Not Graduate,No,9642494,8944905,2,888,13669281,6229084,32944130,11287102,Approved
3566,0,Not Graduate,No,9074768,19527463,4,602,21168249,10433783,12405895,8441613,Approved
3567,0,Graduate,No,7977776,28628544,18,630,8674901,10251404,24999752,5684736,Approved
3568,3,Graduate,Yes,940176,12467945,10,860,7123915,15303566,22171093,8507683,Rejected
3569,2,Not Graduate,Yes,4476945,28899229,8,547,10656880,15735806,29443569,12017709,Rejected
3570,3,Graduate,No,6174550,1217201,18,582,5417505,19136915,12636272,10736558,Rejected
3571,5,Not Graduate,No,1788321,12566082,18,586,6912357,13051697,11636967,14254939,Rejected
3572,2,Graduate,No,2339463,8807069,4,331,4884008,3519927,25078297,7179443,Rejected
3573,4,Not Graduate,No,4267212,2630346,6,799,3359520,7677160,12822303,9422771,Approved
3574,1,Graduate,Yes,7691990,5621457,6,829,20083300,15159488,15120810,4804944,Approved
3575,4,Not Graduate,No,8010360,1749383,10,680,2470406,19739746,38368509,5207298,Approved
3576,5,Not Graduate,Yes,1692669,13447546,6,362,10160936,468586,31477254,9437078,Rejected
3577,2,Not Graduate,Yes,8948179,16658650,20,427,19215917,15463399,21440713,14150627,Rejected
3578,5,Not Graduate,Yes,5607214,2327995,12,827,14701754,19355963,15433966,5411505,Approved
3579,1,Graduate,No,987560,732621,4,462,20699432,15857356,27263275,11583543,Rejected
3580,0,Not Graduate,Yes,2346081,2136287,12,550,25895747,17947566,24781360,435258,Rejected
3581,0,Graduate,Yes,6868845,8643813,12,594,5787251,9212555,26609901,13067712,Rejected
3582,5,Graduate,No,5190544,17400782,4,478,28524654,14883826,8435000,1117980,Rejected
3583,3,Not Graduate,No,6062316,15354669,12,528,3008003,16973235,27109304,10220511,Rejected
3584,2,Graduate,No,2743250,24325993,12,693,19758370,17610505,35216632,4540216,Approved
3585,2,Graduate,Yes,5777558,29851502,12,695,4178452,8176208,36969819,11226340,Approved
3586,0,Graduate,No,3647822,15370302,10,371,17294134,4199631,22113738,11133233,Rejected
3587,4,Not Graduate,Yes,283576,27946876,14,617,29830681,11202366,13818931,8135884,Approved
3588,1,Graduate,Yes,2317709,21136393,10,894,6125461,3228403,33064915,9403917,Approved
3589,4,Graduate,No,4430384,8208789,2,678,12467432,1271059,21366225,3944115,Approved
3590,4,Not Graduate,Yes,4374865,14371568,18,435,28621245,10826500,26741539,8523202,Rejected
3591,5,Not Graduate,Yes,4128831,21813658,6,677,3109810,18758952,39215270,12543894,Approved
3592,0,Graduate,Yes,8211194,8681682,4,418,26305250,674165,35407200,6085669,Rejected
3593,0,Not Graduate,Yes,2177247,7361468,20,829,875217,11241022,7984027,5884922,Approved
3594,0,Graduate,No,4888148,6885392,12,822,13005263,3936287,21877820,13409130,Approved
3595,5,Graduate,Yes,1815271,7085195,16,686,29949825,14801768,34923960,9296552,Approved
3596,3,Graduate,No,4407642,4156974,4,873,16474337,19673773,34994503,1285459,Approved
3597,4,Not Graduate,Yes,9189185,22659615,8,882,4548761,7519191,35462704,1969467,Approved
3598,5,Graduate,Yes,378982,16178169,4,872,29546298,147621,28822974,2891954,Approved
3599,2,Not Graduate,No,8181806,5908331,18,872,10616329,14479346,22325212,9694982,Approved
3600,1,Not Graduate,Yes,3694412,24076984,20,568,23002239,2232921,12261415,14058389,Rejected
3601,3,Graduate,Yes,4324029,15729244,4,823,13842190,16006514,7333478,11317492,Approved
3602,2,Not Graduate,Yes,3840503,28237000,20,846,4563074,5402197,28301050,13308894,Approved
3603,4,Not Graduate,Yes,6181377,2565860,4,785,15405511,14711377,13661595,872446,Approved
3604,0,Not Graduate,Yes,6354728,22898851,10,737,4822556,19613821,35328250,5844873,Approved
3605,4,Not Graduate,Yes,9415003,22074507,10,862,16082335,852005,28636871,5090598,Approved
3606,5,Not Graduate,No,5387391,3825551,14,854,12599217,7393627,19176987,13567684,Approved
3607,1,Graduate,No,5843846,1521672,2,410,5717818,15506144,1636349,2044920,Rejected
3608,5,Not Graduate,No,6848529,12643416,4,621,8768810,8582390,11612124,6868219,Approved
3609,3,Graduate,Yes,8217855,18628130,12,826,19196742,2237063,9080602,2232259,Approved
3610,3,Graduate,Yes,9187831,29157730,4,476,11877042,4290845,3313510,14868144,Rejected
3611,1,Graduate,Yes,9700712,15789305,8,850,17043448,9052479,19490950,6536953,Approved
3612,2,Graduate,No,1872675,1876305,20,837,23316006,9043464,16812652,14289915,Approved
3613,2,Graduate,Yes,9097515,10983728,12,772,3613054,10852576,39880576,5900612,Approved
3614,3,Graduate,No,1132280,29939049,14,862,8208600,11381241,36959751,563824,Approved
3615,3,Not Graduate,Yes,8966365,5991393,20,687,593441,19529528,3221784,13335643,Rejected
3616,0,Not Graduate,Yes,3009939,29570410,10,397,7057700,2092138,39317821,8357788,Rejected
3617,2,Not Graduate,Yes,3450615,3156151,16,710,8223853,19867322,11973068,14896368,Approved
3618,1,Graduate,No,2806041,29681666,12,674,11638769,11054686,20065335,12693120,Approved
3619,2,Not Graduate,Yes,2575093,21263478,10,469,9883075,18487025,19287803,7262039,Rejected
3620,0,Not Graduate,No,4365767,15112767,8,355,438371,5929701,13863127,13262785,Rejected
3621,5,Not Graduate,Yes,2753540,22645366,12,624,21889015,1252682,27876338,5163416,Rejected
3622,3,Graduate,Yes,3819603,3456641,12,559,24201494,7691268,15232604,1495926,Rejected
3623,3,Not Graduate,No,6518769,12287752,12,861,18799004,491358,34880172,3284797,Approved
3624,0,Graduate,Yes,5919347,3655090,2,639,17831256,18683395,39178652,1466938,Rejected
3625,1,Not Graduate,Yes,3434499,5065697,12,703,4286848,17485575,11143982,3400018,Approved
3626,3,Graduate,Yes,8680273,27964001,2,831,27332915,14410665,15382314,10749992,Approved
3627,4,Graduate,Yes,7288422,11722903,10,473,22412324,2513058,22709931,13939379,Approved
3628,3,Graduate,No,8557646,23978740,14,837,11224503,9716364,15639842,8139894,Approved
3629,4,Not Graduate,No,4175220,5687874,2,459,6678402,18132976,18182967,13494350,Rejected
3630,0,Not Graduate,Yes,7288855,23064932,2,309,22893501,19323780,37135611,9139506,Rejected
3631,0,Graduate,Yes,5875919,25448330,12,893,19213243,965415,4293501,2165380,Approved
3632,3,Not Graduate,No,2746210,24301114,14,555,9127506,2272786,30707490,13771404,Rejected
3633,2,Graduate,Yes,9713160,10253815,12,643,20797196,16525393,6666034,2747107,Approved
3634,4,Graduate,No,8297528,27425702,10,835,9951014,10514912,24736161,8211180,Approved
3635,1,Not Graduate,Yes,9816994,19841701,12,672,5806665,12144508,1979056,13952773,Approved
3636,3,Not Graduate,No,8256796,3747981,6,734,11966402,11851391,31557116,13807915,Approved
3637,1,Not Graduate,No,7369675,15445532,18,345,12891670,4329623,1991380,5597724,Rejected
3638,3,Graduate,No,6245266,21664704,10,354,22128253,11478378,37881232,5914856,Rejected
3639,2,Graduate,No,4673391,29633753,4,377,4867334,9873947,22228905,6078318,Rejected
3640,2,Not Graduate,Yes,6274746,17646896,20,790,5569896,10357384,1472330,13193076,Approved
3641,2,Graduate,Yes,2831550,26628621,20,571,19506331,10199088,37463449,6668014,Rejected
3642,5,Not Graduate,No,2253171,27366601,14,849,27119083,6797166,9893611,3441424,Approved
3643,2,Graduate,No,9915790,3283965,6,410,12706261,1461505,39503220,8351132,Rejected
3644,0,Not Graduate,No,3687104,23169895,2,314,28402364,8834457,17232559,12688228,Approved
3645,0,Not Graduate,No,909441,4484679,6,377,12812329,10320027,24279683,8270520,Rejected
3646,5,Graduate,Yes,9034623,165197,18,800,25577146,6513414,7722792,7911543,Approved
3647,4,Not Graduate,No,2779669,5579366,10,887,25085042,1381815,13802277,13661444,Rejected
3648,1,Not Graduate,No,4052312,16165477,14,717,4021932,8357100,27201975,1396116,Approved
3649,3,Graduate,No,7333951,16464483,6,574,12888644,8766089,9094313,1307838,Rejected
3650,3,Not Graduate,No,4187400,20322848,8,793,28549212,5671912,25392241,8943181,Approved
3651,5,Graduate,No,6310664,5815278,2,496,27983743,9963495,21781516,7004097,Rejected
3652,0,Not Graduate,No,1193477,20919550,6,675,23938158,1467448,21827990,5909407,Approved
3653,3,Graduate,No,3367950,18376974,14,362,19627700,5723349,32606595,4986440,Rejected
3654,0,Not Graduate,Yes,4474098,5634048,8,660,24179746,14190618,27419717,11445101,Approved
3655,4,Not Graduate,No,4210673,5806419,4,843,12770599,15695654,27453672,14843002,Approved
3656,1,Not Graduate,No,9372934,21881154,10,409,8092645,12300434,2096744,5522062,Rejected
3657,4,Not Graduate,No,7332537,1200100,10,493,21134716,9734408,14217008,7095011,Rejected
3658,5,Graduate,Yes,2662282,1847844,4,818,17385586,1173761,1021321,4854646,Approved
3659,2,Graduate,Yes,7259559,18355075,12,758,25298224,17250139,37597386,831769,Approved
3660,2,Graduate,Yes,9458789,4696880,20,600,9004201,9047228,24559987,7542853,Rejected
3661,2,Graduate,No,4627431,29820500,8,867,29735808,19780326,2519590,7045325,Approved
3662,4,Graduate,No,4384001,26419155,2,795,17273132,13637106,17137309,11129060,Approved
3663,3,Graduate,No,3487023,24885549,6,448,24964218,6992581,11233976,2541754,Rejected
3664,1,Graduate,Yes,7719270,14270396,18,760,9480457,17558766,8732636,12893514,Approved
3665,2,Not Graduate,No,5267115,10446887,20,438,2081195,10650950,36052667,904596,Rejected
3666,5,Not Graduate,Yes,2104400,26858881,14,591,2905441,7575456,22657517,6922349,Rejected
3667,5,Not Graduate,Yes,4322758,21909511,12,634,20723817,6610683,13923486,3060838,Approved
3668,2,Not Graduate,Yes,2047669,17160608,2,483,2759540,2534424,4052104,9192077,Rejected
3669,2,Graduate,Yes,4728166,9976252,18,606,1368374,17757765,24568034,7868364,Approved
3670,1,Graduate,Yes,6539378,15702595,18,561,26729056,3955867,31217739,5490097,Rejected
3671,2,Graduate,No,7519359,14581330,2,609,2419840,16930449,1171118,902552,Approved
3672,1,Not Graduate,No,4413720,7706436,12,643,24720927,8324926,8366323,5235361,Approved
3673,5,Graduate,Yes,676684,25041276,14,723,4629980,4606170,2229543,13323848,Approved
3674,2,Not Graduate,No,6619601,16591076,4,813,3485881,793978,29636497,5490314,Approved
3675,4,Graduate,No,9290964,16886228,20,823,8831150,14250580,30584571,14488243,Rejected
3676,4,Graduate,Yes,2109103,15854463,16,560,11693749,6584822,33460853,738428,Rejected
3677,5,Graduate,Yes,2297216,16688923,16,661,19209208,5065039,15992168,2499161,Approved
3678,1,Graduate,No,1450033,13778515,12,468,6807776,7874337,38183501,13030538,Rejected
3679,4,Not Graduate,No,8463175,28620791,18,499,8000180,12729078,31538400,5249657,Approved
3680,1,Not Graduate,No,1652847,25611762,6,684,25196936,8944132,607376,3316165,Approved
3681,4,Graduate,No,6389811,11397291,4,611,15244343,4595184,6375945,1904544,Approved
3682,4,Not Graduate,Yes,6349620,4133587,4,881,5729414,4486369,28766561,2830436,Approved
3683,1,Graduate,No,4214676,23992096,12,611,4797615,6109421,16081413,6645144,Approved
3684,3,Graduate,Yes,9832530,19880742,14,865,6929471,13432934,34225982,3305517,Rejected
3685,4,Graduate,Yes,7543921,9503024,12,694,15006639,3941550,28242594,6514319,Approved
3686,2,Graduate,No,7658226,23024414,6,650,12153708,6995404,12289040,11733288,Rejected
3687,5,Not Graduate,No,1373290,11559498,10,327,2024393,15115947,15083848,14528381,Rejected
3688,3,Graduate,No,1165730,29159142,16,432,19894591,10877445,30914744,1467762,Rejected
3689,1,Graduate,Yes,3901351,2899888,12,679,21849681,8352183,16711928,5766227,Approved
3690,3,Not Graduate,Yes,3396275,8391514,4,827,25773256,18380060,19360977,1725831,Approved
3691,0,Graduate,Yes,5139113,15837858,14,586,23544587,7981280,36803925,13610159,Approved
3692,0,Not Graduate,Yes,7171503,28695484,16,583,25934108,19630644,4020597,522663,Rejected
3693,4,Graduate,No,4667443,1169077,8,526,22915743,4087040,37088812,1010614,Approved
3694,4,Graduate,Yes,9038312,5027653,2,726,5588791,12646382,16852470,3772648,Approved
3695,2,Graduate,Yes,1251207,29737482,4,326,16443052,3480634,6588892,9168255,Rejected
3696,5,Graduate,No,337039,26442876,8,631,29026666,15044853,38452200,127108,Approved
3697,3,Graduate,Yes,7889454,22980753,14,416,24802030,4867590,28822172,820417,Rejected
3698,0,Graduate,Yes,4983063,13383761,4,388,28066345,2114773,25707327,5180308,Rejected
3699,4,Not Graduate,No,6790716,27586965,12,421,15652041,1173180,31943722,14749069,Rejected
3700,5,Graduate,Yes,2127124,26115977,4,332,14680904,17118136,6487251,8532657,Rejected
3701,3,Not Graduate,Yes,5870323,11074020,14,697,9791384,17824562,24291983,2531852,Approved
3702,4,Not Graduate,Yes,5530222,20458813,4,824,19761944,7634322,31568318,2233547,Rejected
3703,4,Graduate,Yes,6505863,19454262,6,323,28268578,508186,655582,3230510,Rejected
3704,0,Not Graduate,No,521345,13903510,18,624,4724822,2891582,19477205,2396308,Rejected
3705,0,Graduate,Yes,1066525,20687220,8,333,19624879,8503227,33733268,5049518,Rejected
3706,4,Not Graduate,No,647564,19171351,10,546,16695243,17735228,31502929,12832508,Rejected
3707,1,Graduate,Yes,4477404,1704313,18,318,330096,5360854,10431736,8002590,Rejected
3708,4,Not Graduate,No,6307941,15131541,14,329,20994168,17070461,24545493,548376,Rejected
3709,5,Not Graduate,No,9860243,28694478,16,348,7820093,7076908,31855861,1187766,Rejected
3710,4,Graduate,No,9887580,12120116,6,479,6851214,4458330,6199424,892278,Rejected
3711,2,Not Graduate,Yes,6217649,14538163,8,669,12015896,3315755,6791170,13055206,Approved
3712,2,Graduate,Yes,7490985,609590,14,694,8172418,18934333,9223155,2861324,Approved
3713,2,Graduate,Yes,228004,1702243,8,889,15986756,4414170,16275584,4889535,Approved
3714,1,Graduate,No,1006903,11672116,4,795,20750939,10181966,23121750,6246523,Approved
3715,1,Graduate,Yes,724252,15728308,20,730,4252268,2269784,3918461,11338257,Approved
3716,4,Graduate,Yes,3536967,29050784,12,506,15021751,2652783,33065973,7575871,Rejected
3717,2,Not Graduate,Yes,9065652,9271342,18,334,20023481,870375,20025996,6912448,Rejected
3718,1,Not Graduate,Yes,1594689,16635056,4,882,7029977,8503762,2985190,10476716,Approved
3719,0,Not Graduate,No,1228464,21595858,2,712,7516584,16912177,3904851,8638483,Approved
3720,4,Graduate,No,5976634,1950170,16,663,8786205,3633448,9262198,6664571,Rejected
3721,5,Not Graduate,Yes,7762161,7751922,2,609,3247708,285160,4629236,14756904,Approved
3722,3,Not Graduate,Yes,7380096,15448529,2,578,2006450,13313019,13763726,9526877,Rejected
3723,4,Not Graduate,Yes,346539,23598529,6,451,25430203,3955713,6527859,14466904,Rejected
3724,3,Not Graduate,No,3312211,15827877,10,526,22209062,15233684,2003598,3204253,Rejected
3725,2,Not Graduate,Yes,3945971,1684492,18,542,3945932,8245901,35174642,7357519,Rejected
3726,3,Graduate,No,5081178,10758864,20,309,29881119,14662862,21450853,14342626,Rejected
3727,2,Graduate,No,4941242,26772645,4,691,19691588,18485588,26030079,5931649,Rejected
3728,0,Not Graduate,Yes,7993067,10886420,2,347,25985967,2245311,16855968,12673471,Rejected
3729,3,Graduate,Yes,2956241,29809429,2,503,8743043,15522198,28046461,13008542,Rejected
3730,4,Graduate,Yes,4949943,9931876,16,456,25307812,19865905,36146333,12747752,Rejected
3731,2,Not Graduate,No,5767768,29579686,20,325,21520188,5479892,21914476,12237832,Rejected
3732,4,Not Graduate,No,5074010,15068448,20,720,10192595,2352891,23015499,6958735,Approved
3733,1,Graduate,Yes,7398086,8992812,20,563,911250,9875147,15819497,9168416,Rejected
3734,2,Not Graduate,No,1370025,19378506,4,828,1543478,6398825,8181144,6618200,Rejected
3735,3,Graduate,Yes,9348382,28918458,18,887,20959653,18908717,36264170,10354704,Approved
3736,2,Graduate,Yes,2231722,9339238,18,769,12640323,17353988,36236625,10851081,Approved
3737,4,Not Graduate,No,7797603,22849058,4,553,28665432,17876629,25655051,4441060,Rejected
3738,0,Graduate,No,4831813,8762841,6,845,19375680,9706859,19152944,9558919,Approved
3739,2,Graduate,No,9305304,17434104,4,446,16985552,6305281,18859675,8493708,Approved
3740,3,Graduate,No,9396702,4471552,12,625,28354632,3078684,34140055,10294644,Approved
3741,1,Not Graduate,Yes,3876424,14526087,14,637,23867119,8814140,31860957,11260388,Approved
3742,5,Not Graduate,Yes,463369,19839152,12,417,6777174,12171718,34183092,2764131,Rejected
3743,0,Not Graduate,Yes,9518308,4184396,6,464,11343114,17476799,23336512,1887128,Approved
3744,1,Not Graduate,No,6954458,8836717,6,849,7818553,3366752,15550496,7781340,Approved
3745,2,Graduate,Yes,1790143,25653508,4,497,12618092,5401952,34332389,5480359,Approved
3746,4,Not Graduate,No,7650433,19792215,4,673,6677267,4114730,35138007,12143992,Approved
3747,4,Not Graduate,No,9360276,10004053,10,877,694399,14978507,9631669,6415510,Approved
3748,3,Not Graduate,No,1752151,20004726,16,891,623931,14042949,4342252,2630566,Approved
3749,4,Not Graduate,Yes,6321716,29455258,12,863,26925180,10714934,27448537,6286916,Approved
3750,0,Graduate,No,369259,11706231,18,428,21722808,6111262,26823115,6652233,Rejected
3751,4,Graduate,No,2544297,24035004,10,713,23839669,8583499,7263320,11023423,Approved
3752,3,Graduate,No,2607777,14489349,20,679,14206586,6764489,2012503,14601531,Approved
3753,5,Not Graduate,No,7175291,20491989,8,300,25882588,15069095,6350686,6289125,Approved
3754,2,Not Graduate,No,9681736,17984442,18,466,16976157,11648410,21923988,12037001,Rejected
3755,2,Graduate,No,399041,12610821,20,315,23490565,15101311,9531846,5757653,Approved
3756,4,Not Graduate,No,5650486,1616660,10,411,29207475,1720562,33351462,816969,Approved
3757,1,Not Graduate,No,8567415,26315015,2,667,9328140,19421958,34120057,4714179,Approved
3758,2,Graduate,No,6197845,9189580,10,401,17000785,12236387,7074390,4464190,Rejected
3759,5,Graduate,No,3083309,28227345,10,893,1030135,8492420,17675922,9707104,Approved
3760,4,Not Graduate,No,9318454,29458934,10,705,2677838,7215047,27085303,12908450,Approved
3761,3,Not Graduate,No,8663082,4017342,4,806,12316878,6519483,30854872,2928538,Approved
3762,5,Not Graduate,Yes,6778768,25788739,12,339,14788967,18865620,17375379,7102124,Rejected
3763,4,Graduate,Yes,8096419,3549808,10,847,6222034,12711319,16901593,8872254,Approved
3764,5,Graduate,No,2013318,10955716,4,680,24537174,6134278,8401944,14852284,Approved
3765,2,Graduate,No,4972832,15811426,20,815,14857325,3570258,29326309,4198104,Approved
3766,3,Graduate,No,4186752,29017622,16,796,20886982,2043230,11601519,10464064,Approved
3767,4,Not Graduate,Yes,2033610,13793188,12,580,16651181,10090778,21718818,7407700,Rejected
3768,0,Graduate,Yes,5544491,25273933,20,650,12764516,10118779,22928575,13517225,Approved
3769,3,Graduate,Yes,6872121,2220910,6,633,9204404,13944979,6029473,6535646,Approved
3770,0,Not Graduate,No,4263627,5038291,18,823,12670766,5800005,30342963,8731112,Approved
3771,5,Not Graduate,No,9296637,21966544,8,582,16502167,16523211,28646546,9567072,Rejected
3772,1,Not Graduate,No,2963357,21609125,6,618,2932736,878193,21653169,194827,Approved
3773,3,Graduate,No,6134299,21022746,14,713,24661104,16258562,29976533,6701060,Approved
3774,5,Not Graduate,Yes,9655578,300073,16,893,18040947,15845609,11290218,4268544,Approved
3775,0,Not Graduate,No,7717010,26828309,14,313,27493536,11377318,20567554,11746209,Rejected
3776,2,Graduate,Yes,1416953,19943295,2,355,18422895,4098683,7801477,2648333,Approved
3777,2,Graduate,Yes,3104936,17951414,2,702,29620748,15684419,14314347,1714458,Approved
3778,1,Not Graduate,No,1728474,11094671,10,641,21280241,1123614,23027804,5894756,Approved
3779,3,Graduate,Yes,9458011,17408304,16,498,6376489,11473513,38445054,3231337,Rejected
3780,3,Not Graduate,Yes,9807642,10307341,20,591,13531702,9835813,10792259,594195,Rejected
3781,3,Not Graduate,Yes,7465584,7999859,6,740,6741425,14702048,17151772,1990021,Approved
3782,5,Graduate,Yes,9038889,12916171,16,377,2346384,10219653,28485323,11800516,Rejected
3783,1,Not Graduate,No,9495252,15438024,6,411,29297369,7622663,2900705,4779041,Rejected
3784,3,Graduate,No,4873024,29400110,8,834,25705245,10571486,26437707,7345544,Approved
3785,5,Graduate,Yes,3354267,1758027,20,674,17355277,5602823,905593,12478940,Approved
3786,2,Graduate,No,4185977,24464013,14,415,19273364,14198069,12864316,6295433,Rejected
3787,0,Not Graduate,Yes,3656979,29096281,6,441,29767293,8548892,11110083,7758791,Rejected
3788,5,Graduate,No,9998983,1900917,8,496,18818156,16530034,2127867,10873016,Rejected
3789,2,Graduate,No,9169028,378833,16,839,20029139,12205549,30907303,1764378,Approved
3790,2,Not Graduate,No,4499798,17745107,8,598,3663230,9749537,22372589,2213189,Rejected
3791,0,Not Graduate,No,8384477,2235621,18,375,19925453,13036629,30961565,12429764,Rejected
3792,2,Not Graduate,No,3397526,28900707,8,829,9614858,6680276,23432650,1883796,Approved
3793,1,Not Graduate,Yes,5862110,5999198,8,399,27881388,17554547,30481065,12890993,Rejected
3794,0,Graduate,No,1518154,28666457,10,778,22408959,16844072,21685801,10346682,Approved
3795,2,Graduate,Yes,1016460,4021046,2,767,28247984,1392243,4219671,6744563,Approved
3796,4,Graduate,Yes,6253643,6366283,14,591,7226338,19074675,30048303,9924433,Rejected
3797,5,Not Graduate,No,2764660,7237900,18,424,8246492,9418084,17902905,1713729,Approved
3798,2,Not Graduate,Yes,7531426,26374421,18,818,18466272,3603270,5854772,14698699,Approved
3799,1,Graduate,No,5620278,1630732,2,322,24825172,12097954,4441817,4944615,Rejected
3800,3,Not Graduate,Yes,5411536,14961918,12,461,22191908,8172879,8762056,13870627,Approved
3801,2,Not Graduate,Yes,8867355,8957343,6,805,25386744,12238823,26957117,14386331,Approved
3802,3,Graduate,No,4436901,16060619,8,320,8429900,17062299,34757391,6003581,Rejected
3803,4,Graduate,No,8258630,8416851,16,763,24936919,4536186,22365098,1038931,Approved
3804,2,Not Graduate,No,1070670,1697506,8,782,26375844,6648356,3345886,5292502,Approved
3805,0,Not Graduate,No,4830239,9878331,16,801,4982788,3888386,25401510,11827075,Approved
3806,3,Not Graduate,Yes,6190026,20670946,8,608,15055862,467548,27895258,2747880,Approved
3807,4,Graduate,No,1552471,2721645,18,895,15828843,5155172,8858027,2802603,Approved
3808,0,Graduate,Yes,8452926,9367985,12,852,13358401,5778842,36356250,7151149,Rejected
3809,0,Graduate,Yes,3625565,28423994,2,502,8080604,15056159,30220507,1865629,Rejected
3810,0,Graduate,Yes,8022789,20901202,20,715,23937135,7732271,2018791,8839490,Approved
3811,0,Graduate,Yes,3514497,22867100,4,441,2885776,10357500,2862139,4112037,Rejected
3812,2,Not Graduate,Yes,6851469,21994715,14,406,20953437,1812013,22277786,7900878,Rejected
3813,5,Not Graduate,Yes,7866001,10572521,20,828,13072868,14679257,23679522,14242870,Approved
3814,2,Not Graduate,No,5835499,23450320,14,836,23348958,8588839,15144767,9449699,Approved
3815,2,Graduate,Yes,2080414,5800366,6,875,6322062,2965107,18804788,10413981,Approved
3816,4,Graduate,Yes,8826686,5438578,2,590,24406203,12078170,35929868,8623200,Rejected
3817,4,Graduate,Yes,3585868,8200424,16,610,21518181,17616953,15245617,11273256,Rejected
3818,5,Not Graduate,No,4013209,10512739,20,684,18651564,150025,18659471,5002518,Approved
3819,4,Graduate,No,3085201,5250606,20,352,29660861,17468159,16705432,12873049,Rejected
3820,1,Graduate,Yes,243016,21776210,14,884,23679289,19094332,39244173,6803663,Approved
3821,5,Not Graduate,No,1534996,19061455,20,482,19897200,2822626,37971804,3947358,Rejected
3822,4,Graduate,Yes,6198127,16038631,16,668,14121694,16519534,29500967,4728744,Approved
3823,5,Not Graduate,No,9823991,21808912,2,312,14435816,15554364,39854802,12520779,Rejected
3824,2,Graduate,Yes,3898538,15870356,6,858,10234584,11750806,18102856,2964685,Approved
3825,2,Graduate,No,5892183,24422944,4,459,2518495,10571269,22953886,815918,Rejected
3826,5,Not Graduate,No,5846049,23346726,2,583,3040623,3654890,18640296,9883541,Approved
3827,1,Not Graduate,No,226567,5501396,10,864,15643728,13491486,6236013,6894455,Approved
3828,1,Not Graduate,Yes,3799467,8382270,6,586,19600339,10464378,37376170,8802639,Rejected
3829,5,Not Graduate,Yes,9699892,24914353,20,307,26889438,14018717,8584476,8390119,Rejected
3830,4,Not Graduate,Yes,4941152,27397547,16,371,10765612,3164172,33185452,10924155,Rejected
3831,3,Not Graduate,No,3995788,4517327,12,397,5500156,9505333,11495895,7031369,Rejected
3832,1,Graduate,No,9049973,27194112,20,386,26727178,18471783,25251704,5114381,Rejected
3833,0,Graduate,Yes,2793103,23908250,18,400,3139084,9283348,21428831,6172976,Rejected
3834,2,Not Graduate,No,5729520,19543694,18,580,25522423,6241900,32834564,6203586,Rejected
3835,5,Graduate,Yes,6181541,27331750,12,588,21093017,1093442,21018463,9663267,Rejected
3836,0,Not Graduate,Yes,2388409,8037115,4,495,16094156,4653733,9360997,4785615,Rejected
3837,5,Graduate,Yes,5446395,7223056,18,690,18538763,4837993,31666880,2758701,Rejected
3838,2,Not Graduate,Yes,728742,17610658,4,749,8243917,13213234,2441272,10826906,Approved
3839,2,Graduate,No,4631449,11702026,6,667,12271340,1616075,36156470,1508152,Approved
3840,1,Graduate,No,222873,26257630,12,729,7754104,4590524,30388187,14491287,Rejected
3841,1,Graduate,No,9913055,13583397,4,395,15600456,14400554,32340135,13755853,Rejected
3842,0,Graduate,Yes,6091732,20558462,10,560,3262925,3220250,18757680,3355855,Rejected
3843,5,Graduate,No,4622801,13552645,4,811,12782368,15433918,27023230,8441671,Approved
3844,2,Not Graduate,Yes,5035805,14917038,8,420,21257576,16606673,15920856,12469585,Rejected
3845,0,Not Graduate,Yes,905339,10390374,6,665,4951547,4797818,33621354,4224422,Approved
3846,3,Not Graduate,Yes,8089785,461949,10,631,21350315,12465580,39684957,2448638,Approved
3847,0,Graduate,Yes,9822156,22627824,12,351,9491703,9148311,23221802,8117723,Rejected
3848,4,Not Graduate,Yes,7001693,28218518,14,695,22216077,7182637,33656034,2877317,Approved
3849,0,Graduate,Yes,5401774,26391093,20,617,13973736,11472845,11340999,7862622,Approved
3850,4,Graduate,No,443761,8348892,16,576,7708738,9951403,13762759,14142515,Rejected
3851,4,Graduate,No,9578829,28955415,18,896,28877317,13964792,25005976,14360367,Rejected
3852,4,Not Graduate,No,7314070,16542940,8,493,23690754,5286659,27184727,5850677,Approved
3853,3,Graduate,No,635485,19276756,8,320,25598681,9588751,20029186,14929219,Rejected
3854,0,Not Graduate,Yes,6833381,9814290,14,698,18732693,12460873,6262075,5127346,Approved
3855,0,Not Graduate,Yes,5449337,29692026,20,501,13912095,3329903,26153673,7583265,Rejected
3856,3,Graduate,No,6370205,24998087,20,765,22574612,1986522,11687058,9158371,Approved
3857,2,Graduate,No,7376185,6754295,18,450,18305474,5246127,17242189,8745625,Rejected
3858,1,Not Graduate,No,6201827,23941395,4,458,3342493,4849604,19129142,10702593,Rejected
3859,0,Not Graduate,No,4554657,6639399,12,609,17365069,16147330,26754745,14509734,Approved
3860,1,Not Graduate,No,2722189,18016180,20,803,14611443,7273744,27178882,6201806,Approved
3861,5,Not Graduate,No,7250585,14483068,20,325,14868705,1318660,9191507,7886672,Rejected
3862,5,Not Graduate,No,1142151,29439434,16,365,17097291,15312105,2345869,1960813,Rejected
3863,3,Not Graduate,No,6471245,177332,10,562,14338745,302891,18788685,13825994,Rejected
3864,5,Graduate,Yes,676015,29353506,10,771,2477513,13427104,37454648,2952639,Rejected
3865,5,Not Graduate,Yes,1076611,2166462,16,466,19071212,12058358,22315357,4019760,Rejected
3866,2,Not Graduate,Yes,8925696,5003158,2,453,3385789,15446466,28079473,12693380,Rejected
3867,2,Not Graduate,Yes,7629174,15693882,12,642,22812691,14382879,13101679,4829727,Approved
3868,2,Not Graduate,No,6275770,7747213,20,712,24826431,6500631,24046255,11036950,Approved
3869,5,Graduate,Yes,3627495,9274968,18,483,28089027,16322803,22229988,9758637,Rejected
3870,3,Graduate,No,7060184,17222400,12,493,21259442,2065058,38898298,5732080,Rejected
3871,4,Not Graduate,Yes,8408891,21756921,14,301,25787829,8214673,31545611,10911039,Rejected
3872,4,Not Graduate,No,4270936,19771515,8,514,3761632,3030082,35242648,3048283,Rejected
3873,1,Not Graduate,No,8944578,22535115,20,886,10304984,147558,19479734,7066971,Approved
3874,4,Graduate,Yes,6781060,15242186,2,782,281514,76085,23097034,908422,Approved
3875,4,Graduate,Yes,4608421,22968254,18,860,25601465,2887577,10791999,3712419,Approved
3876,2,Graduate,No,1986741,28806676,12,331,12313679,6696891,36503306,3923079,Rejected
3877,2,Graduate,No,8575065,26170464,6,314,12952242,13897340,14548534,13908605,Rejected
3878,5,Graduate,No,2172645,4462451,8,617,21472242,16806004,24020018,7912573,Approved
3879,1,Graduate,Yes,4351235,9732843,20,542,4280107,5672256,14447847,7983454,Rejected
3880,0,Not Graduate,Yes,5461789,25244353,12,316,25700066,6458081,7683505,1723328,Rejected
3881,1,Graduate,No,7811293,9259153,12,833,24397271,4871867,1441124,11194121,Approved
3882,1,Graduate,Yes,4644279,22189219,18,380,3079345,13494458,1534891,6297888,Approved
3883,3,Not Graduate,No,2915366,6880231,8,735,28011536,14603024,15749929,4950272,Rejected
3884,5,Graduate,Yes,637538,29636353,10,307,13729700,11343316,4951876,5255811,Rejected
3885,3,Not Graduate,Yes,2424615,26301816,10,586,292407,8753858,29454192,2185872,Rejected
3886,1,Graduate,Yes,1350112,24438894,6,485,10678893,18912027,29920127,14466271,Rejected
3887,1,Not Graduate,Yes,9395168,18079419,4,823,16949522,7188952,6422435,8375583,Approved
3888,1,Not Graduate,Yes,9889165,7844200,16,721,5090629,6617643,16141822,8885118,Approved
3889,4,Not Graduate,No,5933413,19698721,20,765,19130594,19353021,7904415,351684,Rejected
3890,3,Not Graduate,No,9375480,6858672,18,382,8578462,9113693,11669342,1789549,Rejected
3891,1,Not Graduate,Yes,3843003,25125337,20,866,21515493,18085925,34046201,5161445,Approved
3892,2,Graduate,No,7690651,11701022,18,782,24933995,12708321,25872935,12312102,Approved
3893,5,Graduate,No,8145982,15679337,10,624,27534803,1649049,11280191,6091063,Approved
3894,5,Not Graduate,Yes,9349024,9045160,18,718,14662506,9811509,28013299,8573713,Approved
3895,2,Not Graduate,No,1248581,26551230,8,350,18350366,18479500,5277520,10226843,Rejected
3896,5,Not Graduate,Yes,6298818,4735073,4,326,23387718,13173886,33660039,11681379,Rejected
3897,4,Graduate,No,7354474,2382583,6,844,27749978,18036701,31484130,7600854,Approved
3898,4,Not Graduate,No,5838702,996317,2,361,17504313,12742418,9645442,2987290,Rejected
3899,0,Not Graduate,No,1002914,10290866,10,470,15266272,19632169,5498868,10203810,Rejected
3900,0,Not Graduate,No,9840129,26455280,2,585,25813743,17322024,17008057,9495291,Rejected
3901,0,Not Graduate,No,6001116,15880970,2,416,23436623,7210470,23372982,9885750,Rejected
3902,5,Graduate,No,3697859,8789097,14,303,24998158,4470430,16778623,3893571,Rejected
3903,4,Not Graduate,No,6714329,22582929,4,365,12108244,16322379,26330081,802904,Rejected
3904,4,Not Graduate,Yes,4462911,14294998,16,359,17531688,9394357,7534790,11709718,Rejected
3905,4,Graduate,Yes,8414025,17983547,12,801,13219108,10715052,35517537,3586127,Approved
3906,2,Not Graduate,Yes,1538223,8235397,8,528,19654163,12840613,38751878,12769836,Rejected
3907,4,Not Graduate,Yes,3762709,11440399,18,399,23951847,15870669,11971661,11679452,Rejected
3908,2,Graduate,No,4478639,274811,20,418,23107420,18124642,7238318,14713205,Rejected
3909,0,Graduate,No,6854589,14958874,16,368,26900404,5604401,4073519,5166200,Rejected
3910,0,Graduate,No,9205908,23134353,20,520,22150528,19461527,8193687,7093142,Rejected
3911,5,Not Graduate,Yes,4272660,15671187,6,522,3194630,19004816,34253689,7771530,Rejected
3912,0,Not Graduate,Yes,5081083,7020881,6,803,24317706,19917969,14922343,10855991,Approved
3913,5,Graduate,Yes,4695590,20238560,8,510,3941598,10023209,12281391,5202506,Rejected
3914,1,Graduate,No,3417268,29350939,18,874,6798899,5474448,5021254,4801028,Approved
3915,1,Graduate,Yes,8233681,19859618,18,561,15253081,18391055,26225322,463891,Rejected
3916,3,Not Graduate,No,7879124,19335022,10,817,22794060,15834327,11190007,803776,Approved
3917,5,Not Graduate,Yes,2025779,22743635,18,547,19330613,19436595,6007619,13819117,Rejected
3918,3,Graduate,No,4529266,13643817,12,556,17368556,16580131,4650289,11176631,Rejected
3919,3,Not Graduate,Yes,6323688,11256500,16,362,2042502,8921194,15094966,9580597,Rejected
3920,1,Graduate,No,6748216,15060420,16,691,7668714,9108390,24059665,11613842,Approved
3921,5,Not Graduate,Yes,6435111,5633198,20,839,13420913,15735120,14206665,5165316,Approved
3922,1,Not Graduate,Yes,5265719,25265142,14,716,7465822,2863474,17887366,14746643,Approved
3923,3,Not Graduate,No,7241527,5742957,8,352,879933,18680617,4486987,8955290,Rejected
3924,5,Not Graduate,No,2343781,25894761,8,337,15262174,7406996,28651404,11453722,Rejected
3925,3,Graduate,Yes,6083947,17452823,12,607,9961344,15243843,6685478,4976502,Approved
3926,4,Not Graduate,No,4341042,10239272,18,352,25973730,875131,28240463,10516389,Rejected
3927,5,Not Graduate,Yes,1719546,19391947,14,751,15701593,13265949,34663412,5317170,Approved
3928,5,Graduate,No,2255408,9625030,10,760,8451227,18446520,30565613,7161323,Approved
3929,3,Not Graduate,Yes,1579233,10756132,10,785,22799968,8647968,1084498,4424697,Approved
3930,4,Graduate,No,3952778,4349112,16,436,14140611,5847513,35293834,14515260,Rejected
3931,2,Graduate,Yes,3505822,17800663,12,671,11058981,10630104,14249278,9051930,Approved
3932,1,Not Graduate,Yes,6167569,7651209,2,555,22944452,9580084,34071624,14084507,Rejected
3933,3,Not Graduate,Yes,6362043,2764056,2,694,24788732,3190159,14579294,12300255,Approved
3934,5,Graduate,No,3403669,16689401,18,336,8371946,1449648,26977513,11036205,Approved
3935,1,Graduate,Yes,3651345,21830623,16,446,9712019,16264151,12871799,13865968,Rejected
3936,1,Graduate,No,4390247,23325031,12,307,6844246,17816708,21191296,8216381,Rejected
3937,1,Not Graduate,No,7202414,23858003,2,550,5708140,12639734,36189057,14279654,Approved
3938,2,Graduate,No,7556072,25321976,4,870,20686954,6851433,37084347,249140,Approved
3939,0,Graduate,Yes,3415534,16919567,20,746,7226714,9362508,6595235,8141536,Rejected
3940,3,Graduate,No,1917222,28917483,6,562,29355333,7090525,9918401,8194565,Rejected
3941,0,Not Graduate,No,400211,14446888,20,738,28731666,12056635,12533923,5315235,Approved
3942,0,Graduate,No,5030668,17105193,6,558,3903544,4896198,35148822,12579149,Rejected
3943,0,Not Graduate,Yes,9261568,16572559,4,622,9946990,17246672,39103193,7793201,Approved
3944,1,Not Graduate,No,2295383,29520744,4,829,10351508,15904068,17006197,9461139,Approved
3945,4,Graduate,No,9378851,24984029,12,600,21071497,13253318,20150353,2814683,Rejected
3946,1,Not Graduate,No,6439267,7595001,14,784,21248320,15197126,9334820,9757388,Approved
3947,1,Graduate,No,1067481,12591994,8,391,6141100,11129741,34909290,3334375,Rejected
3948,5,Not Graduate,Yes,4596054,20517595,2,463,15131589,19112206,1200460,5270782,Rejected
3949,5,Not Graduate,Yes,1468430,3891838,12,634,17605268,15242340,28780226,8046782,Approved
3950,0,Graduate,No,9335011,15979826,14,614,25116249,12707203,34587667,6343055,Approved
3951,1,Graduate,No,3241370,4051210,8,537,4058675,2935763,26880490,13176543,Rejected
3952,0,Graduate,No,5105349,5589189,12,382,29077899,560180,27083425,12643438,Rejected
3953,5,Not Graduate,No,5778086,19257637,18,408,9222064,17199944,827605,1203427,Rejected
3954,4,Not Graduate,Yes,9419892,27850286,8,477,25583642,13821725,6671591,10635458,Rejected
3955,3,Graduate,Yes,2802021,6835068,20,549,1872145,3281899,9027870,6078362,Rejected
3956,0,Graduate,Yes,2917370,16004558,8,866,8798519,6278357,1586422,3267073,Approved
3957,4,Not Graduate,Yes,8850353,21485132,20,390,14895801,8484455,20300014,14733469,Rejected
3958,3,Not Graduate,No,6163523,10940565,10,638,28614983,12788072,30476495,12618947,Approved
3959,2,Not Graduate,No,7894852,2978596,6,468,8474815,19869035,2052588,2891864,Rejected
3960,0,Graduate,Yes,1946659,19491309,20,438,25567612,11625181,27029014,9332837,Rejected
3961,0,Not Graduate,Yes,4047852,17489620,4,816,16840045,1257460,12004606,14831907,Rejected
3962,2,Graduate,No,5140952,8607841,18,877,9000516,13101891,13044252,2187728,Approved
3963,2,Not Graduate,No,7498716,27270877,2,483,29236725,15892806,1025056,2731389,Rejected
3964,0,Not Graduate,No,7246305,28828342,10,469,25068801,1706056,7574208,14555462,Approved
3965,2,Graduate,No,8772823,16705227,10,661,24651899,3950310,30362946,2406321,Approved
3966,1,Graduate,No,8520442,29327827,16,543,13084184,14987596,7227991,2098907,Rejected
3967,3,Graduate,Yes,3356390,8502477,12,437,4001438,12543132,20411822,14609449,Rejected
3968,3,Not Graduate,Yes,3112166,13142322,12,327,25484123,10799020,5573892,14118672,Rejected
3969,3,Not Graduate,No,6090681,17463671,12,818,2696408,9276125,6810147,1278844,Rejected
3970,1,Not Graduate,No,7713317,16540147,8,697,16848138,8424281,29173389,14237110,Approved
3971,2,Graduate,Yes,6305183,1392334,2,632,11335257,9052258,31669107,5037795,Approved
3972,4,Not Graduate,No,1060513,20197843,6,616,3332277,17885915,11979573,6999002,Rejected
3973,2,Graduate,Yes,7383671,16497335,20,862,9965913,12827548,24434026,3336306,Approved
3974,0,Graduate,Yes,4628935,10837296,12,725,28893711,9949125,981133,12034553,Approved
3975,5,Graduate,Yes,5567578,29261560,10,435,20309748,7005660,28236986,6352806,Rejected
3976,3,Not Graduate,Yes,6660358,27908941,20,566,22122735,18412984,525993,11904428,Approved
3977,2,Not Graduate,No,1259288,21492959,2,406,9099752,17497281,8337805,6226722,Approved
3978,4,Graduate,No,5786551,8911638,10,859,14714604,2200950,29348164,7524423,Approved
3979,0,Not Graduate,Yes,6199566,10711422,4,437,20295710,19991189,21564501,1393578,Rejected
3980,1,Graduate,No,7010136,27839803,2,346,10703952,17984493,23237888,4974959,Rejected
3981,1,Graduate,No,4590741,11022161,8,667,10866712,10858862,3273298,13364083,Approved
3982,4,Not Graduate,No,7252710,15381146,12,305,22584144,6597786,7574096,4597970,Rejected
3983,0,Graduate,No,2593432,7405023,14,822,6259785,12803605,33737170,10234486,Approved
3984,3,Graduate,Yes,8442909,20098619,18,828,23453767,14973040,26876731,2650047,Approved
3985,2,Not Graduate,No,3099529,29240309,10,571,26271334,14703536,22437903,11270345,Rejected
3986,0,Graduate,Yes,9339169,14537434,16,365,2838349,4374226,21634243,10697110,Rejected
3987,1,Graduate,Yes,7881356,19554852,16,719,24414261,10601495,32430087,468549,Approved
3988,4,Graduate,No,1581173,8378453,18,638,27610865,18359587,26513336,1723746,Approved
3989,4,Graduate,Yes,3227880,10509387,6,797,23344820,3351914,7390403,11786131,Approved
3990,2,Graduate,No,1251628,25098313,6,768,14377298,3144969,26885228,2008423,Approved
3991,4,Graduate,No,2586568,29117031,18,630,26198673,7396405,12310235,7693829,Approved
3992,4,Graduate,Yes,5145868,17484828,14,430,21202989,4734571,29511578,13706520,Rejected
3993,0,Not Graduate,No,348388,13101189,8,829,7978985,19282633,23539963,11096711,Approved
3994,3,Not Graduate,Yes,7986637,6008187,2,737,2485672,1894089,4471821,12757997,Approved
3995,2,Graduate,Yes,4326564,10011480,14,542,25678897,3170725,20238077,12349415,Rejected
3996,0,Graduate,No,6105480,6739150,20,762,28082604,10395518,1924413,14741866,Approved
3997,3,Not Graduate,No,5277831,966763,12,649,28247450,3358169,16841730,5462793,Approved
3998,0,Not Graduate,No,5773798,11798040,6,316,23014832,16338649,15859278,14470553,Rejected
3999,5,Not Graduate,Yes,3126759,8639032,10,765,23927325,8082785,28611644,10829334,Approved
4000,0,Not Graduate,No,6885237,24503045,6,662,7591414,2436273,21776158,5211721,Approved
4001,4,Not Graduate,Yes,3301954,14978251,16,509,11390520,5247450,34004772,6406592,Rejected
4002,3,Graduate,Yes,7480054,4862347,10,824,10758229,15367740,36998496,5186286,Approved
4003,2,Not Graduate,No,3362103,23010824,20,719,21765039,3197332,33969162,14560068,Approved
4004,2,Not Graduate,No,9138606,5965522,20,432,18308023,2961965,13757330,13802989,Rejected
4005,3,Not Graduate,No,5173216,19308500,12,313,16582526,9350750,10531556,13930774,Rejected
4006,4,Graduate,Yes,7485599,924353,4,343,27282666,3565887,5903454,3202681,Rejected
4007,1,Graduate,No,7161990,21523739,16,676,1877302,11270615,32674837,735960,Approved
4008,0,Graduate,Yes,5812050,20497036,18,594,4867590,12364300,12878972,9468511,Rejected
4009,4,Graduate,No,2777697,7224556,6,695,23025820,15413272,32495831,7483999,Approved
4010,5,Graduate,No,7876465,7757351,12,403,20349941,16486148,1489054,11279195,Rejected
4011,3,Graduate,Yes,9020221,7755628,12,744,3348032,5964415,34856260,10605267,Approved
4012,0,Not Graduate,Yes,6432238,29659523,4,361,4706568,12772902,7342199,11211495,Rejected
4013,2,Graduate,No,3247725,408293,20,864,5655241,5518520,31670940,10424720,Approved
4014,1,Graduate,No,5528567,24462213,16,711,25181007,13295520,27894696,5010691,Approved
4015,5,Not Graduate,No,5910333,7193727,10,620,21261212,9936855,33509909,2360305,Approved
4016,2,Graduate,No,3777141,27883700,16,430,6120030,2848137,35065669,3100474,Rejected
4017,3,Not Graduate,No,8112954,14131723,16,498,22275053,1482937,3701274,10673882,Approved
4018,0,Not Graduate,Yes,1016473,26893200,6,335,22972667,11375896,38220628,12673970,Rejected
4019,3,Graduate,Yes,7416208,28866458,10,515,20011690,3175400,4234412,4001186,Rejected
4020,0,Not Graduate,Yes,6788847,14604070,14,885,14065463,10567241,37932665,9408454,Approved
4021,4,Not Graduate,Yes,1630264,15430393,10,605,5252956,15933967,24617110,12022753,Approved
4022,1,Not Graduate,No,6698450,11922670,12,866,28942943,14322875,38626039,4338664,Rejected
4023,4,Not Graduate,Yes,7272224,19473495,4,311,21055773,16158107,32473238,10858071,Rejected
4024,4,Graduate,Yes,2929974,10896329,16,382,4046706,14044107,22219008,14318629,Rejected
4025,3,Not Graduate,Yes,1535364,27997139,10,331,2453100,2085547,12509008,8999557,Rejected
4026,1,Graduate,No,4740272,10802949,12,707,9683712,14641337,1925529,9243579,Approved
4027,0,Not Graduate,Yes,4909226,25914376,2,385,2477524,13394494,8568623,9847631,Rejected
4028,0,Not Graduate,No,9510071,15152399,20,710,18923506,7940082,8467500,8732929,Approved
4029,5,Not Graduate,Yes,9422329,18105607,4,862,21333710,836908,17475958,14106620,Approved
4030,2,Graduate,No,9020939,12663983,8,555,25594323,15569204,28437019,14969442,Rejected
4031,5,Graduate,Yes,6789081,15252735,18,540,11015551,10724540,27073586,3665237,Rejected
4032,5,Graduate,No,2523729,4135876,12,751,28103278,18323249,7379020,12917679,Approved
4033,0,Not Graduate,Yes,1849961,17924913,16,300,14125784,15999513,29347533,9932939,Rejected
4034,3,Not Graduate,No,9397618,29661235,4,581,3061046,9985410,36024654,8066242,Rejected
4035,4,Not Graduate,No,5324595,26221005,20,898,9553114,16852518,20801744,14084618,Approved
4036,4,Not Graduate,Yes,4909075,15360673,10,813,25117156,3481792,12472174,9925878,Rejected
4037,4,Graduate,No,4535972,12010262,2,418,14860887,550050,1112852,3133245,Rejected
4038,1,Not Graduate,No,7373625,14889462,8,804,18882805,17461300,26910912,1816655,Approved
4039,0,Graduate,Yes,5723711,18246909,20,379,19337033,5911747,35105480,13468644,Rejected
4040,3,Not Graduate,Yes,4840353,22696798,2,518,8215345,12756757,18618485,592659,Rejected
4041,1,Graduate,No,1371116,17296034,18,816,2920934,5411272,17224078,4297895,Approved
4042,2,Graduate,Yes,7182805,9785933,4,765,21150400,3718869,29754882,4446474,Approved
4043,3,Not Graduate,Yes,5210919,2565254,14,817,5561506,19035630,33257522,8296714,Approved
4044,5,Not Graduate,Yes,3059453,14042382,6,801,29632955,6904860,21733407,8990993,Approved
4045,3,Graduate,No,9209264,1134416,4,357,13390752,8818346,9219398,1538130,Approved
4046,3,Not Graduate,No,1818755,14146464,8,636,25273117,6335945,29835686,4779177,Approved
4047,4,Not Graduate,No,3822456,18256392,14,809,24810078,19134881,6346310,14348731,Approved
4048,3,Graduate,No,2663208,18736309,14,725,3306256,16236702,18989953,8649283,Approved
4049,5,Graduate,No,7086806,4227196,18,859,21045710,3086933,609530,7968987,Approved
4050,5,Graduate,No,4204168,10870829,6,669,23586244,16385837,4127435,12494761,Approved
4051,0,Graduate,No,8984599,17669263,14,710,15937525,3985923,33889635,7776005,Approved
4052,3,Not Graduate,Yes,2181908,12457851,12,731,21231026,18407044,6729694,7111390,Approved
4053,4,Graduate,No,5198710,614004,20,495,10116141,15549093,2165222,11813508,Rejected
4054,3,Graduate,No,9193487,24590156,14,676,25545570,19451854,36413986,6254948,Approved
4055,2,Graduate,Yes,3598718,5804415,14,664,23340530,12486983,13482996,1630870,Approved
4056,2,Not Graduate,Yes,480759,23702565,20,704,1264608,18488011,35109825,8159703,Approved
4057,4,Graduate,Yes,2319990,19871893,10,791,6290873,18133443,25068723,841253,Approved
4058,0,Not Graduate,No,6083417,16896408,18,365,25823017,16680500,29334727,2092190,Rejected
4059,0,Graduate,Yes,4860296,24089507,14,690,25443820,2390950,18160284,7802749,Approved
4060,5,Graduate,No,8733216,18763554,14,382,1399242,18588536,28942123,5206578,Rejected
4061,5,Not Graduate,No,8524672,18154256,6,780,14728421,19552782,9859206,11980883,Approved
4062,1,Graduate,No,8725380,5654973,2,528,21361794,17113088,1368589,8178525,Rejected
4063,4,Graduate,Yes,5488171,17500737,10,524,10765960,10546014,20349903,4020511,Rejected
4064,3,Not Graduate,Yes,8409093,15880883,16,412,29544807,5703816,3063808,7713360,Rejected
4065,4,Graduate,No,6707419,11997046,10,484,7407322,17477782,16579305,448493,Rejected
4066,1,Graduate,No,5568492,26635162,20,811,2312610,19827891,15365994,8776234,Approved
4067,5,Graduate,No,6481102,29407367,6,472,231460,802713,24454002,3730637,Rejected
4068,4,Graduate,Yes,6909332,29598749,18,822,18527732,4508651,17533869,10235108,Approved
4069,4,Not Graduate,No,6533538,1004600,4,504,13882366,14099942,21750450,10601420,Rejected
4070,5,Graduate,Yes,2444482,27415470,6,837,12747245,4455441,19294988,835582,Approved
4071,1,Not Graduate,No,827901,8183365,8,618,21832196,8598752,1865750,8986123,Approved
4072,5,Graduate,Yes,3181899,17163318,20,458,7550962,16053222,33472098,1378521,Rejected
4073,0,Not Graduate,No,6586676,5843809,2,577,7963972,8282809,33556417,13231679,Approved
4074,3,Graduate,Yes,1788253,26422360,8,447,28678548,14017600,23924856,4030226,Rejected
4075,5,Not Graduate,Yes,883045,4257752,8,382,23939315,9521732,28170952,13438121,Rejected
4076,1,Graduate,Yes,4416101,13833966,18,718,27028577,7352013,17839806,5540396,Approved
4077,2,Not Graduate,Yes,8438439,25788243,16,837,13367320,10060461,15116141,2496526,Approved
4078,0,Not Graduate,Yes,7082076,5333643,4,882,28773982,17369796,10244868,9737875,Approved
4079,2,Graduate,Yes,9044731,21502274,14,848,9236518,19201354,26615758,11637676,Approved
4080,5,Not Graduate,No,2239282,10591593,12,691,3358848,14554015,39073587,1253827,Rejected
4081,0,Graduate,No,861944,17917613,14,432,13283796,2844466,15691647,656117,Rejected
4082,3,Graduate,No,9990326,12050938,8,541,24983313,2090692,16887552,14393887,Rejected
4083,5,Graduate,No,4850635,18173845,10,750,29848969,2380515,11402598,7152232,Approved
4084,3,Graduate,Yes,217903,19992221,12,499,18377125,12468934,37074084,7385906,Rejected
4085,4,Graduate,No,7300883,9636525,18,416,880166,14672196,11806424,10986131,Rejected
4086,2,Not Graduate,Yes,1861241,3972866,4,518,25243467,10622478,36475811,3108629,Rejected
4087,0,Graduate,Yes,8958164,27981504,18,604,22914737,8566605,24590762,11070101,Approved
4088,3,Graduate,Yes,9426262,3091539,20,542,5920650,7515031,1063667,14119718,Rejected
4089,1,Graduate,No,1601170,22538144,2,591,7779870,13774551,6429242,8921262,Rejected
4090,3,Graduate,Yes,7912254,11843265,8,600,6016316,7227938,2885828,12406256,Rejected
4091,1,Graduate,No,2885293,29630130,10,687,23286130,35723,29226003,8067533,Approved
4092,5,Graduate,No,6644861,23332151,18,887,15767480,9068755,15401934,3843949,Approved
4093,0,Not Graduate,No,6019610,11376265,12,508,5462494,10839597,37334811,2704264,Rejected
4094,3,Not Graduate,No,4808474,1952675,8,613,21549923,19774845,11174776,14240207,Approved
4095,3,Graduate,No,9122571,23577923,4,325,25717522,7258052,27410094,11224801,Rejected
4096,0,Not Graduate,Yes,2314336,24534489,10,378,14404927,5549815,10110257,4175469,Rejected
4097,3,Graduate,Yes,5228699,17929279,16,427,1031482,8796756,27404101,3608227,Rejected
4098,1,Graduate,No,3088851,7671592,16,712,15486162,1871919,13488791,2581410,Approved
4099,3,Graduate,Yes,4578023,24012806,12,436,9287745,2465244,15615603,11550058,Rejected
4100,2,Graduate,No,5439522,28145007,2,633,14571752,6657112,25058741,9078756,Rejected
4101,5,Graduate,Yes,5216761,6748561,16,847,28761063,2242611,14632210,9969302,Approved
4102,4,Not Graduate,Yes,2636901,2702562,8,687,24534004,1510933,32199659,5032188,Approved
4103,1,Not Graduate,Yes,7147797,10146579,4,870,16462093,10076770,33416712,11393467,Rejected
4104,2,Not Graduate,Yes,5068136,6499177,2,529,22980029,14197181,21620103,10899638,Rejected
4105,5,Not Graduate,Yes,8739016,27696151,14,720,26300284,6824896,5932319,2260413,Rejected
4106,0,Graduate,Yes,6123827,9883545,4,423,16887464,16217735,19210459,13108189,Rejected
4107,1,Not Graduate,Yes,4356094,9814109,8,387,26099244,11382767,16608256,11235574,Rejected
4108,4,Graduate,Yes,2250126,7217753,8,440,189169,5486965,24711676,11277010,Rejected
4109,5,Not Graduate,Yes,5431308,7972789,20,350,1767903,7191078,38041825,5031029,Rejected
4110,4,Not Graduate,Yes,6413397,17184527,2,866,20030405,9017873,36021561,14778847,Approved
4111,0,Not Graduate,Yes,2155599,20235754,4,704,28569622,16153704,18953567,9294538,Approved
4112,0,Not Graduate,Yes,6838111,1954936,2,636,11129918,1773201,37792285,3180538,Approved
4113,1,Graduate,Yes,4928257,20230537,12,665,9026306,7311695,4430847,13613785,Approved
4114,3,Not Graduate,No,7369165,10887503,6,557,2216285,19954399,5968985,13645530,Rejected
4115,0,Not Graduate,Yes,2715553,6801447,2,687,22996233,2847860,25120120,6713671,Approved
4116,5,Graduate,Yes,9729827,3574376,16,344,3006943,5571584,4933042,7978317,Rejected
4117,3,Graduate,Yes,8847991,13152046,8,568,3962473,498559,3812766,13250718,Rejected
4118,2,Not Graduate,Yes,376682,21142207,20,610,16380328,9585177,29202843,14103517,Approved
4119,4,Graduate,Yes,2216987,19394388,14,577,27397149,3248623,12150388,7832656,Rejected
4120,3,Graduate,Yes,3109419,12529890,20,774,5336574,8421883,33244965,8721427,Approved
4121,4,Graduate,No,8685061,21759139,4,866,17936971,4770356,6197586,4280174,Approved
4122,3,Not Graduate,No,778078,2978237,12,444,27202711,15649867,20607661,14804750,Rejected
4123,2,Graduate,No,8997057,5953452,12,534,7475527,18740492,23767975,5834422,Rejected
4124,0,Not Graduate,Yes,9165171,21156747,14,435,7708663,15894673,22254369,9993291,Rejected
4125,2,Not Graduate,Yes,2766436,25363380,2,744,27902024,14180242,19560472,437835,Approved
4126,0,Not Graduate,Yes,6318313,4862152,2,652,28801296,408978,27574517,6928818,Approved
4127,0,Not Graduate,No,4022379,25555224,4,693,16969191,674290,13128827,7458123,Approved
4128,4,Graduate,Yes,3650320,24747661,4,574,3862481,8196655,24464066,1913514,Rejected
4129,5,Not Graduate,Yes,3245236,14260146,10,683,22847283,18451958,10144225,14524635,Rejected
4130,2,Graduate,No,5010277,4408783,2,622,25227760,8604880,34538071,11673157,Approved
4131,3,Not Graduate,No,8337083,11691765,4,482,15071611,3063634,18081027,7984519,Rejected
4132,2,Graduate,Yes,6232861,1020638,12,872,15503461,4764847,30194673,6613386,Approved
4133,4,Not Graduate,Yes,2752387,18692147,6,739,6507081,311806,8967754,6850722,Approved
4134,0,Graduate,Yes,3836402,2764639,8,362,101755,7035438,12648040,13655855,Rejected
4135,4,Not Graduate,Yes,693496,4895684,2,333,18578580,12632408,3853051,1544831,Rejected
4136,1,Not Graduate,No,1719493,17264285,10,776,16520158,15045691,15313767,8232325,Approved
4137,1,Graduate,Yes,9857356,18732337,8,386,27434328,6780670,39426452,558248,Rejected
4138,3,Not Graduate,Yes,4364026,818954,16,509,17353568,11311332,37476134,2773448,Rejected
4139,4,Not Graduate,No,3914779,22740486,6,761,3671560,14135442,1704244,9490373,Approved
4140,3,Not Graduate,Yes,1400413,15044877,20,380,24595283,19246377,7934788,14051300,Rejected
4141,3,Graduate,Yes,1031219,27543475,2,621,3444226,19561804,10281167,13639520,Approved
4142,1,Not Graduate,No,2155683,8963441,20,714,4108919,15180174,37940573,6296514,Approved
4143,3,Not Graduate,No,5450305,15178997,10,489,27999397,5002939,23691757,6513950,Rejected
4144,1,Graduate,Yes,8863609,12498586,2,532,15198246,14201418,11420566,3150914,Rejected
4145,0,Graduate,No,5626723,4210891,10,691,4005892,7728822,14485970,12406891,Rejected
4146,4,Graduate,No,5798023,23145201,18,468,27533532,6038798,38856042,4587139,Rejected
4147,3,Graduate,Yes,6008625,23888607,10,742,1863791,3398388,25059905,6874740,Approved
4148,1,Graduate,No,5129405,6995481,4,467,28337922,2898265,33663820,7150287,Rejected
4149,2,Not Graduate,Yes,4924044,27248193,4,530,14405427,8967686,7707560,2483111,Rejected
4150,3,Not Graduate,Yes,4505457,13755894,20,449,4282585,9776565,31564271,10277788,Rejected
4151,5,Not Graduate,Yes,6268174,20538848,18,849,25409910,12609523,15843887,3075258,Rejected
4152,0,Graduate,Yes,6683999,327894,10,685,6564489,9180563,37471780,11722107,Approved
4153,0,Not Graduate,No,3283873,1161449,16,680,9462613,3453665,6534298,14758717,Approved
4154,2,Graduate,Yes,1529020,10711572,20,574,2387138,14272241,27280689,4520502,Rejected
4155,1,Graduate,Yes,8467102,3065632,8,361,13064142,15884667,37515546,10559164,Rejected
4156,3,Not Graduate,Yes,600717,29423519,4,766,24777933,13350067,23051187,7264441,Approved
4157,1,Graduate,Yes,3347573,27910725,8,827,13018358,3450493,37251606,10792309,Approved
4158,0,Graduate,No,9756526,10999686,8,449,13147811,14896114,11512509,614190,Rejected
4159,1,Not Graduate,No,7317069,22074512,18,441,26689961,6382874,21005919,751890,Rejected
4160,0,Graduate,No,6941935,12696360,20,415,6635274,17645245,29472585,8907240,Rejected
4161,1,Graduate,Yes,9350262,14270974,12,364,19152618,6033722,27184106,14602105,Rejected
4162,2,Not Graduate,No,6206172,11183206,20,728,2198215,9507855,10901460,4929776,Approved
4163,4,Graduate,No,1196270,8988208,12,609,12101918,7599566,29936084,11315560,Rejected
4164,2,Graduate,Yes,8258430,12095490,10,729,21049686,8199948,3370567,13248226,Approved
4165,2,Not Graduate,No,3593416,26234127,12,460,15182614,8364100,30365615,10968879,Rejected
4166,4,Not Graduate,Yes,2855844,27333764,2,605,7515880,4333978,2364572,10591020,Approved
4167,4,Not Graduate,No,1795428,28636627,10,660,8655723,2890816,33861980,8109049,Approved
4168,3,Not Graduate,No,1174939,7089823,12,577,2525808,8576925,26007024,12544112,Rejected
4169,3,Graduate,No,5538139,12748382,16,595,3880703,16019165,30597573,9377535,Rejected
4170,2,Graduate,No,4834995,1693603,8,850,18052022,1936655,37595281,12366613,Approved
4171,2,Not Graduate,Yes,7557247,25087734,10,468,2700078,18991542,21916944,1670621,Rejected
4172,0,Graduate,Yes,4128408,18246122,8,758,27099922,18688529,24810414,3982680,Approved
4173,0,Graduate,No,6562530,2223699,14,879,6075515,12901081,26959196,12835267,Approved
4174,3,Not Graduate,Yes,9527811,2020831,20,306,13342341,1215031,25561638,887899,Rejected
4175,5,Not Graduate,No,7421414,15935527,12,896,2458404,12850696,26909083,842132,Approved
4176,5,Graduate,No,1952153,19681159,8,431,27228999,18190224,36419389,1285749,Rejected
4177,3,Not Graduate,No,6598215,17820196,12,887,1144369,5722906,15672515,13673499,Rejected
4178,0,Not Graduate,No,2056719,23902443,8,646,13353876,17363748,26718238,6234037,Approved
4179,0,Not Graduate,No,1656851,17674334,16,895,19940974,9437122,15161488,10991624,Rejected
4180,5,Graduate,No,6015566,12831520,6,552,3809186,16731045,37865898,920593,Rejected
4181,1,Not Graduate,Yes,5608249,22416302,16,709,12859085,1758023,17154202,5838093,Approved
4182,1,Graduate,Yes,9742143,27149048,4,842,26904569,16546987,13543653,12531571,Approved
4183,0,Graduate,No,7779349,25159793,12,654,578078,17345146,35178121,13818786,Rejected
4184,1,Graduate,Yes,4027573,7733829,16,863,17779412,11197731,16182972,10079555,Approved
4185,4,Not Graduate,No,5764991,20568905,2,667,15969075,16120798,15424635,12045056,Approved
4186,3,Not Graduate,Yes,2132811,10727199,12,883,29318324,13547305,11281788,6036337,Approved
4187,3,Not Graduate,Yes,5572625,11653965,18,810,6465416,8167679,11895205,5131459,Approved
4188,0,Not Graduate,Yes,4448887,9133652,20,832,23180662,7401077,20134994,11057577,Approved
4189,2,Not Graduate,No,1896941,24853177,20,827,14722576,354738,14193945,9454851,Approved
4190,5,Graduate,Yes,644846,5300444,4,827,22214354,13746865,13503208,5556600,Approved
4191,0,Graduate,No,1359935,4759710,2,701,27866595,12788019,21760121,9155664,Approved
4192,1,Graduate,No,5066148,10872967,4,474,8795411,4134899,25293525,13158663,Approved
4193,5,Not Graduate,No,5022724,28693018,10,377,23725097,4022680,34325447,357416,Rejected
4194,2,Graduate,Yes,3404991,5034210,12,739,4309877,847727,5154247,5692282,Approved
4195,1,Graduate,Yes,9697848,4803157,2,848,25275378,6203478,1631626,12516503,Approved
4196,4,Not Graduate,Yes,5301210,13871801,14,531,329726,18218917,3860123,6977815,Rejected
4197,1,Not Graduate,No,3684840,17300210,8,699,29305788,9631746,2111262,2554264,Approved
4198,4,Graduate,No,6888064,3610251,18,512,2954820,473459,9822865,3299822,Rejected
4199,5,Graduate,Yes,6946929,8239115,12,492,7385613,2398849,7976196,8432211,Rejected
4200,4,Not Graduate,No,3121984,4975630,18,871,14997734,11267094,10252274,12602111,Approved
4201,5,Not Graduate,Yes,5337273,9284315,2,566,24037268,8745057,30907517,12463183,Rejected
4202,5,Not Graduate,Yes,7627925,5388486,8,425,28072133,15211165,29027304,6479707,Rejected
4203,5,Not Graduate,Yes,208981,16878874,4,681,16890231,18772288,20602759,13496468,Approved
4204,5,Graduate,Yes,3759976,2422723,12,843,24090910,15948142,8127562,10871307,Approved
4205,5,Graduate,No,6807691,9944648,8,801,4143335,18244000,2054229,13733910,Approved
4206,1,Not Graduate,Yes,307154,16246293,18,702,16936833,12757720,19135237,2303046,Approved
4207,5,Graduate,Yes,7826584,7589305,6,560,3195354,16909525,22243101,5566610,Rejected
4208,1,Graduate,Yes,1928177,23939180,2,686,6047832,19403599,15667822,2899621,Approved
4209,5,Not Graduate,Yes,8016186,29418947,2,711,16462969,18010781,13189817,4814245,Approved
4210,4,Graduate,Yes,9640841,18727223,18,645,14855259,18966660,16373757,10208025,Approved
4211,5,Graduate,Yes,3104814,22371871,18,393,14114235,3123252,14150268,6433934,Rejected
4212,2,Graduate,Yes,1136184,25534344,10,627,10537019,4608740,29754606,7740769,Approved
4213,5,Not Graduate,No,2906171,9851001,4,399,11536845,4635318,840521,5939464,Rejected
4214,5,Not Graduate,No,4341747,28152884,18,760,17651942,12087318,12869052,4730439,Approved
4215,4,Graduate,No,5057531,2704878,16,614,26529122,9647734,33852526,3811686,Approved
4216,3,Not Graduate,No,8273934,7269157,20,324,12820627,15106507,9080303,8509562,Rejected
4217,4,Not Graduate,Yes,5399895,24950602,20,793,13744757,7316105,22934617,5376221,Approved
4218,2,Not Graduate,No,3643737,28343358,12,652,22400598,18301047,11025781,4846011,Approved
4219,3,Graduate,No,922300,2819771,14,416,4786373,2282144,38466567,14475503,Rejected
4220,0,Graduate,No,2335021,28825383,12,498,29441812,14931804,11900638,5476174,Approved
4221,0,Not Graduate,Yes,7738009,11121212,10,578,11208077,7100753,23874000,9763155,Rejected
4222,2,Graduate,No,4892489,13508660,8,881,17398795,4210438,3592074,609198,Rejected
4223,4,Graduate,No,3446797,22844016,14,378,23252529,19451034,20054442,8582509,Rejected
4224,1,Graduate,Yes,5270447,26475031,8,723,14124907,15613769,2051461,7280859,Approved
4225,2,Graduate,No,3687258,13008024,20,653,11106302,106889,35932641,14372697,Approved
4226,3,Graduate,Yes,5468681,6007287,20,825,17070046,2509304,28612704,11659498,Approved
4227,3,Not Graduate,No,6475080,29898329,20,840,18289828,11744202,27947027,5944061,Approved
4228,5,Graduate,Yes,6806870,22323291,18,776,2253387,4914973,37021273,14963938,Approved
4229,0,Graduate,No,3810566,29335633,10,309,12980360,15469724,6082841,2767009,Rejected
4230,3,Graduate,No,968026,22596483,16,858,29744444,16891980,19114518,1266513,Approved
4231,2,Not Graduate,No,5126423,26818716,12,802,13281034,10092952,1604309,8515885,Approved
4232,3,Not Graduate,Yes,6507676,1807806,8,559,6885677,18468860,19758519,9903703,Rejected
4233,2,Not Graduate,No,8018835,11144142,6,823,21640665,7387529,18188334,3163772,Approved
4234,1,Graduate,Yes,595462,19291841,12,895,24358731,1762023,27733709,5690980,Approved
4235,5,Not Graduate,Yes,9919338,20687521,2,305,13303974,5625286,35506692,3827915,Rejected
4236,0,Not Graduate,Yes,9967686,22104073,4,334,794102,10622605,10611005,12389709,Rejected
4237,3,Not Graduate,Yes,348306,22465378,14,474,12539392,11374493,30241715,3950117,Rejected
4238,2,Not Graduate,No,9471230,14846205,8,741,23107226,6743847,23646672,12695079,Approved
4239,4,Graduate,No,3985811,14933479,10,876,7367261,8363147,12110935,8009670,Approved
4240,0,Not Graduate,No,4836971,20729126,20,446,6434783,10429403,24587095,8110982,Rejected
4241,1,Not Graduate,Yes,3206374,16330649,2,868,18066116,12457457,3332792,8254347,Approved
4242,2,Graduate,No,6616679,24145714,4,492,14553234,3607181,31970344,10017532,Rejected
4243,5,Graduate,Yes,722886,20448249,8,312,14980408,5099136,28767756,12094598,Rejected
4244,5,Not Graduate,Yes,799493,28231726,16,829,8273832,11145027,15062581,8715979,Approved
4245,1,Graduate,Yes,5443962,261101,20,545,18773334,13383185,23100219,7631034,Rejected
4246,1,Not Graduate,No,5847244,2800463,8,413,2587963,9790194,32372653,12115375,Rejected
4247,5,Graduate,No,5601446,14176028,6,532,6262056,9354203,23621053,6678151,Rejected
4248,3,Graduate,Yes,5255829,17715610,6,621,13468203,9534919,12051910,6349856,Approved
4249,3,Not Graduate,No,8567568,28786733,10,837,15239217,675219,12475864,6485644,Approved
4250,2,Graduate,No,4376213,22731985,6,425,639610,8831517,31465771,13964370,Rejected
4251,4,Not Graduate,Yes,4443041,569596,16,612,8186105,5128356,19222722,7698327,Approved
4252,2,Graduate,Yes,4040624,1233435,10,810,13087319,9922767,6902878,14718161,Approved
4253,4,Not Graduate,No,7984081,11680293,14,783,23074681,5888948,17565385,7663622,Approved
4254,1,Graduate,Yes,4986431,12503632,16,580,23576553,9913304,9289884,11460026,Rejected
4255,0,Graduate,Yes,8541353,4158518,10,582,948057,13402729,16917216,368496,Rejected
4256,2,Graduate,No,8676353,21901691,16,691,27341852,3354441,6630112,1773339,Approved
4257,2,Graduate,No,8714906,12983789,6,822,26894192,8806468,29014045,7813742,Approved
4258,4,Graduate,Yes,7109453,19544045,14,681,29373650,1054215,18195146,13139445,Approved
4259,1,Not Graduate,No,3977268,29620915,16,515,20080575,11761274,35339483,7759256,Rejected
4260,1,Graduate,Yes,5091447,24911724,14,841,13518583,17640800,2098355,1419314,Approved
4261,4,Not Graduate,Yes,5397535,13526266,4,415,22831754,10321920,3789718,13215675,Rejected
4262,1,Not Graduate,No,5904411,20472411,16,808,18433615,8677726,13230814,5071158,Approved
4263,5,Not Graduate,Yes,3785435,22050818,12,799,25632551,9955334,14292731,10715359,Approved
4264,3,Graduate,Yes,2517165,2214732,20,570,16863037,19970556,8944871,9363075,Rejected
4265,5,Not Graduate,Yes,999235,13060956,6,739,19763767,5660857,3183554,10561424,Approved
4266,0,Graduate,No,3526425,23562711,8,590,17438522,258775,4118088,11597638,Rejected
4267,2,Not Graduate,No,7371249,22379169,14,338,21255278,6826445,33462575,4914575,Rejected
4268,0,Not Graduate,No,7443520,323080,6,323,4188027,19681622,11069081,11802832,Approved
4269,2,Not Graduate,Yes,8603984,15573580,2,342,28863594,8665722,11644527,558426,Rejected
